ano,trimestre,categoria,tipo,instituicao,indice,reclamacoes_procedentes,reclamacoes_total,total_clientes
2017,2º,Menos de quatro milhões de clientes,Conglomerado,ABC-BRASIL (conglomerado),,0.0,2.0,15602.0
2017,2º,Menos de quatro milhões de clientes,Conglomerado,AGIPLAN (conglomerado),130.84,47.0,169.0,359217.0
2017,2º,Menos de quatro milhões de clientes,Banco/financeira,"AGORACRED S/A SOCIEDADE DE CRÉDITO, FINANCIAMENTO E INVESTIMENTO",,1.0,2.0,186769.0
2017,2º,Menos de quatro milhões de clientes,Conglomerado,ALFA (conglomerado),50.99,24.0,89.0,470652.0
2017,2º,Menos de quatro milhões de clientes,Banco/financeira,"AVISTA S.A. CRÉDITO, FINANCIAMENTO E INVESTIMENTO",,0.0,4.0,181479.0
2017,2º,Menos de quatro milhões de clientes,Banco/financeira,BANCO A.J. RENNER S.A.,,0.0,4.0,109329.0
2017,2º,Menos de quatro milhões de clientes,Banco/financeira,BANCO ARBI S.A.,,1.0,2.0,6084.0
2017,2º,Menos de quatro milhões de clientes,Banco/financeira,BANCO BM&FBOVESPA DE SERVIÇOS DE LIQUIDAÇÃO E CUSTÓDIA S.A.,,0.0,1.0,768.0
2017,2º,Menos de quatro milhões de clientes,Banco/financeira,BANCO BONSUCESSO S.A.,,1.0,77.0,30615.0
2017,2º,Menos de quatro milhões de clientes,Banco/financeira,BANCO CBSS S.A.,10.67,17.0,102.0,1592248.0
2017,2º,Menos de quatro milhões de clientes,Banco/financeira,BANCO CNH INDUSTRIAL CAPITAL S.A.,,0.0,3.0,26426.0
2017,2º,Menos de quatro milhões de clientes,Banco/financeira,BANCO CSF S.A.,,13.0,130.0,3236030.0
2017,2º,Menos de quatro milhões de clientes,Banco/financeira,BANCO DA AMAZONIA S.A.,,3.0,15.0,501409.0
2017,2º,Menos de quatro milhões de clientes,Banco/financeira,BANCO DE LAGE LANDEN BRASIL S.A.,,0.0,1.0,43812.0
2017,2º,Menos de quatro milhões de clientes,Banco/financeira,BANCO DE TOKYO-MITSUBISHI UFJ BRASIL S.A.,,0.0,1.0,2272.0
2017,2º,Menos de quatro milhões de clientes,Banco/financeira,BANCO DO ESTADO DE SERGIPE S.A.,28.82,27.0,56.0,936662.0
2017,2º,Menos de quatro milhões de clientes,Banco/financeira,BANCO DO ESTADO DO PARÁ S.A.,,7.0,53.0,659192.0
2017,2º,Mais de quatro milhões de clientes,Banco/financeira,BANCO DO NORDESTE DO BRASIL S.A.,0.0,0.0,43.0,6033876.0
2017,2º,Menos de quatro milhões de clientes,Banco/financeira,BANCO FIBRA S.A.,,4.0,22.0,173999.0
2017,2º,Menos de quatro milhões de clientes,Banco/financeira,BANCO FIDIS S/A,,0.0,3.0,3787.0
2017,2º,Menos de quatro milhões de clientes,Banco/financeira,BANCO FORD S.A.,,0.0,1.0,347.0
2017,2º,Menos de quatro milhões de clientes,Banco/financeira,BANCO NEON S.A.,,4.0,21.0,80061.0
2017,2º,Menos de quatro milhões de clientes,Banco/financeira,BANCO PORTO REAL DE INVESTIMENTOS S.A,,0.0,1.0,50.0
2017,2º,Menos de quatro milhões de clientes,Banco/financeira,BANCO RABOBANK INTERNATIONAL BRASIL S.A.,,0.0,1.0,3954.0
2017,2º,Menos de quatro milhões de clientes,Banco/financeira,BANCO SEMEAR S.A.,,0.0,5.0,448857.0
2017,2º,Menos de quatro milhões de clientes,Banco/financeira,BANCO TOPÁZIO S.A.,,0.0,7.0,22514.0
2017,2º,Menos de quatro milhões de clientes,Banco/financeira,BANCO TOYOTA DO BRASIL S.A.,,1.0,12.0,134647.0
2017,2º,Menos de quatro milhões de clientes,Banco/financeira,BANCO TRIANGULO S.A.,,12.0,24.0,1328097.0
2017,2º,Menos de quatro milhões de clientes,Conglomerado,BANCOOB (conglomerado),,4.0,57.0,1862163.0
2017,2º,Menos de quatro milhões de clientes,Conglomerado,BANESTES (conglomerado),13.73,18.0,35.0,1310617.0
2017,2º,Menos de quatro milhões de clientes,Conglomerado,BANIF (conglomerado),,0.0,5.0,1306.0
2017,2º,Mais de quatro milhões de clientes,Conglomerado,BANRISUL (conglomerado),15.86,71.0,504.0,4474462.0
2017,2º,Menos de quatro milhões de clientes,Conglomerado,BARIGUI (conglomerado),,4.0,13.0,32008.0
2017,2º,Mais de quatro milhões de clientes,Conglomerado,BB (conglomerado),21.71,1298.0,8272.0,59776953.0
2017,2º,Menos de quatro milhões de clientes,Conglomerado,BMG (conglomerado),47.75,167.0,1057.0,3496999.0
2017,2º,Menos de quatro milhões de clientes,Conglomerado,BMW (conglomerado),,0.0,2.0,17244.0
2017,2º,Menos de quatro milhões de clientes,Conglomerado,BNP PARIBAS (conglomerado),56.93,159.0,1103.0,2792641.0
2017,2º,Menos de quatro milhões de clientes,Conglomerado,BNY MELLON (conglomerado),,0.0,1.0,1709.0
2017,2º,Menos de quatro milhões de clientes,Conglomerado,BOFA MERRILL LYNCH (conglomerado),,0.0,1.0,1396.0
2017,2º,Mais de quatro milhões de clientes,Conglomerado,BRADESCO (conglomerado),24.45,2264.0,9855.0,92585594.0
2017,2º,Menos de quatro milhões de clientes,Conglomerado,BRB (conglomerado),60.09,50.0,314.0,832078.0
2017,2º,Menos de quatro milhões de clientes,Conglomerado,BTG PACTUAL (conglomerado),,0.0,2.0,85937.0
2017,2º,Mais de quatro milhões de clientes,Conglomerado,CAIXA ECONÔMICA FEDERAL (conglomerado),29.11,2488.0,11962.0,85458741.0
2017,2º,Menos de quatro milhões de clientes,Banco/financeira,"CARUANA S.A. - SOCIEDADE DE CRÉDITO, FINANCIAMENTO E INVESTIMENTO",,0.0,1.0,30175.0
2017,2º,Menos de quatro milhões de clientes,Conglomerado,CCB (conglomerado),51.26,17.0,458.0,331620.0
2017,2º,Menos de quatro milhões de clientes,Conglomerado,CITIBANK (conglomerado),39.28,52.0,368.0,1323821.0
2017,2º,Menos de quatro milhões de clientes,Conglomerado,CREDIT AGRICOLE (conglomerado),,0.0,1.0,2519.0
2017,2º,Menos de quatro milhões de clientes,Conglomerado,CREDIT SUISSE (conglomerado),,0.0,1.0,3607.0
2017,2º,Menos de quatro milhões de clientes,Conglomerado,CREFISA (conglomerado),10.55,16.0,132.0,1516424.0
2017,2º,Menos de quatro milhões de clientes,Conglomerado,DACASA FINANCEIRA (conglomerado),,3.0,9.0,1200776.0
2017,2º,Menos de quatro milhões de clientes,Conglomerado,DAYCOVAL (conglomerado),,13.0,615.0,927015.0
2017,2º,Menos de quatro milhões de clientes,Conglomerado,DEUTSCHE (conglomerado),,0.0,1.0,3673.0
2017,2º,Menos de quatro milhões de clientes,Banco/financeira,FACTA FINANCEIRA S.A. - CRÉDITO FINANCIAMENTO E INVESTIMENTO,,11.0,19.0,29502.0
2017,2º,Menos de quatro milhões de clientes,Banco/financeira,"FINAMAX S.A. - CREDITO, FINANCIAMENTO E INVESTIMENTO",,0.0,2.0,97983.0
2017,2º,Menos de quatro milhões de clientes,Conglomerado,GMAC (conglomerado),,5.0,70.0,477470.0
2017,2º,Menos de quatro milhões de clientes,Conglomerado,GRUPO ZEMA (conglomerado),,1.0,1.0,136244.0
2017,2º,Menos de quatro milhões de clientes,Conglomerado,HERVAL - HS (conglomerado),,1.0,1.0,240350.0
2017,2º,Menos de quatro milhões de clientes,Conglomerado,HONDA (conglomerado),,2.0,26.0,454625.0
2017,2º,Menos de quatro milhões de clientes,Conglomerado,INDUSTRIAL DO BRASIL (conglomerado),,3.0,6.0,57689.0
2017,2º,Menos de quatro milhões de clientes,Conglomerado,INDUSVAL (conglomerado),,0.0,1.0,6929.0
2017,2º,Menos de quatro milhões de clientes,Conglomerado,INTERMEDIUM (conglomerado),54.16,20.0,398.0,369262.0
2017,2º,Mais de quatro milhões de clientes,Conglomerado,ITAU (conglomerado),21.33,1468.0,9610.0,68821561.0
2017,2º,Menos de quatro milhões de clientes,Conglomerado,JP MORGAN CHASE (conglomerado),,0.0,2.0,4181.0
2017,2º,Menos de quatro milhões de clientes,Conglomerado,LECCA (conglomerado),,1.0,3.0,21481.0
2017,2º,Menos de quatro milhões de clientes,Conglomerado,MÁXIMA (conglomerado),,0.0,1.0,29238.0
2017,2º,Menos de quatro milhões de clientes,Conglomerado,MERCANTIL DO BRASIL (conglomerado),16.88,40.0,389.0,2368432.0
2017,2º,Menos de quatro milhões de clientes,Conglomerado,MERCEDES-BENZ (conglomerado),,0.0,1.0,24446.0
2017,2º,Mais de quatro milhões de clientes,Banco/financeira,"MIDWAY S.A. - CRÉDITO, FINANCIAMENTO E INVESTIMENTO",11.85,78.0,198.0,6582000.0
2017,2º,Menos de quatro milhões de clientes,Conglomerado,MODAL (conglomerado),,1.0,5.0,5257.0
2017,2º,Menos de quatro milhões de clientes,Banco/financeira,"NEGRESCO S.A. - CREDITO, FINANCIAMENTO E INVESTIMENTOS",,0.0,3.0,494343.0
2017,2º,Mais de quatro milhões de clientes,Conglomerado,OMNI (conglomerado),4.12,17.0,108.0,4125165.0
2017,2º,Menos de quatro milhões de clientes,Conglomerado,ORIGINAL (conglomerado),,6.0,139.0,447763.0
2017,2º,Menos de quatro milhões de clientes,Conglomerado,OURINVEST (conglomerado),,0.0,2.0,17104.0
2017,2º,Menos de quatro milhões de clientes,Conglomerado,PAN (conglomerado),81.21,236.0,2196.0,2905904.0
2017,2º,Menos de quatro milhões de clientes,Conglomerado,PARANÁ BANCO (conglomerado),54.45,35.0,422.0,642783.0
2017,2º,Menos de quatro milhões de clientes,Banco/financeira,"PARATI - CREDITO, FINANCIAMENTO E INVESTIMENTO S.A.",,0.0,1.0,891.0
2017,2º,Mais de quatro milhões de clientes,Conglomerado,PERNAMBUCANAS (conglomerado),2.86,13.0,60.0,4532183.0
2017,2º,Menos de quatro milhões de clientes,Conglomerado,PINE (conglomerado),,1.0,1.0,4138.0
2017,2º,Menos de quatro milhões de clientes,Conglomerado,PORTO SEGURO (conglomerado),40.44,51.0,157.0,1260965.0
2017,2º,Menos de quatro milhões de clientes,Banco/financeira,"PORTOCRED S.A. - CREDITO, FINANCIAMENTO E INVESTIMENTO",,0.0,21.0,139737.0
2017,2º,Menos de quatro milhões de clientes,Conglomerado,RENDIMENTO (conglomerado),,2.0,5.0,17101.0
2017,2º,Menos de quatro milhões de clientes,Conglomerado,RODOBENS (conglomerado),,1.0,6.0,15829.0
2017,2º,Menos de quatro milhões de clientes,Conglomerado,SAFRA (conglomerado),44.12,46.0,676.0,1042575.0
2017,2º,Menos de quatro milhões de clientes,Banco/financeira,"SANTANA S.A. - CRÉDITO, FINANCIAMENTO E INVESTIMENTO",,1.0,2.0,28098.0
2017,2º,Mais de quatro milhões de clientes,Conglomerado,SANTANDER (conglomerado),28.58,1089.0,6700.0,38098966.0
2017,2º,Menos de quatro milhões de clientes,Conglomerado,SANTINVEST (conglomerado),,1.0,3.0,12748.0
2017,2º,Menos de quatro milhões de clientes,Banco/financeira,"SAX S.A. - CRÉDITO, FINANCIAMENTO E INVESTIMENTO",,1.0,11.0,136255.0
2017,2º,Menos de quatro milhões de clientes,Banco/financeira,"SENFF S.A. - CRÉDITO, FINANCIAMENTO E INVESTIMENTO",,0.0,2.0,40316.0
2017,2º,Menos de quatro milhões de clientes,Conglomerado,SICREDI (conglomerado),,0.0,1.0,2949569.0
2017,2º,Menos de quatro milhões de clientes,Conglomerado,SOCIETE GENERALE (conglomerado),,4.0,23.0,251132.0
2017,2º,Menos de quatro milhões de clientes,Banco/financeira,"SOCINAL S.A. - CRÉDITO, FINANCIAMENTO E INVESTIMENTO",,0.0,2.0,0.0
2017,2º,Menos de quatro milhões de clientes,Conglomerado,SOCOPA (conglomerado),,0.0,4.0,25307.0
2017,2º,Menos de quatro milhões de clientes,Conglomerado,SOFISA (conglomerado),,0.0,7.0,70159.0
2017,2º,Menos de quatro milhões de clientes,Banco/financeira,"SOROCRED   CRÉDITO, FINANCIAMENTO E INVESTIMENTO S.A.",,6.0,42.0,372895.0
2017,2º,Menos de quatro milhões de clientes,Banco/financeira,"TODESCREDI S/A - CRÉDITO, FINANCIAMENTO E INVESTIMENTO",,0.0,1.0,14254.0
2017,2º,Menos de quatro milhões de clientes,Banco/financeira,"VIA CERTA FINANCIADORA S.A. - CRÉDITO, FINANCIAMENTO E INVESTIMENTOS",,0.0,1.0,285800.0
2017,2º,Menos de quatro milhões de clientes,Conglomerado,VOLKSWAGEN (conglomerado),,6.0,65.0,470819.0
2017,2º,Menos de quatro milhões de clientes,Conglomerado,VOLVO (conglomerado),,1.0,5.0,10123.0
2017,2º,Mais de quatro milhões de clientes,Conglomerado,VOTORANTIM (conglomerado),14.98,61.0,517.0,4069729.0
2017,2º,Menos de quatro milhões de clientes,Conglomerado,WESTERN UNION (conglomerado),,0.0,5.0,3.0
2017,2º,Menos de quatro milhões de clientes,Conglomerado,YAMAHA MOTOR (conglomerado),,0.0,15.0,108446.0
2017,3º,Menos de quatro milhões de clientes,Conglomerado,ABC-BRASIL (conglomerado),,0.0,1.0,15684.0
2017,3º,Menos de quatro milhões de clientes,Conglomerado,AGIPLAN (conglomerado),56.08,23.0,214.0,410110.0
2017,3º,Menos de quatro milhões de clientes,Conglomerado,ALFA (conglomerado),47.75,22.0,90.0,460731.0
2017,3º,Menos de quatro milhões de clientes,Conglomerado,ANDBANK (conglomerado),,0.0,2.0,7117.0
2017,3º,Menos de quatro milhões de clientes,Banco/financeira,"AVISTA S.A. CRÉDITO, FINANCIAMENTO E INVESTIMENTO",,0.0,3.0,215297.0
2017,3º,Menos de quatro milhões de clientes,Banco/financeira,BANCO A.J. RENNER S.A.,,0.0,2.0,110596.0
2017,3º,Menos de quatro milhões de clientes,Banco/financeira,BANCO BONSUCESSO S.A.,,4.0,87.0,25197.0
2017,3º,Menos de quatro milhões de clientes,Banco/financeira,BANCO CATERPILLAR S.A.,,0.0,2.0,4771.0
2017,3º,Menos de quatro milhões de clientes,Banco/financeira,BANCO CBSS S.A.,16.45,26.0,149.0,1580432.0
2017,3º,Menos de quatro milhões de clientes,Banco/financeira,BANCO CNH INDUSTRIAL CAPITAL S.A.,,1.0,4.0,27018.0
2017,3º,Menos de quatro milhões de clientes,Banco/financeira,BANCO CSF S.A.,11.15,38.0,193.0,3407577.0
2017,3º,Menos de quatro milhões de clientes,Banco/financeira,BANCO DA AMAZONIA S.A.,,3.0,20.0,501945.0
2017,3º,Menos de quatro milhões de clientes,Banco/financeira,BANCO DE LA PROVINCIA DE BUENOS AIRES,,0.0,1.0,70.0
2017,3º,Menos de quatro milhões de clientes,Banco/financeira,BANCO DE TOKYO-MITSUBISHI UFJ BRASIL S.A.,,0.0,1.0,2299.0
2017,3º,Menos de quatro milhões de clientes,Banco/financeira,BANCO DO ESTADO DE SERGIPE S.A.,45.46,43.0,66.0,945735.0
2017,3º,Menos de quatro milhões de clientes,Banco/financeira,BANCO DO ESTADO DO PARÁ S.A.,,9.0,69.0,671482.0
2017,3º,Mais de quatro milhões de clientes,Banco/financeira,BANCO DO NORDESTE DO BRASIL S.A.,0.32,2.0,52.0,6137521.0
2017,3º,Menos de quatro milhões de clientes,Banco/financeira,BANCO FIBRA S.A.,,8.0,36.0,169574.0
2017,3º,Menos de quatro milhões de clientes,Banco/financeira,BANCO FICSA S.A.,,0.0,1.0,35323.0
2017,3º,Menos de quatro milhões de clientes,Banco/financeira,BANCO NEON S.A.,,12.0,36.0,141809.0
2017,3º,Menos de quatro milhões de clientes,Banco/financeira,BANCO PORTO REAL DE INVESTIMENTOS S.A,,0.0,1.0,47.0
2017,3º,Menos de quatro milhões de clientes,Banco/financeira,BANCO RABOBANK INTERNATIONAL BRASIL S.A.,,0.0,1.0,3860.0
2017,3º,Menos de quatro milhões de clientes,Banco/financeira,BANCO SEMEAR S.A.,,2.0,10.0,460492.0
2017,3º,Menos de quatro milhões de clientes,Banco/financeira,BANCO TOYOTA DO BRASIL S.A.,,0.0,6.0,135933.0
2017,3º,Menos de quatro milhões de clientes,Banco/financeira,BANCO TRIANGULO S.A.,,9.0,32.0,1395624.0
2017,3º,Menos de quatro milhões de clientes,Conglomerado,BANCOOB (conglomerado),,1.0,41.0,1930034.0
2017,3º,Menos de quatro milhões de clientes,Conglomerado,BANESTES (conglomerado),,8.0,32.0,1322844.0
2017,3º,Menos de quatro milhões de clientes,Conglomerado,BANIF (conglomerado),,0.0,1.0,518.0
2017,3º,Mais de quatro milhões de clientes,Conglomerado,BANRISUL (conglomerado),15.97,72.0,492.0,4506706.0
2017,3º,Menos de quatro milhões de clientes,Conglomerado,BARIGUI (conglomerado),,9.0,25.0,32743.0
2017,3º,Mais de quatro milhões de clientes,Conglomerado,BB (conglomerado),22.0,1315.0,8261.0,59756725.0
2017,3º,Menos de quatro milhões de clientes,Banco/financeira,BBVA BRASIL BANCO DE INVESTIMENTO S.A.,,0.0,1.0,0.0
2017,3º,Menos de quatro milhões de clientes,Conglomerado,BMG (conglomerado),46.3,168.0,1054.0,3628231.0
2017,3º,Menos de quatro milhões de clientes,Conglomerado,BMW (conglomerado),,0.0,2.0,17409.0
2017,3º,Menos de quatro milhões de clientes,Conglomerado,BNP PARIBAS (conglomerado),42.62,123.0,1123.0,2885487.0
2017,3º,Menos de quatro milhões de clientes,Conglomerado,BOCOM (conglomerado),,2.0,4.0,12479.0
2017,3º,Mais de quatro milhões de clientes,Conglomerado,BRADESCO (conglomerado),23.99,2267.0,10063.0,94473132.0
2017,3º,Menos de quatro milhões de clientes,Conglomerado,BRASIL PLURAL (conglomerado),,1.0,2.0,2943.0
2017,3º,Menos de quatro milhões de clientes,Conglomerado,BRB (conglomerado),131.23,109.0,427.0,830562.0
2017,3º,Menos de quatro milhões de clientes,Conglomerado,BTG PACTUAL (conglomerado),,0.0,3.0,88582.0
2017,3º,Mais de quatro milhões de clientes,Conglomerado,CAIXA ECONÔMICA FEDERAL (conglomerado),31.88,2764.0,12974.0,86673233.0
2017,3º,Menos de quatro milhões de clientes,Banco/financeira,"CARUANA S.A. - SOCIEDADE DE CRÉDITO, FINANCIAMENTO E INVESTIMENTO",,0.0,1.0,38611.0
2017,3º,Menos de quatro milhões de clientes,Conglomerado,CCB (conglomerado),,11.0,379.0,338144.0
2017,3º,Menos de quatro milhões de clientes,Conglomerado,CITIBANK (conglomerado),61.23,83.0,388.0,1355504.0
2017,3º,Menos de quatro milhões de clientes,Conglomerado,CREDIT SUISSE (conglomerado),,0.0,1.0,3485.0
2017,3º,Menos de quatro milhões de clientes,Conglomerado,CREFISA (conglomerado),11.47,18.0,131.0,1568001.0
2017,3º,Menos de quatro milhões de clientes,Conglomerado,DACASA FINANCEIRA (conglomerado),,0.0,10.0,1215584.0
2017,3º,Menos de quatro milhões de clientes,Conglomerado,DAYCOVAL (conglomerado),,12.0,493.0,913973.0
2017,3º,Menos de quatro milhões de clientes,Banco/financeira,"DIRECAO S.A. CREDITO, FINANCIAMENTO E INVESTIMENTO",,0.0,6.0,77.0
2017,3º,Menos de quatro milhões de clientes,Banco/financeira,FACTA FINANCEIRA S.A. - CRÉDITO FINANCIAMENTO E INVESTIMENTO,479.53,17.0,34.0,35451.0
2017,3º,Menos de quatro milhões de clientes,Banco/financeira,"FINAMAX S.A. - CREDITO, FINANCIAMENTO E INVESTIMENTO",,0.0,1.0,99329.0
2017,3º,Menos de quatro milhões de clientes,Conglomerado,GMAC (conglomerado),,3.0,69.0,463229.0
2017,3º,Menos de quatro milhões de clientes,Conglomerado,HERVAL - HS (conglomerado),,0.0,2.0,246527.0
2017,3º,Menos de quatro milhões de clientes,Conglomerado,HONDA (conglomerado),,2.0,29.0,456950.0
2017,3º,Menos de quatro milhões de clientes,Conglomerado,INDUSTRIAL DO BRASIL (conglomerado),,2.0,20.0,57877.0
2017,3º,Menos de quatro milhões de clientes,Conglomerado,INDUSVAL (conglomerado),,0.0,1.0,6855.0
2017,3º,Menos de quatro milhões de clientes,Conglomerado,ING (conglomerado),,0.0,2.0,213.0
2017,3º,Menos de quatro milhões de clientes,Conglomerado,INTERMEDIUM (conglomerado),76.35,34.0,558.0,445291.0
2017,3º,Mais de quatro milhões de clientes,Conglomerado,ITAU (conglomerado),17.2,1266.0,8983.0,73588791.0
2017,3º,Menos de quatro milhões de clientes,Banco/financeira,"KREDILIG S.A. - CRÉDITO, FINANCIAMENTO E INVESTIMENTO",,0.0,1.0,160015.0
2017,3º,Menos de quatro milhões de clientes,Conglomerado,LECCA (conglomerado),,0.0,2.0,22511.0
2017,3º,Menos de quatro milhões de clientes,Conglomerado,MÁXIMA (conglomerado),,0.0,1.0,4648.0
2017,3º,Menos de quatro milhões de clientes,Conglomerado,MERCANTIL DO BRASIL (conglomerado),33.89,83.0,508.0,2448946.0
2017,3º,Menos de quatro milhões de clientes,Conglomerado,MERCEDES-BENZ (conglomerado),,0.0,4.0,23789.0
2017,3º,Mais de quatro milhões de clientes,Banco/financeira,"MIDWAY S.A. - CRÉDITO, FINANCIAMENTO E INVESTIMENTO",5.74,39.0,155.0,6787688.0
2017,3º,Menos de quatro milhões de clientes,Conglomerado,MODAL (conglomerado),,0.0,3.0,5346.0
2017,3º,Menos de quatro milhões de clientes,Banco/financeira,NATIXIS BRASIL S.A. BANCO MÚLTIPLO,,0.0,1.0,1.0
2017,3º,Menos de quatro milhões de clientes,Banco/financeira,"NEGRESCO S.A. - CREDITO, FINANCIAMENTO E INVESTIMENTOS",,0.0,2.0,509268.0
2017,3º,Menos de quatro milhões de clientes,Conglomerado,OMNI (conglomerado),,7.0,86.0,3660582.0
2017,3º,Menos de quatro milhões de clientes,Conglomerado,ORIGINAL (conglomerado),,7.0,161.0,506253.0
2017,3º,Menos de quatro milhões de clientes,Conglomerado,PAN (conglomerado),73.25,213.0,2261.0,2907794.0
2017,3º,Menos de quatro milhões de clientes,Conglomerado,PARANÁ BANCO (conglomerado),72.05,46.0,416.0,638376.0
2017,3º,Mais de quatro milhões de clientes,Banco/financeira,"PERNAMBUCANAS FINANCIADORA S.A. - CRÉDITO, FINANCIAMENTO E INVESTIMENTO",4.12,19.0,150.0,4601041.0
2017,3º,Menos de quatro milhões de clientes,Conglomerado,PORTO SEGURO (conglomerado),35.82,48.0,152.0,1339815.0
2017,3º,Menos de quatro milhões de clientes,Banco/financeira,"PORTOCRED S.A. - CREDITO, FINANCIAMENTO E INVESTIMENTO",,0.0,23.0,147122.0
2017,3º,Menos de quatro milhões de clientes,Banco/financeira,"REALIZE CRÉDITO, FINANCIAMENTO E INVESTIMENTO S.A.",52.97,33.0,47.0,622990.0
2017,3º,Menos de quatro milhões de clientes,Conglomerado,RENDIMENTO (conglomerado),,1.0,8.0,17729.0
2017,3º,Menos de quatro milhões de clientes,Conglomerado,RODOBENS (conglomerado),,1.0,5.0,15576.0
2017,3º,Menos de quatro milhões de clientes,Conglomerado,SAFRA (conglomerado),52.08,59.0,541.0,1132676.0
2017,3º,Menos de quatro milhões de clientes,Banco/financeira,"SANTANA S.A. - CRÉDITO, FINANCIAMENTO E INVESTIMENTO",,0.0,7.0,28358.0
2017,3º,Mais de quatro milhões de clientes,Conglomerado,SANTANDER (conglomerado),41.16,1600.0,7681.0,38864588.0
2017,3º,Menos de quatro milhões de clientes,Conglomerado,SANTINVEST (conglomerado),,13.0,27.0,13612.0
2017,3º,Menos de quatro milhões de clientes,Banco/financeira,"SAX S.A. - CRÉDITO, FINANCIAMENTO E INVESTIMENTO",,0.0,6.0,148706.0
2017,3º,Menos de quatro milhões de clientes,Banco/financeira,"SENFF S.A. - CRÉDITO, FINANCIAMENTO E INVESTIMENTO",,0.0,2.0,43345.0
2017,3º,Menos de quatro milhões de clientes,Conglomerado,SICREDI (conglomerado),,0.0,3.0,3095691.0
2017,3º,Menos de quatro milhões de clientes,Conglomerado,SOCIETE GENERALE (conglomerado),,3.0,21.0,1148.0
2017,3º,Menos de quatro milhões de clientes,Conglomerado,SOCOPA (conglomerado),,3.0,3.0,51135.0
2017,3º,Menos de quatro milhões de clientes,Conglomerado,SOFISA (conglomerado),,0.0,6.0,81639.0
2017,3º,Menos de quatro milhões de clientes,Banco/financeira,"SOROCRED   CRÉDITO, FINANCIAMENTO E INVESTIMENTO S.A.",,12.0,41.0,405927.0
2017,3º,Menos de quatro milhões de clientes,Banco/financeira,"VIA CERTA FINANCIADORA S.A. - CRÉDITO, FINANCIAMENTO E INVESTIMENTOS",,0.0,1.0,316571.0
2017,3º,Menos de quatro milhões de clientes,Conglomerado,VOLKSWAGEN (conglomerado),,2.0,75.0,444278.0
2017,3º,Menos de quatro milhões de clientes,Conglomerado,VOLVO (conglomerado),,1.0,2.0,9949.0
2017,3º,Mais de quatro milhões de clientes,Conglomerado,VOTORANTIM (conglomerado),32.05,130.0,744.0,4055393.0
2017,3º,Menos de quatro milhões de clientes,Conglomerado,WESTERN UNION (conglomerado),,1.0,8.0,3.0
2017,3º,Menos de quatro milhões de clientes,Conglomerado,YAMAHA MOTOR (conglomerado),,2.0,8.0,112585.0
2017,4º,Menos de quatro milhões de clientes,Conglomerado,AGIPLAN (conglomerado),,7.0,207.0,473985.0
2017,4º,Menos de quatro milhões de clientes,Conglomerado,ALFA (conglomerado),,9.0,62.0,453229.0
2017,4º,Menos de quatro milhões de clientes,Conglomerado,ANDBANK (conglomerado),,0.0,6.0,7180.0
2017,4º,Menos de quatro milhões de clientes,Banco/financeira,"AVISTA S.A. CRÉDITO, FINANCIAMENTO E INVESTIMENTO",,0.0,1.0,253509.0
2017,4º,Menos de quatro milhões de clientes,Banco/financeira,BANCO A.J. RENNER S.A.,,0.0,19.0,111521.0
2017,4º,Menos de quatro milhões de clientes,Banco/financeira,BANCO ARBI S.A.,,0.0,2.0,6893.0
2017,4º,Menos de quatro milhões de clientes,Banco/financeira,BANCO BM&FBOVESPA DE SERVIÇOS DE LIQUIDAÇÃO E CUSTÓDIA S.A.,,0.0,1.0,771.0
2017,4º,Menos de quatro milhões de clientes,Banco/financeira,BANCO BS2 S.A.,,1.0,34.0,20069.0
2017,4º,Menos de quatro milhões de clientes,Banco/financeira,BANCO CBSS S.A.,16.9,27.0,128.0,1597285.0
2017,4º,Menos de quatro milhões de clientes,Banco/financeira,BANCO CNH INDUSTRIAL CAPITAL S.A.,,0.0,4.0,27352.0
2017,4º,Menos de quatro milhões de clientes,Banco/financeira,BANCO CSF S.A.,9.93,37.0,206.0,3724925.0
2017,4º,Menos de quatro milhões de clientes,Banco/financeira,BANCO DA AMAZONIA S.A.,,4.0,17.0,501730.0
2017,4º,Menos de quatro milhões de clientes,Banco/financeira,BANCO DE LAGE LANDEN BRASIL S.A.,,0.0,3.0,42488.0
2017,4º,Menos de quatro milhões de clientes,Banco/financeira,BANCO DO ESTADO DE SERGIPE S.A.,15.71,15.0,40.0,954687.0
2017,4º,Menos de quatro milhões de clientes,Banco/financeira,BANCO DO ESTADO DO PARÁ S.A.,,12.0,63.0,682397.0
2017,4º,Mais de quatro milhões de clientes,Banco/financeira,BANCO DO NORDESTE DO BRASIL S.A.,0.15,1.0,49.0,6276307.0
2017,4º,Menos de quatro milhões de clientes,Banco/financeira,BANCO FIBRA S.A.,,6.0,18.0,167399.0
2017,4º,Menos de quatro milhões de clientes,Banco/financeira,BANCO FICSA S.A.,,1.0,1.0,34957.0
2017,4º,Menos de quatro milhões de clientes,Banco/financeira,BANCO FIDIS S/A,,0.0,3.0,4150.0
2017,4º,Menos de quatro milhões de clientes,Banco/financeira,BANCO INBURSA S.A.,,0.0,1.0,34.0
2017,4º,Menos de quatro milhões de clientes,Banco/financeira,BANCO LUSO BRASILEIRO S.A.,,0.0,1.0,10512.0
2017,4º,Menos de quatro milhões de clientes,Banco/financeira,BANCO NEON S.A.,,7.0,27.0,213218.0
2017,4º,Menos de quatro milhões de clientes,Banco/financeira,BANCO SEMEAR S.A.,,1.0,4.0,401950.0
2017,4º,Menos de quatro milhões de clientes,Banco/financeira,BANCO TOYOTA DO BRASIL S.A.,,2.0,25.0,139416.0
2017,4º,Menos de quatro milhões de clientes,Banco/financeira,BANCO TRIANGULO S.A.,,7.0,23.0,1465412.0
2017,4º,Menos de quatro milhões de clientes,Conglomerado,BANCOOB (conglomerado),,3.0,61.0,2015382.0
2017,4º,Menos de quatro milhões de clientes,Conglomerado,BANESTES (conglomerado),12.11,16.0,29.0,1320559.0
2017,4º,Menos de quatro milhões de clientes,Conglomerado,BANIF (conglomerado),,0.0,1.0,484.0
2017,4º,Mais de quatro milhões de clientes,Conglomerado,BANRISUL (conglomerado),25.06,114.0,570.0,4548099.0
2017,4º,Menos de quatro milhões de clientes,Conglomerado,BARIGUI (conglomerado),,8.0,21.0,32673.0
2017,4º,Mais de quatro milhões de clientes,Conglomerado,BB (conglomerado),24.5,1524.0,7823.0,62181281.0
2017,4º,Menos de quatro milhões de clientes,Conglomerado,BMG (conglomerado),43.73,164.0,1281.0,3750226.0
2017,4º,Menos de quatro milhões de clientes,Conglomerado,BMW (conglomerado),,0.0,2.0,17157.0
2017,4º,Menos de quatro milhões de clientes,Conglomerado,BNP PARIBAS (conglomerado),34.49,100.0,1152.0,2898773.0
2017,4º,Mais de quatro milhões de clientes,Conglomerado,BRADESCO (conglomerado),25.63,2438.0,9578.0,95112012.0
2017,4º,Menos de quatro milhões de clientes,Conglomerado,BRB (conglomerado),68.04,57.0,286.0,837641.0
2017,4º,Menos de quatro milhões de clientes,Banco/financeira,"BRICKELL S.A. CRÉDITO, FINANCIAMENTO E INVESTIMENTO",,0.0,2.0,827.0
2017,4º,Menos de quatro milhões de clientes,Conglomerado,BTG PACTUAL (conglomerado),,0.0,1.0,92648.0
2017,4º,Mais de quatro milhões de clientes,Conglomerado,CAIXA ECONÔMICA FEDERAL (conglomerado),33.24,2913.0,11708.0,87613949.0
2017,4º,Menos de quatro milhões de clientes,Banco/financeira,"CARUANA S.A. - SOCIEDADE DE CRÉDITO, FINANCIAMENTO E INVESTIMENTO",,1.0,2.0,41359.0
2017,4º,Menos de quatro milhões de clientes,Conglomerado,CCB (conglomerado),,8.0,284.0,326245.0
2017,4º,Menos de quatro milhões de clientes,Banco/financeira,"CENTROCRED S.A. CRÉDITO, FINANCIAMENTO E INVESTIMENTOS",,0.0,3.0,10766.0
2017,4º,Menos de quatro milhões de clientes,Conglomerado,CITIBANK (conglomerado),76.09,45.0,304.0,591341.0
2017,4º,Menos de quatro milhões de clientes,Conglomerado,CREDIT AGRICOLE (conglomerado),,0.0,1.0,2406.0
2017,4º,Menos de quatro milhões de clientes,Conglomerado,CREFISA (conglomerado),9.31,15.0,136.0,1610062.0
2017,4º,Menos de quatro milhões de clientes,Conglomerado,DACASA FINANCEIRA (conglomerado),,3.0,13.0,1228252.0
2017,4º,Menos de quatro milhões de clientes,Conglomerado,DAYCOVAL (conglomerado),,8.0,368.0,909504.0
2017,4º,Menos de quatro milhões de clientes,Banco/financeira,"DIRECAO S.A. CREDITO, FINANCIAMENTO E INVESTIMENTO",,0.0,6.0,81.0
2017,4º,Menos de quatro milhões de clientes,Banco/financeira,FACTA FINANCEIRA S.A. - CRÉDITO FINANCIAMENTO E INVESTIMENTO,497.87,20.0,38.0,40171.0
2017,4º,Menos de quatro milhões de clientes,Banco/financeira,"FINAMAX S.A. - CREDITO, FINANCIAMENTO E INVESTIMENTO",,0.0,1.0,98225.0
2017,4º,Menos de quatro milhões de clientes,Conglomerado,GMAC (conglomerado),,4.0,59.0,446956.0
2017,4º,Menos de quatro milhões de clientes,Conglomerado,HERVAL - HS (conglomerado),,0.0,2.0,245296.0
2017,4º,Menos de quatro milhões de clientes,Conglomerado,HONDA (conglomerado),,2.0,24.0,457201.0
2017,4º,Menos de quatro milhões de clientes,Conglomerado,INDUSTRIAL DO BRASIL (conglomerado),,3.0,21.0,56818.0
2017,4º,Menos de quatro milhões de clientes,Conglomerado,INDUSVAL (conglomerado),,0.0,1.0,6923.0
2017,4º,Menos de quatro milhões de clientes,Conglomerado,INTERMEDIUM (conglomerado),29.94,16.0,427.0,534391.0
2017,4º,Mais de quatro milhões de clientes,Conglomerado,ITAU (conglomerado),15.65,1165.0,7911.0,74422206.0
2017,4º,Menos de quatro milhões de clientes,Banco/financeira,"KREDILIG S.A. - CRÉDITO, FINANCIAMENTO E INVESTIMENTO",,0.0,2.0,168218.0
2017,4º,Menos de quatro milhões de clientes,Conglomerado,LECCA (conglomerado),,1.0,5.0,21800.0
2017,4º,Menos de quatro milhões de clientes,Conglomerado,MÁXIMA (conglomerado),,0.0,2.0,4669.0
2017,4º,Menos de quatro milhões de clientes,Conglomerado,MERCANTIL DO BRASIL (conglomerado),19.37,49.0,336.0,2529108.0
2017,4º,Menos de quatro milhões de clientes,Conglomerado,MERCEDES-BENZ (conglomerado),,0.0,3.0,23146.0
2017,4º,Mais de quatro milhões de clientes,Banco/financeira,"MIDWAY S.A. - CRÉDITO, FINANCIAMENTO E INVESTIMENTO",5.05,35.0,187.0,6920266.0
2017,4º,Menos de quatro milhões de clientes,Conglomerado,MODAL (conglomerado),,1.0,7.0,5368.0
2017,4º,Menos de quatro milhões de clientes,Banco/financeira,"NEGRESCO S.A. - CREDITO, FINANCIAMENTO E INVESTIMENTOS",,1.0,1.0,523083.0
2017,4º,Menos de quatro milhões de clientes,Banco/financeira,NOVO BANCO CONTINENTAL S.A. - BANCO MÚLTIPLO,,0.0,1.0,4239.0
2017,4º,Menos de quatro milhões de clientes,Conglomerado,OMNI (conglomerado),,8.0,71.0,3668703.0
2017,4º,Menos de quatro milhões de clientes,Conglomerado,ORIGINAL (conglomerado),,3.0,136.0,590019.0
2017,4º,Menos de quatro milhões de clientes,Conglomerado,OURINVEST (conglomerado),,0.0,2.0,16940.0
2017,4º,Menos de quatro milhões de clientes,Conglomerado,PAN (conglomerado),81.64,237.0,2333.0,2902862.0
2017,4º,Menos de quatro milhões de clientes,Conglomerado,PARANÁ BANCO (conglomerado),,11.0,319.0,632966.0
2017,4º,Mais de quatro milhões de clientes,Banco/financeira,"PERNAMBUCANAS FINANCIADORA S.A. - CRÉDITO, FINANCIAMENTO E INVESTIMENTO",3.01,14.0,107.0,4646956.0
2017,4º,Menos de quatro milhões de clientes,Conglomerado,PINE (conglomerado),,0.0,1.0,5423.0
2017,4º,Menos de quatro milhões de clientes,Conglomerado,PORTO SEGURO (conglomerado),14.98,21.0,106.0,1401349.0
2017,4º,Menos de quatro milhões de clientes,Banco/financeira,"PORTOCRED S.A. - CREDITO, FINANCIAMENTO E INVESTIMENTO",,1.0,23.0,150195.0
2017,4º,Menos de quatro milhões de clientes,Banco/financeira,"REALIZE CRÉDITO, FINANCIAMENTO E INVESTIMENTO S.A.",92.8,65.0,116.0,700427.0
2017,4º,Menos de quatro milhões de clientes,Conglomerado,RENDIMENTO (conglomerado),,2.0,10.0,17497.0
2017,4º,Menos de quatro milhões de clientes,Conglomerado,RODOBENS (conglomerado),,0.0,5.0,15201.0
2017,4º,Menos de quatro milhões de clientes,Conglomerado,SAFRA (conglomerado),71.72,89.0,602.0,1240917.0
2017,4º,Menos de quatro milhões de clientes,Banco/financeira,"SANTANA S.A. - CRÉDITO, FINANCIAMENTO E INVESTIMENTO",,0.0,3.0,28770.0
2017,4º,Mais de quatro milhões de clientes,Conglomerado,SANTANDER (conglomerado),42.87,1700.0,8700.0,39649999.0
2017,4º,Menos de quatro milhões de clientes,Conglomerado,SANTINVEST (conglomerado),,4.0,12.0,13696.0
2017,4º,Menos de quatro milhões de clientes,Banco/financeira,"SAX S.A. - CRÉDITO, FINANCIAMENTO E INVESTIMENTO",,1.0,5.0,160477.0
2017,4º,Menos de quatro milhões de clientes,Conglomerado,SICREDI (conglomerado),,0.0,3.0,3225631.0
2017,4º,Menos de quatro milhões de clientes,Conglomerado,SINOSSERRA (conglomerado),,1.0,1.0,4524.0
2017,4º,Menos de quatro milhões de clientes,Conglomerado,SOCIETE GENERALE (conglomerado),,0.0,1.0,1250.0
2017,4º,Menos de quatro milhões de clientes,Banco/financeira,"SOCINAL S.A. - CRÉDITO, FINANCIAMENTO E INVESTIMENTO",,0.0,7.0,4319.0
2017,4º,Menos de quatro milhões de clientes,Conglomerado,SOCOPA (conglomerado),,0.0,3.0,52049.0
2017,4º,Menos de quatro milhões de clientes,Conglomerado,SOFISA (conglomerado),170.22,16.0,37.0,93995.0
2017,4º,Menos de quatro milhões de clientes,Banco/financeira,"SOROCRED   CRÉDITO, FINANCIAMENTO E INVESTIMENTO S.A.",,7.0,52.0,445221.0
2017,4º,Menos de quatro milhões de clientes,Conglomerado,VOLKSWAGEN (conglomerado),,3.0,83.0,418638.0
2017,4º,Menos de quatro milhões de clientes,Conglomerado,VOLVO (conglomerado),,0.0,4.0,9562.0
2017,4º,Mais de quatro milhões de clientes,Conglomerado,VOTORANTIM (conglomerado),12.5,51.0,592.0,4078779.0
2017,4º,Menos de quatro milhões de clientes,Conglomerado,WESTERN UNION (conglomerado),,2.0,5.0,3.0
2017,4º,Menos de quatro milhões de clientes,Conglomerado,YAMAHA MOTOR (conglomerado),,0.0,6.0,118495.0
2017,1º,Menos de quatro milhões de clientes,Conglomerado,ABC-BRASIL (conglomerado),,0.0,7.0,15653.0
2017,1º,Menos de quatro milhões de clientes,Conglomerado,AGIPLAN (conglomerado),50.22,16.0,133.0,318590.0
2017,1º,Menos de quatro milhões de clientes,Banco/financeira,"AGORACRED S/A SOCIEDADE DE CRÉDITO, FINANCIAMENTO E INVESTIMENTO",,0.0,1.0,178402.0
2017,1º,Menos de quatro milhões de clientes,Conglomerado,ALFA (conglomerado),31.2,15.0,71.0,480685.0
2017,1º,Menos de quatro milhões de clientes,Conglomerado,ANDBANK (conglomerado),,0.0,2.0,6870.0
2017,1º,Menos de quatro milhões de clientes,Banco/financeira,"AVISTA S.A. CRÉDITO, FINANCIAMENTO E INVESTIMENTO",,0.0,1.0,119163.0
2017,1º,Menos de quatro milhões de clientes,Banco/financeira,BANCO A.J. RENNER S.A.,,0.0,7.0,108228.0
2017,1º,Menos de quatro milhões de clientes,Banco/financeira,BANCO ARBI S.A.,,1.0,1.0,6047.0
2017,1º,Menos de quatro milhões de clientes,Banco/financeira,BANCO BM&FBOVESPA DE SERVIÇOS DE LIQUIDAÇÃO E CUSTÓDIA S.A.,,0.0,1.0,770.0
2017,1º,Menos de quatro milhões de clientes,Banco/financeira,BANCO BONSUCESSO S.A.,,1.0,74.0,36673.0
2017,1º,Menos de quatro milhões de clientes,Banco/financeira,BANCO CBSS S.A.,,12.0,78.0,1574006.0
2017,1º,Menos de quatro milhões de clientes,Banco/financeira,BANCO CNH INDUSTRIAL CAPITAL S.A.,,0.0,4.0,27266.0
2017,1º,Menos de quatro milhões de clientes,Banco/financeira,BANCO CSF S.A.,7.87,25.0,135.0,3175885.0
2017,1º,Menos de quatro milhões de clientes,Banco/financeira,BANCO DA AMAZONIA S.A.,,0.0,14.0,504862.0
2017,1º,Menos de quatro milhões de clientes,Banco/financeira,BANCO DE LAGE LANDEN BRASIL S.A.,,1.0,3.0,44774.0
2017,1º,Menos de quatro milhões de clientes,Banco/financeira,BANCO DO ESTADO DE SERGIPE S.A.,19.28,18.0,47.0,933585.0
2017,1º,Menos de quatro milhões de clientes,Banco/financeira,BANCO DO ESTADO DO PARÁ S.A.,,8.0,46.0,659539.0
2017,1º,Mais de quatro milhões de clientes,Banco/financeira,BANCO DO NORDESTE DO BRASIL S.A.,0.5,3.0,44.0,5908110.0
2017,1º,Menos de quatro milhões de clientes,Banco/financeira,BANCO FIBRA S.A.,,1.0,16.0,174487.0
2017,1º,Menos de quatro milhões de clientes,Banco/financeira,BANCO FICSA S.A.,,2.0,4.0,31223.0
2017,1º,Menos de quatro milhões de clientes,Banco/financeira,BANCO FIDIS S/A,,0.0,4.0,4033.0
2017,1º,Menos de quatro milhões de clientes,Banco/financeira,BANCO FORD S.A.,,0.0,1.0,349.0
2017,1º,Menos de quatro milhões de clientes,Banco/financeira,BANCO GUANABARA S.A.,,0.0,2.0,2427.0
2017,1º,Menos de quatro milhões de clientes,Banco/financeira,BANCO IBM S.A.,,0.0,1.0,1166.0
2017,1º,Menos de quatro milhões de clientes,Banco/financeira,BANCO NEON S.A.,,3.0,14.0,38637.0
2017,1º,Menos de quatro milhões de clientes,Banco/financeira,BANCO SEMEAR S.A.,,0.0,7.0,438143.0
2017,1º,Menos de quatro milhões de clientes,Banco/financeira,BANCO TOPÁZIO S.A.,,0.0,4.0,21810.0
2017,1º,Menos de quatro milhões de clientes,Banco/financeira,BANCO TOYOTA DO BRASIL S.A.,,0.0,10.0,136135.0
2017,1º,Menos de quatro milhões de clientes,Banco/financeira,BANCO TRIANGULO S.A.,13.57,17.0,26.0,1252028.0
2017,1º,Menos de quatro milhões de clientes,Conglomerado,BANCOOB (conglomerado),,4.0,58.0,1770960.0
2017,1º,Menos de quatro milhões de clientes,Conglomerado,BANESTES (conglomerado),,9.0,19.0,1298766.0
2017,1º,Menos de quatro milhões de clientes,Conglomerado,BANIF (conglomerado),,0.0,1.0,2583.0
2017,1º,Mais de quatro milhões de clientes,Conglomerado,BANRISUL (conglomerado),13.37,59.0,366.0,4410257.0
2017,1º,Menos de quatro milhões de clientes,Conglomerado,BARIGUI (conglomerado),,2.0,14.0,32387.0
2017,1º,Mais de quatro milhões de clientes,Conglomerado,BB (conglomerado),25.84,1536.0,9617.0,59432237.0
2017,1º,Menos de quatro milhões de clientes,Conglomerado,BMG (conglomerado),31.44,107.0,859.0,3402623.0
2017,1º,Menos de quatro milhões de clientes,Conglomerado,BMW (conglomerado),,0.0,1.0,18428.0
2017,1º,Menos de quatro milhões de clientes,Conglomerado,BNP PARIBAS (conglomerado),49.42,135.0,1168.0,2731519.0
2017,1º,Mais de quatro milhões de clientes,Conglomerado,BRADESCO (conglomerado),25.82,2379.0,10844.0,92106865.0
2017,1º,Menos de quatro milhões de clientes,Conglomerado,BRB (conglomerado),52.34,43.0,358.0,821430.0
2017,1º,Menos de quatro milhões de clientes,Conglomerado,BTG PACTUAL (conglomerado),,0.0,2.0,40663.0
2017,1º,Mais de quatro milhões de clientes,Conglomerado,CAIXA ECONÔMICA FEDERAL (conglomerado),24.61,2068.0,10804.0,84016461.0
2017,1º,Menos de quatro milhões de clientes,Banco/financeira,"CARUANA S.A. - SOCIEDADE DE CRÉDITO, FINANCIAMENTO E INVESTIMENTO",,0.0,1.0,7518.0
2017,1º,Menos de quatro milhões de clientes,Conglomerado,CCB (conglomerado),,11.0,284.0,328050.0
2017,1º,Menos de quatro milhões de clientes,Conglomerado,CITIBANK (conglomerado),46.64,61.0,350.0,1307799.0
2017,1º,Menos de quatro milhões de clientes,Banco/financeira,"CREFISA S.A.-CREDITO, FINANCIAMENTO E INVESTIMENTOS",,13.0,117.0,1452166.0
2017,1º,Menos de quatro milhões de clientes,Conglomerado,DACASA FINANCEIRA (conglomerado),,2.0,15.0,1198038.0
2017,1º,Menos de quatro milhões de clientes,Conglomerado,DAYCOVAL (conglomerado),25.93,23.0,551.0,886863.0
2017,1º,Menos de quatro milhões de clientes,Conglomerado,DEUTSCHE (conglomerado),,0.0,1.0,4043.0
2017,1º,Menos de quatro milhões de clientes,Banco/financeira,FACTA FINANCEIRA S.A. - CRÉDITO FINANCIAMENTO E INVESTIMENTO,,11.0,25.0,24896.0
2017,1º,Menos de quatro milhões de clientes,Conglomerado,FATOR (conglomerado),,0.0,1.0,10677.0
2017,1º,Menos de quatro milhões de clientes,Banco/financeira,"FINAMAX S.A. - CREDITO, FINANCIAMENTO E INVESTIMENTO",,0.0,5.0,98684.0
2017,1º,Menos de quatro milhões de clientes,Conglomerado,FINAXIS (conglomerado),,0.0,1.0,3710.0
2017,1º,Menos de quatro milhões de clientes,Conglomerado,GMAC (conglomerado),,4.0,59.0,497344.0
2017,1º,Menos de quatro milhões de clientes,Conglomerado,GRUPO ZEMA (conglomerado),,0.0,1.0,135955.0
2017,1º,Menos de quatro milhões de clientes,Conglomerado,HERVAL - HS (conglomerado),,1.0,3.0,235565.0
2017,1º,Menos de quatro milhões de clientes,Conglomerado,HONDA (conglomerado),,2.0,24.0,453144.0
2017,1º,Menos de quatro milhões de clientes,Conglomerado,INDUSTRIAL DO BRASIL (conglomerado),,2.0,12.0,56726.0
2017,1º,Menos de quatro milhões de clientes,Conglomerado,INDUSVAL (conglomerado),,0.0,2.0,6911.0
2017,1º,Menos de quatro milhões de clientes,Conglomerado,INTERMEDIUM (conglomerado),,10.0,210.0,330435.0
2017,1º,Mais de quatro milhões de clientes,Conglomerado,ITAU (conglomerado),18.66,1279.0,9275.0,68531765.0
2017,1º,Menos de quatro milhões de clientes,Conglomerado,LECCA (conglomerado),,0.0,3.0,22383.0
2017,1º,Menos de quatro milhões de clientes,Conglomerado,MERCANTIL DO BRASIL (conglomerado),22.31,51.0,373.0,2285143.0
2017,1º,Menos de quatro milhões de clientes,Conglomerado,MERCEDES-BENZ (conglomerado),,0.0,4.0,26987.0
2017,1º,Mais de quatro milhões de clientes,Banco/financeira,"MIDWAY S.A. - CRÉDITO, FINANCIAMENTO E INVESTIMENTO",1.23,8.0,62.0,6451982.0
2017,1º,Menos de quatro milhões de clientes,Conglomerado,MODAL (conglomerado),,0.0,4.0,5170.0
2017,1º,Menos de quatro milhões de clientes,Banco/financeira,"NEGRESCO S.A. - CREDITO, FINANCIAMENTO E INVESTIMENTOS",,0.0,1.0,482371.0
2017,1º,Menos de quatro milhões de clientes,Conglomerado,OMNI (conglomerado),,6.0,88.0,3183466.0
2017,1º,Menos de quatro milhões de clientes,Conglomerado,ORIGINAL (conglomerado),,0.0,117.0,373893.0
2017,1º,Menos de quatro milhões de clientes,Conglomerado,OURINVEST (conglomerado),,1.0,1.0,16543.0
2017,1º,Menos de quatro milhões de clientes,Conglomerado,PAN (conglomerado),104.5,316.0,2017.0,3023698.0
2017,1º,Menos de quatro milhões de clientes,Conglomerado,PARANÁ BANCO (conglomerado),90.16,57.0,306.0,632181.0
2017,1º,Menos de quatro milhões de clientes,Banco/financeira,"PARATI - CREDITO, FINANCIAMENTO E INVESTIMENTO S.A.",,0.0,1.0,911.0
2017,1º,Mais de quatro milhões de clientes,Conglomerado,PERNAMBUCANAS (conglomerado),0.91,4.0,45.0,4374493.0
2017,1º,Menos de quatro milhões de clientes,Conglomerado,PINE (conglomerado),,0.0,1.0,3954.0
2017,1º,Menos de quatro milhões de clientes,Conglomerado,PORTO SEGURO (conglomerado),35.15,43.0,119.0,1223017.0
2017,1º,Menos de quatro milhões de clientes,Banco/financeira,"PORTOCRED S.A. - CREDITO, FINANCIAMENTO E INVESTIMENTO",,3.0,25.0,136246.0
2017,1º,Menos de quatro milhões de clientes,Conglomerado,RENDIMENTO (conglomerado),,0.0,9.0,17439.0
2017,1º,Menos de quatro milhões de clientes,Conglomerado,RODOBENS (conglomerado),,0.0,5.0,16847.0
2017,1º,Menos de quatro milhões de clientes,Conglomerado,SAFRA (conglomerado),107.1,104.0,614.0,971010.0
2017,1º,Menos de quatro milhões de clientes,Banco/financeira,"SANTANA S.A. - CRÉDITO, FINANCIAMENTO E INVESTIMENTO",,1.0,7.0,27995.0
2017,1º,Mais de quatro milhões de clientes,Conglomerado,SANTANDER (conglomerado),21.87,821.0,6206.0,37527740.0
2017,1º,Menos de quatro milhões de clientes,Conglomerado,SANTINVEST (conglomerado),,4.0,11.0,11575.0
2017,1º,Menos de quatro milhões de clientes,Banco/financeira,"SAX S.A. - CRÉDITO, FINANCIAMENTO E INVESTIMENTO",,0.0,14.0,289468.0
2017,1º,Menos de quatro milhões de clientes,Conglomerado,SCANIA (conglomerado),,0.0,2.0,3866.0
2017,1º,Menos de quatro milhões de clientes,Banco/financeira,"SENFF S.A. - CRÉDITO, FINANCIAMENTO E INVESTIMENTO",,0.0,2.0,42826.0
2017,1º,Menos de quatro milhões de clientes,Conglomerado,SICREDI (conglomerado),,0.0,1.0,2809169.0
2017,1º,Menos de quatro milhões de clientes,Conglomerado,SOCIETE GENERALE (conglomerado),,3.0,25.0,1593953.0
2017,1º,Menos de quatro milhões de clientes,Banco/financeira,"SOCINAL S.A. - CRÉDITO, FINANCIAMENTO E INVESTIMENTO",,0.0,1.0,1638.0
2017,1º,Menos de quatro milhões de clientes,Conglomerado,SOCOPA (conglomerado),,0.0,2.0,24946.0
2017,1º,Menos de quatro milhões de clientes,Conglomerado,SOFISA (conglomerado),,0.0,8.0,61599.0
2017,1º,Menos de quatro milhões de clientes,Banco/financeira,"SOROCRED   CRÉDITO, FINANCIAMENTO E INVESTIMENTO S.A.",,4.0,25.0,336140.0
2017,1º,Menos de quatro milhões de clientes,Banco/financeira,"VIA CERTA FINANCIADORA S.A. - CRÉDITO, FINANCIAMENTO E INVESTIMENTOS",,1.0,2.0,279160.0
2017,1º,Menos de quatro milhões de clientes,Conglomerado,VOLKSWAGEN (conglomerado),,2.0,53.0,494593.0
2017,1º,Menos de quatro milhões de clientes,Conglomerado,VOLVO (conglomerado),,0.0,1.0,10259.0
2017,1º,Mais de quatro milhões de clientes,Conglomerado,VOTORANTIM (conglomerado),7.78,32.0,562.0,4109589.0
2017,1º,Menos de quatro milhões de clientes,Conglomerado,WESTERN UNION (conglomerado),,1.0,5.0,3.0
2017,1º,Menos de quatro milhões de clientes,Conglomerado,YAMAHA MOTOR (conglomerado),,0.0,14.0,105588.0
2018,1º,Menos de quatro milhões de clientes,Conglomerado,ABC-BRASIL (conglomerado),,0.0,3.0,15734.0
2018,1º,Menos de quatro milhões de clientes,Conglomerado,AGIPLAN (conglomerado),,7.0,309.0,535631.0
2018,1º,Menos de quatro milhões de clientes,Banco/financeira,"AGORACRED S/A SOCIEDADE DE CRÉDITO, FINANCIAMENTO E INVESTIMENTO",,0.0,2.0,213303.0
2018,1º,Menos de quatro milhões de clientes,Conglomerado,ALFA (conglomerado),,14.0,53.0,433039.0
2018,1º,Menos de quatro milhões de clientes,Conglomerado,ANDBANK (conglomerado),,0.0,3.0,7184.0
2018,1º,Menos de quatro milhões de clientes,Banco/financeira,"AVISTA S.A. CRÉDITO, FINANCIAMENTO E INVESTIMENTO",,2.0,7.0,261085.0
2018,1º,Menos de quatro milhões de clientes,Banco/financeira,BANCO A.J. RENNER S.A.,,1.0,12.0,112932.0
2018,1º,Menos de quatro milhões de clientes,Banco/financeira,BANCO BM&FBOVESPA DE SERVIÇOS DE LIQUIDAÇÃO E CUSTÓDIA S.A.,,0.0,1.0,786.0
2018,1º,Menos de quatro milhões de clientes,Banco/financeira,BANCO CBSS S.A.,18.82,16.0,127.0,849816.0
2018,1º,Menos de quatro milhões de clientes,Banco/financeira,BANCO CNH INDUSTRIAL CAPITAL S.A.,,0.0,2.0,27509.0
2018,1º,Menos de quatro milhões de clientes,Banco/financeira,BANCO CSF S.A.,9.68,38.0,217.0,3924426.0
2018,1º,Menos de quatro milhões de clientes,Banco/financeira,BANCO DA AMAZONIA S.A.,,5.0,19.0,499353.0
2018,1º,Menos de quatro milhões de clientes,Banco/financeira,BANCO DE LA PROVINCIA DE BUENOS AIRES,,0.0,4.0,67.0
2018,1º,Menos de quatro milhões de clientes,Banco/financeira,BANCO DE LAGE LANDEN BRASIL S.A.,,0.0,2.0,41958.0
2018,1º,Menos de quatro milhões de clientes,Banco/financeira,BANCO DO ESTADO DE SERGIPE S.A.,53.0,51.0,84.0,962128.0
2018,1º,Menos de quatro milhões de clientes,Banco/financeira,BANCO DO ESTADO DO PARÁ S.A.,,14.0,99.0,691509.0
2018,1º,Mais de quatro milhões de clientes,Banco/financeira,BANCO DO NORDESTE DO BRASIL S.A.,0.46,3.0,52.0,6397101.0
2018,1º,Menos de quatro milhões de clientes,Banco/financeira,BANCO FIBRA S.A.,,0.0,7.0,167923.0
2018,1º,Menos de quatro milhões de clientes,Banco/financeira,BANCO FICSA S.A.,,0.0,3.0,34713.0
2018,1º,Menos de quatro milhões de clientes,Banco/financeira,BANCO FIDIS S/A,,0.0,1.0,1929.0
2018,1º,Menos de quatro milhões de clientes,Banco/financeira,BANCO FORD S.A.,,0.0,4.0,352.0
2018,1º,Menos de quatro milhões de clientes,Banco/financeira,BANCO INBURSA S.A.,,0.0,3.0,46.0
2018,1º,Menos de quatro milhões de clientes,Banco/financeira,BANCO NEON S.A.,,5.0,25.0,317352.0
2018,1º,Menos de quatro milhões de clientes,Banco/financeira,BANCO RIBEIRAO PRETO S.A.,,0.0,2.0,4423.0
2018,1º,Menos de quatro milhões de clientes,Banco/financeira,BANCO SEMEAR S.A.,,0.0,2.0,410246.0
2018,1º,Menos de quatro milhões de clientes,Banco/financeira,BANCO TOPÁZIO S.A.,,0.0,12.0,24302.0
2018,1º,Menos de quatro milhões de clientes,Banco/financeira,BANCO TOYOTA DO BRASIL S.A.,,1.0,18.0,142966.0
2018,1º,Menos de quatro milhões de clientes,Banco/financeira,BANCO TRIANGULO S.A.,,5.0,25.0,1527570.0
2018,1º,Menos de quatro milhões de clientes,Conglomerado,BANCOOB (conglomerado),,2.0,46.0,2091208.0
2018,1º,Menos de quatro milhões de clientes,Conglomerado,BANESTES (conglomerado),,14.0,29.0,1319406.0
2018,1º,Mais de quatro milhões de clientes,Conglomerado,BANRISUL (conglomerado),12.21,56.0,490.0,4585763.0
2018,1º,Menos de quatro milhões de clientes,Conglomerado,BARIGUI (conglomerado),,4.0,23.0,32369.0
2018,1º,Mais de quatro milhões de clientes,Conglomerado,BB (conglomerado),24.2,1504.0,7932.0,62141375.0
2018,1º,Menos de quatro milhões de clientes,Banco/financeira,BBVA BRASIL BANCO DE INVESTIMENTO S.A.,,0.0,2.0,0.0
2018,1º,Menos de quatro milhões de clientes,Conglomerado,BMG (conglomerado),31.29,119.0,1327.0,3802746.0
2018,1º,Menos de quatro milhões de clientes,Conglomerado,BMW (conglomerado),,0.0,2.0,17598.0
2018,1º,Menos de quatro milhões de clientes,Conglomerado,BNP PARIBAS (conglomerado),36.27,106.0,1059.0,2922450.0
2018,1º,Mais de quatro milhões de clientes,Conglomerado,BRADESCO (conglomerado),20.05,1886.0,9247.0,94058577.0
2018,1º,Menos de quatro milhões de clientes,Conglomerado,BRASIL PLURAL (conglomerado),,0.0,1.0,3334.0
2018,1º,Menos de quatro milhões de clientes,Conglomerado,BRB (conglomerado),311.77,262.0,497.0,840363.0
2018,1º,Menos de quatro milhões de clientes,Conglomerado,BTG PACTUAL (conglomerado),,0.0,3.0,52841.0
2018,1º,Mais de quatro milhões de clientes,Conglomerado,CAIXA ECONÔMICA FEDERAL (conglomerado),27.62,2444.0,11447.0,88470270.0
2018,1º,Menos de quatro milhões de clientes,Banco/financeira,"CARUANA S.A. - SOCIEDADE DE CRÉDITO, FINANCIAMENTO E INVESTIMENTO",,0.0,1.0,47691.0
2018,1º,Menos de quatro milhões de clientes,Conglomerado,CCB (conglomerado),,6.0,222.0,311390.0
2018,1º,Menos de quatro milhões de clientes,Conglomerado,CITIBANK (conglomerado),,2.0,13.0,557615.0
2018,1º,Menos de quatro milhões de clientes,Conglomerado,CREDIT SUISSE (conglomerado),,0.0,1.0,
2018,1º,Menos de quatro milhões de clientes,Conglomerado,CREFISA (conglomerado),,14.0,144.0,1453238.0
2018,1º,Menos de quatro milhões de clientes,Conglomerado,DACASA FINANCEIRA (conglomerado),,2.0,9.0,1244193.0
2018,1º,Menos de quatro milhões de clientes,Conglomerado,DAYCOVAL (conglomerado),,10.0,359.0,911707.0
2018,1º,Menos de quatro milhões de clientes,Banco/financeira,FACTA FINANCEIRA S.A. - CRÉDITO FINANCIAMENTO E INVESTIMENTO,,1.0,17.0,44254.0
2018,1º,Menos de quatro milhões de clientes,Banco/financeira,"FINAMAX S.A. - CREDITO, FINANCIAMENTO E INVESTIMENTO",,0.0,3.0,97016.0
2018,1º,Menos de quatro milhões de clientes,Conglomerado,GMAC (conglomerado),,3.0,42.0,429966.0
2018,1º,Menos de quatro milhões de clientes,Conglomerado,GRUPO BONSUCESSO - BS2 (conglomerado),,0.0,11.0,19005.0
2018,1º,Menos de quatro milhões de clientes,Conglomerado,GRUPO ZEMA (conglomerado),,0.0,1.0,247171.0
2018,1º,Menos de quatro milhões de clientes,Conglomerado,HERVAL - HS (conglomerado),,0.0,2.0,244433.0
2018,1º,Menos de quatro milhões de clientes,Conglomerado,HONDA (conglomerado),,1.0,20.0,458031.0
2018,1º,Menos de quatro milhões de clientes,Conglomerado,INDUSTRIAL DO BRASIL (conglomerado),,3.0,16.0,56709.0
2018,1º,Menos de quatro milhões de clientes,Conglomerado,INDUSVAL (conglomerado),,0.0,1.0,
2018,1º,Menos de quatro milhões de clientes,Conglomerado,INTERMEDIUM (conglomerado),67.59,46.0,518.0,680510.0
2018,1º,Mais de quatro milhões de clientes,Conglomerado,ITAU (conglomerado),14.58,1091.0,8278.0,74816448.0
2018,1º,Menos de quatro milhões de clientes,Conglomerado,JOHN DEERE (conglomerado),,0.0,1.0,13627.0
2018,1º,Menos de quatro milhões de clientes,Banco/financeira,"LEBES FINANCEIRA S.A. - CRÉDITO, FINANCIAMENTO E INVESTIMENTO",,0.0,1.0,172926.0
2018,1º,Menos de quatro milhões de clientes,Conglomerado,MÁXIMA (conglomerado),,0.0,3.0,4790.0
2018,1º,Menos de quatro milhões de clientes,Conglomerado,MERCANTIL DO BRASIL (conglomerado),16.97,44.0,312.0,2592156.0
2018,1º,Menos de quatro milhões de clientes,Conglomerado,MERCEDES-BENZ (conglomerado),,0.0,5.0,22756.0
2018,1º,Mais de quatro milhões de clientes,Banco/financeira,"MIDWAY S.A. - CRÉDITO, FINANCIAMENTO E INVESTIMENTO",3.5,25.0,179.0,7136916.0
2018,1º,Menos de quatro milhões de clientes,Conglomerado,MODAL (conglomerado),,4.0,11.0,4969.0
2018,1º,Menos de quatro milhões de clientes,Banco/financeira,"NEGRESCO S.A. - CREDITO, FINANCIAMENTO E INVESTIMENTOS",,0.0,1.0,529364.0
2018,1º,Menos de quatro milhões de clientes,Banco/financeira,NOVO BANCO CONTINENTAL S.A. - BANCO MÚLTIPLO,,2.0,2.0,11328.0
2018,1º,Menos de quatro milhões de clientes,Conglomerado,OMNI (conglomerado),,11.0,90.0,3660025.0
2018,1º,Menos de quatro milhões de clientes,Conglomerado,ORIGINAL (conglomerado),,4.0,136.0,660593.0
2018,1º,Menos de quatro milhões de clientes,Conglomerado,PAN (conglomerado),63.36,192.0,2170.0,3029941.0
2018,1º,Menos de quatro milhões de clientes,Conglomerado,PARANÁ BANCO (conglomerado),,11.0,238.0,634891.0
2018,1º,Menos de quatro milhões de clientes,Banco/financeira,"PARATI - CREDITO, FINANCIAMENTO E INVESTIMENTO S.A.",,0.0,1.0,833.0
2018,1º,Mais de quatro milhões de clientes,Banco/financeira,"PERNAMBUCANAS FINANCIADORA S.A. - CRÉDITO, FINANCIAMENTO E INVESTIMENTO",3.79,18.0,93.0,4747582.0
2018,1º,Menos de quatro milhões de clientes,Conglomerado,PORTO SEGURO (conglomerado),18.24,26.0,136.0,1424955.0
2018,1º,Menos de quatro milhões de clientes,Banco/financeira,"PORTOCRED S.A. - CREDITO, FINANCIAMENTO E INVESTIMENTO",,2.0,29.0,152128.0
2018,1º,Menos de quatro milhões de clientes,Banco/financeira,"REALIZE CRÉDITO, FINANCIAMENTO E INVESTIMENTO S.A.",43.56,33.0,113.0,757535.0
2018,1º,Menos de quatro milhões de clientes,Conglomerado,RENDIMENTO (conglomerado),,7.0,12.0,17782.0
2018,1º,Menos de quatro milhões de clientes,Conglomerado,RODOBENS (conglomerado),,0.0,7.0,14878.0
2018,1º,Menos de quatro milhões de clientes,Conglomerado,SAFRA (conglomerado),73.56,101.0,607.0,1372972.0
2018,1º,Menos de quatro milhões de clientes,Banco/financeira,"SANTANA S.A. - CRÉDITO, FINANCIAMENTO E INVESTIMENTO",,1.0,4.0,29579.0
2018,1º,Mais de quatro milhões de clientes,Conglomerado,SANTANDER (conglomerado),25.66,1038.0,7756.0,40441975.0
2018,1º,Menos de quatro milhões de clientes,Conglomerado,SANTINVEST (conglomerado),,1.0,3.0,13757.0
2018,1º,Menos de quatro milhões de clientes,Banco/financeira,"SAX S.A. - CRÉDITO, FINANCIAMENTO E INVESTIMENTO",,0.0,3.0,166722.0
2018,1º,Menos de quatro milhões de clientes,Banco/financeira,"SENFF S.A. - CRÉDITO, FINANCIAMENTO E INVESTIMENTO",,0.0,2.0,90357.0
2018,1º,Menos de quatro milhões de clientes,Conglomerado,SICREDI (conglomerado),,0.0,4.0,3345777.0
2018,1º,Menos de quatro milhões de clientes,Conglomerado,SOCIETE GENERALE (conglomerado),,2.0,9.0,1174.0
2018,1º,Menos de quatro milhões de clientes,Banco/financeira,"SOCINAL S.A. - CRÉDITO, FINANCIAMENTO E INVESTIMENTO",,0.0,6.0,4713.0
2018,1º,Menos de quatro milhões de clientes,Conglomerado,SOCOPA (conglomerado),,1.0,3.0,52750.0
2018,1º,Menos de quatro milhões de clientes,Conglomerado,SOFISA (conglomerado),,7.0,13.0,103132.0
2018,1º,Menos de quatro milhões de clientes,Banco/financeira,"SOROCRED   CRÉDITO, FINANCIAMENTO E INVESTIMENTO S.A.",,8.0,57.0,410242.0
2018,1º,Menos de quatro milhões de clientes,Banco/financeira,"TODESCREDI S/A - CRÉDITO, FINANCIAMENTO E INVESTIMENTO",,0.0,3.0,17383.0
2018,1º,Menos de quatro milhões de clientes,Banco/financeira,"VIA CERTA FINANCIADORA S.A. - CRÉDITO, FINANCIAMENTO E INVESTIMENTOS",,0.0,3.0,327692.0
2018,1º,Menos de quatro milhões de clientes,Conglomerado,VOLKSWAGEN (conglomerado),,4.0,48.0,394350.0
2018,1º,Menos de quatro milhões de clientes,Conglomerado,VOLVO (conglomerado),,0.0,2.0,9273.0
2018,1º,Mais de quatro milhões de clientes,Conglomerado,VOTORANTIM (conglomerado),6.38,26.0,543.0,4071209.0
2018,1º,Menos de quatro milhões de clientes,Conglomerado,WESTERN UNION (conglomerado),,0.0,7.0,3.0
2018,1º,Menos de quatro milhões de clientes,Conglomerado,YAMAHA MOTOR (conglomerado),,0.0,7.0,123136.0
2018,2º,Menos de quatro milhões de clientes,Conglomerado,ABC-BRASIL (conglomerado),,0.0,2.0,15746.0
2018,2º,Menos de quatro milhões de clientes,Conglomerado,AGIPLAN (conglomerado),143.57,100.0,477.0,696523.0
2018,2º,Menos de quatro milhões de clientes,Banco/financeira,"AGORACRED S/A SOCIEDADE DE CRÉDITO, FINANCIAMENTO E INVESTIMENTO",,0.0,6.0,221975.0
2018,2º,Menos de quatro milhões de clientes,Conglomerado,ALFA (conglomerado),,10.0,73.0,425588.0
2018,2º,Menos de quatro milhões de clientes,Conglomerado,ANDBANK (conglomerado),,0.0,5.0,7307.0
2018,2º,Menos de quatro milhões de clientes,Banco/financeira,"AVISTA S.A. CRÉDITO, FINANCIAMENTO E INVESTIMENTO",,1.0,16.0,345988.0
2018,2º,Menos de quatro milhões de clientes,Banco/financeira,BANCO A.J. RENNER S.A.,,0.0,4.0,118486.0
2018,2º,Menos de quatro milhões de clientes,Banco/financeira,BANCO ABN AMRO S.A.,,0.0,2.0,279.0
2018,2º,Menos de quatro milhões de clientes,Banco/financeira,BANCO ARBI S.A.,,1.0,5.0,7546.0
2018,2º,Menos de quatro milhões de clientes,Banco/financeira,BANCO CAPITAL S.A.,,0.0,2.0,1451.0
2018,2º,Menos de quatro milhões de clientes,Banco/financeira,BANCO CATERPILLAR S.A.,,0.0,1.0,4208.0
2018,2º,Menos de quatro milhões de clientes,Banco/financeira,BANCO CBSS S.A.,37.66,35.0,199.0,929319.0
2018,2º,Menos de quatro milhões de clientes,Banco/financeira,BANCO CEDULA S.A.,,0.0,1.0,18022.0
2018,2º,Menos de quatro milhões de clientes,Banco/financeira,BANCO CNH INDUSTRIAL CAPITAL S.A.,,0.0,6.0,26439.0
2018,2º,Mais de quatro milhões de clientes,Banco/financeira,BANCO CSF S.A.,5.84,24.0,258.0,4108744.0
2018,2º,Menos de quatro milhões de clientes,Banco/financeira,BANCO DA AMAZONIA S.A.,,3.0,19.0,499764.0
2018,2º,Menos de quatro milhões de clientes,Banco/financeira,BANCO DA CHINA BRASIL S.A.,,0.0,1.0,465.0
2018,2º,Menos de quatro milhões de clientes,Banco/financeira,BANCO DE LAGE LANDEN BRASIL S.A.,,0.0,1.0,41281.0
2018,2º,Menos de quatro milhões de clientes,Banco/financeira,BANCO DO ESTADO DE SERGIPE S.A.,,8.0,41.0,972392.0
2018,2º,Menos de quatro milhões de clientes,Banco/financeira,BANCO DO ESTADO DO PARÁ S.A.,,7.0,75.0,701613.0
2018,2º,Mais de quatro milhões de clientes,Banco/financeira,BANCO DO NORDESTE DO BRASIL S.A.,0.61,4.0,69.0,6530350.0
2018,2º,Menos de quatro milhões de clientes,Banco/financeira,BANCO FIBRA S.A.,,2.0,20.0,168768.0
2018,2º,Menos de quatro milhões de clientes,Banco/financeira,BANCO FICSA S.A.,,1.0,1.0,628.0
2018,2º,Menos de quatro milhões de clientes,Banco/financeira,BANCO FIDIS S/A,,0.0,1.0,4737.0
2018,2º,Menos de quatro milhões de clientes,Banco/financeira,BANCO FORD S.A.,,0.0,1.0,348.0
2018,2º,Menos de quatro milhões de clientes,Banco/financeira,BANCO LUSO BRASILEIRO S.A.,,0.0,1.0,10614.0
2018,2º,Menos de quatro milhões de clientes,Banco/financeira,BANCO NEON S.A.,,2.0,12.0,418083.0
2018,2º,Menos de quatro milhões de clientes,Banco/financeira,BANCO RIBEIRAO PRETO S.A.,,0.0,1.0,4494.0
2018,2º,Menos de quatro milhões de clientes,Banco/financeira,BANCO SEMEAR S.A.,,0.0,5.0,409890.0
2018,2º,Menos de quatro milhões de clientes,Banco/financeira,BANCO TOPÁZIO S.A.,,2.0,18.0,22977.0
2018,2º,Menos de quatro milhões de clientes,Banco/financeira,BANCO TOYOTA DO BRASIL S.A.,,2.0,21.0,146240.0
2018,2º,Menos de quatro milhões de clientes,Banco/financeira,BANCO TRIANGULO S.A.,,6.0,30.0,1597422.0
2018,2º,Menos de quatro milhões de clientes,Conglomerado,BANCOOB (conglomerado),,13.0,58.0,2189432.0
2018,2º,Menos de quatro milhões de clientes,Conglomerado,BANESTES (conglomerado),17.82,22.0,46.0,1233897.0
2018,2º,Mais de quatro milhões de clientes,Conglomerado,BANRISUL (conglomerado),18.57,86.0,600.0,4628899.0
2018,2º,Menos de quatro milhões de clientes,Conglomerado,BARIGUI (conglomerado),,8.0,21.0,32290.0
2018,2º,Mais de quatro milhões de clientes,Conglomerado,BB (conglomerado),20.85,1301.0,8728.0,62371119.0
2018,2º,Menos de quatro milhões de clientes,Conglomerado,BMG (conglomerado),30.42,112.0,1391.0,3680899.0
2018,2º,Menos de quatro milhões de clientes,Conglomerado,BMW (conglomerado),,0.0,1.0,20377.0
2018,2º,Menos de quatro milhões de clientes,Conglomerado,BNP PARIBAS (conglomerado),40.98,122.0,1289.0,2976817.0
2018,2º,Menos de quatro milhões de clientes,Conglomerado,BOCOM (conglomerado),,0.0,1.0,13984.0
2018,2º,Mais de quatro milhões de clientes,Conglomerado,BRADESCO (conglomerado),19.61,1860.0,9418.0,94813604.0
2018,2º,Menos de quatro milhões de clientes,Conglomerado,BRASIL PLURAL (conglomerado),,0.0,1.0,3460.0
2018,2º,Menos de quatro milhões de clientes,Conglomerado,BRB (conglomerado),130.16,111.0,414.0,852744.0
2018,2º,Menos de quatro milhões de clientes,Conglomerado,BTG PACTUAL (conglomerado),,0.0,3.0,104582.0
2018,2º,Mais de quatro milhões de clientes,Conglomerado,CAIXA ECONÔMICA FEDERAL (conglomerado),27.68,2475.0,11615.0,89400030.0
2018,2º,Menos de quatro milhões de clientes,Conglomerado,CAIXA GERAL (conglomerado),,0.0,1.0,1598.0
2018,2º,Menos de quatro milhões de clientes,Banco/financeira,"CARUANA S.A. - SOCIEDADE DE CRÉDITO, FINANCIAMENTO E INVESTIMENTO",,1.0,4.0,51076.0
2018,2º,Menos de quatro milhões de clientes,Conglomerado,CCB (conglomerado),,2.0,195.0,297336.0
2018,2º,Menos de quatro milhões de clientes,Conglomerado,CITIBANK (conglomerado),,1.0,15.0,312172.0
2018,2º,Menos de quatro milhões de clientes,Conglomerado,CREFISA (conglomerado),,4.0,160.0,1505745.0
2018,2º,Menos de quatro milhões de clientes,Conglomerado,DACASA FINANCEIRA (conglomerado),,2.0,17.0,1262583.0
2018,2º,Menos de quatro milhões de clientes,Conglomerado,DAYCOVAL (conglomerado),,9.0,328.0,906680.0
2018,2º,Menos de quatro milhões de clientes,Banco/financeira,FACTA FINANCEIRA S.A. - CRÉDITO FINANCIAMENTO E INVESTIMENTO,,0.0,56.0,49920.0
2018,2º,Menos de quatro milhões de clientes,Banco/financeira,"FINAMAX S.A. - CREDITO, FINANCIAMENTO E INVESTIMENTO",,0.0,3.0,97449.0
2018,2º,Menos de quatro milhões de clientes,Conglomerado,GMAC (conglomerado),,2.0,78.0,415584.0
2018,2º,Menos de quatro milhões de clientes,Conglomerado,GOLCRED (conglomerado),,0.0,1.0,8423.0
2018,2º,Menos de quatro milhões de clientes,Conglomerado,GRUPO BONSUCESSO - BS2 (conglomerado),,0.0,4.0,18199.0
2018,2º,Menos de quatro milhões de clientes,Conglomerado,GRUPO ZEMA (conglomerado),,0.0,2.0,258443.0
2018,2º,Menos de quatro milhões de clientes,Conglomerado,HONDA (conglomerado),,0.0,27.0,460271.0
2018,2º,Menos de quatro milhões de clientes,Conglomerado,INDUSTRIAL DO BRASIL (conglomerado),,2.0,16.0,56260.0
2018,2º,Menos de quatro milhões de clientes,Conglomerado,INDUSVAL (conglomerado),,0.0,4.0,4825.0
2018,2º,Menos de quatro milhões de clientes,Conglomerado,INTERMEDIUM (conglomerado),45.26,39.0,577.0,861544.0
2018,2º,Mais de quatro milhões de clientes,Conglomerado,ITAU (conglomerado),18.61,1409.0,8346.0,75682726.0
2018,2º,Menos de quatro milhões de clientes,Banco/financeira,"JBCRED S.A. SOCIEDADE DE CREDITO, FINANCIAMENTO E INVESTIMENTO",,1.0,8.0,111515.0
2018,2º,Menos de quatro milhões de clientes,Conglomerado,JP MORGAN CHASE (conglomerado),,0.0,1.0,3768.0
2018,2º,Menos de quatro milhões de clientes,Banco/financeira,"LEBES FINANCEIRA S.A. - CRÉDITO, FINANCIAMENTO E INVESTIMENTO",,0.0,1.0,173681.0
2018,2º,Menos de quatro milhões de clientes,Conglomerado,LECCA (conglomerado),,1.0,2.0,23004.0
2018,2º,Menos de quatro milhões de clientes,Conglomerado,MERCANTIL DO BRASIL (conglomerado),9.52,25.0,338.0,2625460.0
2018,2º,Menos de quatro milhões de clientes,Conglomerado,MERCEDES-BENZ (conglomerado),,0.0,2.0,22317.0
2018,2º,Mais de quatro milhões de clientes,Banco/financeira,"MIDWAY S.A. - CRÉDITO, FINANCIAMENTO E INVESTIMENTO",4.38,32.0,210.0,7292931.0
2018,2º,Menos de quatro milhões de clientes,Conglomerado,MODAL (conglomerado),,1.0,6.0,5086.0
2018,2º,Menos de quatro milhões de clientes,Banco/financeira,"NEGRESCO S.A. - CREDITO, FINANCIAMENTO E INVESTIMENTOS",,0.0,1.0,532779.0
2018,2º,Menos de quatro milhões de clientes,Banco/financeira,NOVO BANCO CONTINENTAL S.A. - BANCO MÚLTIPLO,,2.0,4.0,23201.0
2018,2º,Menos de quatro milhões de clientes,Conglomerado,OMNI (conglomerado),,8.0,88.0,3667584.0
2018,2º,Menos de quatro milhões de clientes,Conglomerado,ORIGINAL (conglomerado),,14.0,115.0,692442.0
2018,2º,Menos de quatro milhões de clientes,Conglomerado,OURINVEST (conglomerado),,1.0,2.0,18958.0
2018,2º,Menos de quatro milhões de clientes,Conglomerado,PAN (conglomerado),88.28,274.0,2401.0,3103578.0
2018,2º,Menos de quatro milhões de clientes,Conglomerado,PARANÁ BANCO (conglomerado),133.75,68.0,356.0,508390.0
2018,2º,Menos de quatro milhões de clientes,Banco/financeira,"PARATI - CREDITO, FINANCIAMENTO E INVESTIMENTO S.A.",,0.0,1.0,815.0
2018,2º,Mais de quatro milhões de clientes,Banco/financeira,"PERNAMBUCANAS FINANCIADORA S.A. - CRÉDITO, FINANCIAMENTO E INVESTIMENTO",4.55,22.0,84.0,4829461.0
2018,2º,Menos de quatro milhões de clientes,Conglomerado,PINE (conglomerado),,0.0,1.0,6132.0
2018,2º,Menos de quatro milhões de clientes,Conglomerado,PORTO SEGURO (conglomerado),36.84,53.0,173.0,1438338.0
2018,2º,Menos de quatro milhões de clientes,Banco/financeira,"PORTOCRED S.A. - CREDITO, FINANCIAMENTO E INVESTIMENTO",,4.0,28.0,168142.0
2018,2º,Menos de quatro milhões de clientes,Banco/financeira,"REALIZE CRÉDITO, FINANCIAMENTO E INVESTIMENTO S.A.",36.98,30.0,109.0,811066.0
2018,2º,Menos de quatro milhões de clientes,Conglomerado,RENDIMENTO (conglomerado),,2.0,8.0,17587.0
2018,2º,Menos de quatro milhões de clientes,Conglomerado,RODOBENS (conglomerado),,0.0,14.0,14593.0
2018,2º,Menos de quatro milhões de clientes,Conglomerado,SAFRA (conglomerado),78.42,118.0,959.0,1504563.0
2018,2º,Menos de quatro milhões de clientes,Banco/financeira,"SANTANA S.A. - CRÉDITO, FINANCIAMENTO E INVESTIMENTO",,0.0,7.0,29858.0
2018,2º,Mais de quatro milhões de clientes,Conglomerado,SANTANDER (conglomerado),38.14,1576.0,8467.0,41311632.0
2018,2º,Menos de quatro milhões de clientes,Conglomerado,SANTINVEST (conglomerado),,2.0,5.0,14082.0
2018,2º,Menos de quatro milhões de clientes,Banco/financeira,"SAX S.A. - CRÉDITO, FINANCIAMENTO E INVESTIMENTO",,0.0,5.0,147884.0
2018,2º,Menos de quatro milhões de clientes,Conglomerado,SCANIA (conglomerado),,0.0,1.0,3960.0
2018,2º,Menos de quatro milhões de clientes,Conglomerado,SOCIETE GENERALE (conglomerado),,1.0,10.0,1094.0
2018,2º,Menos de quatro milhões de clientes,Banco/financeira,"SOCINAL S.A. - CRÉDITO, FINANCIAMENTO E INVESTIMENTO",,0.0,7.0,5018.0
2018,2º,Menos de quatro milhões de clientes,Conglomerado,SOCOPA (conglomerado),,0.0,2.0,53495.0
2018,2º,Menos de quatro milhões de clientes,Conglomerado,SOFISA (conglomerado),,4.0,11.0,113356.0
2018,2º,Menos de quatro milhões de clientes,Banco/financeira,"SOROCRED   CRÉDITO, FINANCIAMENTO E INVESTIMENTO S.A.",,6.0,55.0,438160.0
2018,2º,Menos de quatro milhões de clientes,Banco/financeira,"TODESCREDI S/A - CRÉDITO, FINANCIAMENTO E INVESTIMENTO",,0.0,3.0,18670.0
2018,2º,Menos de quatro milhões de clientes,Banco/financeira,"VIA CERTA FINANCIADORA S.A. - CRÉDITO, FINANCIAMENTO E INVESTIMENTOS",,0.0,1.0,343265.0
2018,2º,Menos de quatro milhões de clientes,Conglomerado,VOLKSWAGEN (conglomerado),,0.0,63.0,379863.0
2018,2º,Menos de quatro milhões de clientes,Conglomerado,VOLVO (conglomerado),,0.0,7.0,9174.0
2018,2º,Mais de quatro milhões de clientes,Conglomerado,VOTORANTIM (conglomerado),14.1,63.0,699.0,4465765.0
2018,2º,Menos de quatro milhões de clientes,Conglomerado,WESTERN UNION (conglomerado),,13.0,32.0,3.0
2018,2º,Menos de quatro milhões de clientes,Conglomerado,YAMAHA MOTOR (conglomerado),,0.0,11.0,129081.0
2018,3º,Menos de quatro milhões de clientes,Conglomerado,AGIPLAN (conglomerado),122.15,109.0,541.0,892307.0
2018,3º,Menos de quatro milhões de clientes,Banco/financeira,"AGORACRED S/A SOCIEDADE DE CRÉDITO, FINANCIAMENTO E INVESTIMENTO",,1.0,2.0,235633.0
2018,3º,Menos de quatro milhões de clientes,Conglomerado,ALFA (conglomerado),,12.0,96.0,415592.0
2018,3º,Menos de quatro milhões de clientes,Conglomerado,ANDBANK (conglomerado),,2.0,9.0,7900.0
2018,3º,Menos de quatro milhões de clientes,Banco/financeira,"AVISTA S.A. CRÉDITO, FINANCIAMENTO E INVESTIMENTO",,8.0,38.0,656153.0
2018,3º,Menos de quatro milhões de clientes,Banco/financeira,BANCO A.J. RENNER S.A.,,2.0,8.0,132457.0
2018,3º,Menos de quatro milhões de clientes,Banco/financeira,BANCO ARBI S.A.,,3.0,5.0,8425.0
2018,3º,Menos de quatro milhões de clientes,Banco/financeira,BANCO B3 S.A.,,0.0,4.0,789.0
2018,3º,Menos de quatro milhões de clientes,Banco/financeira,BANCO CBSS S.A.,26.05,24.0,197.0,921130.0
2018,3º,Menos de quatro milhões de clientes,Banco/financeira,BANCO CNH INDUSTRIAL CAPITAL S.A.,,1.0,3.0,26413.0
2018,3º,Mais de quatro milhões de clientes,Banco/financeira,BANCO CSF S.A.,5.87,25.0,249.0,4256399.0
2018,3º,Menos de quatro milhões de clientes,Banco/financeira,BANCO DA AMAZONIA S.A.,,4.0,13.0,501310.0
2018,3º,Menos de quatro milhões de clientes,Banco/financeira,BANCO DE LAGE LANDEN BRASIL S.A.,,0.0,1.0,40538.0
2018,3º,Menos de quatro milhões de clientes,Banco/financeira,BANCO DO ESTADO DE SERGIPE S.A.,,8.0,26.0,971049.0
2018,3º,Menos de quatro milhões de clientes,Banco/financeira,BANCO DO ESTADO DO PARÁ S.A.,,10.0,79.0,710032.0
2018,3º,Mais de quatro milhões de clientes,Banco/financeira,BANCO DO NORDESTE DO BRASIL S.A.,0.29,2.0,50.0,6666785.0
2018,3º,Menos de quatro milhões de clientes,Banco/financeira,BANCO FIBRA S.A.,,4.0,13.0,167514.0
2018,3º,Menos de quatro milhões de clientes,Banco/financeira,BANCO FIDIS S/A,,0.0,1.0,2431.0
2018,3º,Menos de quatro milhões de clientes,Banco/financeira,BANCO FORD S.A.,,0.0,1.0,372.0
2018,3º,Menos de quatro milhões de clientes,Banco/financeira,BANCO INBURSA S.A.,,0.0,1.0,51.0
2018,3º,Menos de quatro milhões de clientes,Banco/financeira,BANCO SEMEAR S.A.,,0.0,3.0,402111.0
2018,3º,Menos de quatro milhões de clientes,Banco/financeira,BANCO TOYOTA DO BRASIL S.A.,,1.0,19.0,148874.0
2018,3º,Menos de quatro milhões de clientes,Banco/financeira,BANCO TRIANGULO S.A.,,10.0,33.0,1667111.0
2018,3º,Menos de quatro milhões de clientes,Banco/financeira,BANCO WOORI BANK DO BRASIL S.A.,,0.0,1.0,2560.0
2018,3º,Menos de quatro milhões de clientes,Conglomerado,BANCOOB (conglomerado),,9.0,42.0,2293999.0
2018,3º,Menos de quatro milhões de clientes,Conglomerado,BANESTES (conglomerado),,8.0,40.0,1239517.0
2018,3º,Mais de quatro milhões de clientes,Conglomerado,BANRISUL (conglomerado),15.81,73.0,637.0,4614851.0
2018,3º,Menos de quatro milhões de clientes,Conglomerado,BARIGUI (conglomerado),,6.0,29.0,32083.0
2018,3º,Mais de quatro milhões de clientes,Conglomerado,BB (conglomerado),25.22,1590.0,8047.0,63027888.0
2018,3º,Menos de quatro milhões de clientes,Conglomerado,BMG (conglomerado),33.05,125.0,1116.0,3781509.0
2018,3º,Menos de quatro milhões de clientes,Conglomerado,BMW (conglomerado),,0.0,4.0,20034.0
2018,3º,Menos de quatro milhões de clientes,Conglomerado,BNP PARIBAS (conglomerado),35.52,108.0,1174.0,3040090.0
2018,3º,Menos de quatro milhões de clientes,Conglomerado,BNY MELLON (conglomerado),,0.0,1.0,39785.0
2018,3º,Menos de quatro milhões de clientes,Conglomerado,BOCOM (conglomerado),,1.0,1.0,12454.0
2018,3º,Mais de quatro milhões de clientes,Conglomerado,BRADESCO (conglomerado),22.55,2151.0,9484.0,95352320.0
2018,3º,Menos de quatro milhões de clientes,Conglomerado,BRASIL PLURAL (conglomerado),,0.0,1.0,3585.0
2018,3º,Menos de quatro milhões de clientes,Conglomerado,BRB (conglomerado),91.51,79.0,332.0,863203.0
2018,3º,Menos de quatro milhões de clientes,Conglomerado,BTG PACTUAL (conglomerado),,0.0,3.0,108213.0
2018,3º,Mais de quatro milhões de clientes,Conglomerado,CAIXA ECONÔMICA FEDERAL (conglomerado),21.64,1950.0,10955.0,90088307.0
2018,3º,Menos de quatro milhões de clientes,Conglomerado,CAIXA GERAL (conglomerado),,0.0,1.0,1378.0
2018,3º,Menos de quatro milhões de clientes,Banco/financeira,"CARUANA S.A. - SOCIEDADE DE CRÉDITO, FINANCIAMENTO E INVESTIMENTO",,4.0,14.0,55983.0
2018,3º,Menos de quatro milhões de clientes,Conglomerado,CCB (conglomerado),,1.0,173.0,284363.0
2018,3º,Menos de quatro milhões de clientes,Conglomerado,CITIBANK (conglomerado),,0.0,7.0,25345.0
2018,3º,Menos de quatro milhões de clientes,Conglomerado,CREFISA (conglomerado),,8.0,172.0,1539033.0
2018,3º,Menos de quatro milhões de clientes,Conglomerado,DACASA FINANCEIRA (conglomerado),,1.0,16.0,1289777.0
2018,3º,Menos de quatro milhões de clientes,Conglomerado,DAYCOVAL (conglomerado),109.02,99.0,502.0,908013.0
2018,3º,Menos de quatro milhões de clientes,Banco/financeira,FACTA FINANCEIRA S.A. - CRÉDITO FINANCIAMENTO E INVESTIMENTO,325.72,18.0,174.0,55261.0
2018,3º,Menos de quatro milhões de clientes,Banco/financeira,"FINAMAX S.A. - CREDITO, FINANCIAMENTO E INVESTIMENTO",,0.0,5.0,98448.0
2018,3º,Menos de quatro milhões de clientes,Conglomerado,GMAC (conglomerado),,1.0,62.0,398259.0
2018,3º,Menos de quatro milhões de clientes,Conglomerado,GRUPO BONSUCESSO - BS2 (conglomerado),,0.0,4.0,16974.0
2018,3º,Menos de quatro milhões de clientes,Conglomerado,HERVAL - HS (conglomerado),,1.0,1.0,235292.0
2018,3º,Menos de quatro milhões de clientes,Conglomerado,HONDA (conglomerado),,3.0,31.0,467505.0
2018,3º,Menos de quatro milhões de clientes,Conglomerado,INDUSTRIAL DO BRASIL (conglomerado),,10.0,37.0,57673.0
2018,3º,Menos de quatro milhões de clientes,Conglomerado,INDUSVAL (conglomerado),,0.0,4.0,
2018,3º,Menos de quatro milhões de clientes,Conglomerado,INTERMEDIUM (conglomerado),157.88,178.0,859.0,1127388.0
2018,3º,Mais de quatro milhões de clientes,Conglomerado,ITAU (conglomerado),18.18,1393.0,8798.0,76590668.0
2018,3º,Menos de quatro milhões de clientes,Banco/financeira,"JBCRED S.A. SOCIEDADE DE CREDITO, FINANCIAMENTO E INVESTIMENTO",,1.0,11.0,119894.0
2018,3º,Menos de quatro milhões de clientes,Banco/financeira,"LEBES FINANCEIRA S.A. - CRÉDITO, FINANCIAMENTO E INVESTIMENTO",,0.0,1.0,2.0
2018,3º,Menos de quatro milhões de clientes,Conglomerado,LECCA (conglomerado),,1.0,3.0,23396.0
2018,3º,Menos de quatro milhões de clientes,Conglomerado,MÁXIMA (conglomerado),,0.0,1.0,4674.0
2018,3º,Menos de quatro milhões de clientes,Conglomerado,MERCANTIL DO BRASIL (conglomerado),5.98,16.0,245.0,2671375.0
2018,3º,Menos de quatro milhões de clientes,Conglomerado,MERCEDES-BENZ (conglomerado),,0.0,1.0,21734.0
2018,3º,Mais de quatro milhões de clientes,Banco/financeira,"MIDWAY S.A. - CRÉDITO, FINANCIAMENTO E INVESTIMENTO",4.67,35.0,233.0,7478787.0
2018,3º,Menos de quatro milhões de clientes,Conglomerado,MODAL (conglomerado),,0.0,3.0,5097.0
2018,3º,Menos de quatro milhões de clientes,Banco/financeira,"NEGRESCO S.A. - CREDITO, FINANCIAMENTO E INVESTIMENTOS",,0.0,1.0,535307.0
2018,3º,Menos de quatro milhões de clientes,Banco/financeira,NOVO BANCO CONTINENTAL S.A. - BANCO MÚLTIPLO,,1.0,18.0,31656.0
2018,3º,Menos de quatro milhões de clientes,Conglomerado,OMNI (conglomerado),,12.0,135.0,3677861.0
2018,3º,Menos de quatro milhões de clientes,Conglomerado,ORIGINAL (conglomerado),31.96,23.0,192.0,719512.0
2018,3º,Menos de quatro milhões de clientes,Conglomerado,PAN (conglomerado),128.76,403.0,2705.0,3129779.0
2018,3º,Menos de quatro milhões de clientes,Conglomerado,PARANÁ BANCO (conglomerado),116.18,58.0,306.0,499202.0
2018,3º,Menos de quatro milhões de clientes,Banco/financeira,"PARATI - CREDITO, FINANCIAMENTO E INVESTIMENTO S.A.",,0.0,1.0,797.0
2018,3º,Mais de quatro milhões de clientes,Banco/financeira,"PERNAMBUCANAS FINANCIADORA S.A. - CRÉDITO, FINANCIAMENTO E INVESTIMENTO",7.19,35.0,106.0,4864540.0
2018,3º,Menos de quatro milhões de clientes,Conglomerado,PINE (conglomerado),,1.0,1.0,6541.0
2018,3º,Menos de quatro milhões de clientes,Conglomerado,PORTO SEGURO (conglomerado),32.95,48.0,184.0,1456481.0
2018,3º,Menos de quatro milhões de clientes,Banco/financeira,"PORTOCRED S.A. - CREDITO, FINANCIAMENTO E INVESTIMENTO",,6.0,30.0,182265.0
2018,3º,Menos de quatro milhões de clientes,Banco/financeira,"REALIZE CRÉDITO, FINANCIAMENTO E INVESTIMENTO S.A.",29.66,26.0,101.0,876467.0
2018,3º,Menos de quatro milhões de clientes,Conglomerado,RENDIMENTO (conglomerado),,2.0,11.0,18374.0
2018,3º,Menos de quatro milhões de clientes,Conglomerado,RODOBENS (conglomerado),,0.0,10.0,14033.0
2018,3º,Menos de quatro milhões de clientes,Conglomerado,SAFRA (conglomerado),90.93,148.0,972.0,1627532.0
2018,3º,Menos de quatro milhões de clientes,Banco/financeira,"SANTANA S.A. - CRÉDITO, FINANCIAMENTO E INVESTIMENTO",,1.0,3.0,29378.0
2018,3º,Mais de quatro milhões de clientes,Conglomerado,SANTANDER (conglomerado),22.1,933.0,7950.0,42206739.0
2018,3º,Menos de quatro milhões de clientes,Banco/financeira,"SANTINVEST S.A. - CREDITO, FINANCIAMENTO E INVESTIMENTOS",,2.0,5.0,13999.0
2018,3º,Menos de quatro milhões de clientes,Banco/financeira,"SAX S.A. - CRÉDITO, FINANCIAMENTO E INVESTIMENTO",,3.0,8.0,280222.0
2018,3º,Menos de quatro milhões de clientes,Banco/financeira,"SENFF S.A. - CRÉDITO, FINANCIAMENTO E INVESTIMENTO",,0.0,1.0,65218.0
2018,3º,Menos de quatro milhões de clientes,Conglomerado,SICREDI (conglomerado),,0.0,5.0,3647185.0
2018,3º,Menos de quatro milhões de clientes,Conglomerado,SOCIETE GENERALE (conglomerado),,1.0,7.0,1060.0
2018,3º,Menos de quatro milhões de clientes,Banco/financeira,"SOCINAL S.A. - CRÉDITO, FINANCIAMENTO E INVESTIMENTO",,0.0,6.0,5175.0
2018,3º,Menos de quatro milhões de clientes,Conglomerado,SOCOPA (conglomerado),,1.0,2.0,54416.0
2018,3º,Menos de quatro milhões de clientes,Conglomerado,SOFISA (conglomerado),,7.0,26.0,124732.0
2018,3º,Menos de quatro milhões de clientes,Banco/financeira,"SOROCRED   CRÉDITO, FINANCIAMENTO E INVESTIMENTO S.A.",,7.0,66.0,314502.0
2018,3º,Menos de quatro milhões de clientes,Banco/financeira,"VIA CERTA FINANCIADORA S.A. - CRÉDITO, FINANCIAMENTO E INVESTIMENTOS",,0.0,1.0,358757.0
2018,3º,Menos de quatro milhões de clientes,Conglomerado,VOLKSWAGEN (conglomerado),,0.0,84.0,370813.0
2018,3º,Menos de quatro milhões de clientes,Conglomerado,VOLVO (conglomerado),,0.0,2.0,8889.0
2018,3º,Mais de quatro milhões de clientes,Conglomerado,VOTORANTIM (conglomerado),12.93,59.0,816.0,4562852.0
2018,3º,Menos de quatro milhões de clientes,Conglomerado,VR (conglomerado),,1.0,1.0,74.0
2018,3º,Menos de quatro milhões de clientes,Conglomerado,WESTERN UNION (conglomerado),,4.0,9.0,3.0
2018,3º,Menos de quatro milhões de clientes,Conglomerado,YAMAHA MOTOR (conglomerado),,0.0,9.0,135010.0
2018,4º,Menos de quatro milhões de clientes,Conglomerado,AGIBANK (conglomerado),119.0,128.0,484.0,1075581.0
2018,4º,Menos de quatro milhões de clientes,Banco/financeira,"AGORACRED S/A SOCIEDADE DE CRÉDITO, FINANCIAMENTO E INVESTIMENTO",,1.0,1.0,250690.0
2018,4º,Menos de quatro milhões de clientes,Conglomerado,ALFA (conglomerado),,14.0,87.0,411710.0
2018,4º,Menos de quatro milhões de clientes,Conglomerado,ANDBANK (conglomerado),,0.0,3.0,8203.0
2018,4º,Menos de quatro milhões de clientes,Banco/financeira,"AVISTA S.A. CRÉDITO, FINANCIAMENTO E INVESTIMENTO",25.66,21.0,70.0,818198.0
2018,4º,Menos de quatro milhões de clientes,Banco/financeira,BANCO A.J. RENNER S.A.,,3.0,17.0,137904.0
2018,4º,Menos de quatro milhões de clientes,Banco/financeira,BANCO ARBI S.A.,,2.0,2.0,8609.0
2018,4º,Menos de quatro milhões de clientes,Banco/financeira,BANCO B3 S.A.,,0.0,2.0,780.0
2018,4º,Menos de quatro milhões de clientes,Banco/financeira,BANCO CBSS S.A.,38.35,40.0,170.0,1042882.0
2018,4º,Menos de quatro milhões de clientes,Banco/financeira,BANCO CLASSICO S.A.,,0.0,1.0,19.0
2018,4º,Mais de quatro milhões de clientes,Banco/financeira,BANCO CSF S.A.,7.18,32.0,227.0,4453364.0
2018,4º,Menos de quatro milhões de clientes,Banco/financeira,BANCO DA AMAZONIA S.A.,,8.0,14.0,502463.0
2018,4º,Menos de quatro milhões de clientes,Banco/financeira,BANCO DE LAGE LANDEN BRASIL S.A.,,1.0,5.0,38980.0
2018,4º,Menos de quatro milhões de clientes,Banco/financeira,BANCO DO ESTADO DE SERGIPE S.A.,,12.0,42.0,977751.0
2018,4º,Menos de quatro milhões de clientes,Banco/financeira,BANCO DO ESTADO DO PARÁ S.A.,34.85,25.0,75.0,717183.0
2018,4º,Mais de quatro milhões de clientes,Banco/financeira,BANCO DO NORDESTE DO BRASIL S.A.,0.88,6.0,51.0,6801381.0
2018,4º,Menos de quatro milhões de clientes,Banco/financeira,BANCO FIBRA S.A.,,4.0,13.0,166189.0
2018,4º,Menos de quatro milhões de clientes,Banco/financeira,BANCO FICSA S.A.,,0.0,2.0,33981.0
2018,4º,Menos de quatro milhões de clientes,Banco/financeira,BANCO FIDIS S/A,,1.0,1.0,931.0
2018,4º,Menos de quatro milhões de clientes,Banco/financeira,BANCO FORD S.A.,,0.0,3.0,387.0
2018,4º,Menos de quatro milhões de clientes,Banco/financeira,BANCO LUSO BRASILEIRO S.A.,,0.0,1.0,10585.0
2018,4º,Menos de quatro milhões de clientes,Banco/financeira,BANCO MUFG BRASIL S.A.,,0.0,2.0,2862.0
2018,4º,Menos de quatro milhões de clientes,Banco/financeira,BANCO RABOBANK INTERNATIONAL BRASIL S.A.,,0.0,1.0,3910.0
2018,4º,Menos de quatro milhões de clientes,Banco/financeira,BANCO SEMEAR S.A.,,2.0,6.0,322145.0
2018,4º,Menos de quatro milhões de clientes,Banco/financeira,BANCO TOPÁZIO S.A.,,1.0,8.0,15358.0
2018,4º,Menos de quatro milhões de clientes,Banco/financeira,BANCO TOYOTA DO BRASIL S.A.,,2.0,13.0,155633.0
2018,4º,Menos de quatro milhões de clientes,Banco/financeira,BANCO TRIANGULO S.A.,8.76,15.0,38.0,1712280.0
2018,4º,Menos de quatro milhões de clientes,Conglomerado,BANCOOB (conglomerado),9.94,24.0,74.0,2412762.0
2018,4º,Menos de quatro milhões de clientes,Conglomerado,BANESTES (conglomerado),,11.0,36.0,1243939.0
2018,4º,Menos de quatro milhões de clientes,Banco/financeira,"BANIF - BANCO INTERNACIONAL DO FUNCHAL (BRASIL), S.A. - EM LIQUIDAÇÃO ORDINÁRIA",,0.0,4.0,349.0
2018,4º,Mais de quatro milhões de clientes,Conglomerado,BANRISUL (conglomerado),19.3,91.0,713.0,4713393.0
2018,4º,Menos de quatro milhões de clientes,Conglomerado,BARIGUI (conglomerado),,3.0,20.0,32086.0
2018,4º,Mais de quatro milhões de clientes,Conglomerado,BB (conglomerado),24.98,1585.0,7830.0,63432189.0
2018,4º,Menos de quatro milhões de clientes,Conglomerado,BMG (conglomerado),63.97,249.0,1096.0,3892117.0
2018,4º,Menos de quatro milhões de clientes,Conglomerado,BMW (conglomerado),,0.0,4.0,20052.0
2018,4º,Menos de quatro milhões de clientes,Conglomerado,BNP PARIBAS (conglomerado),95.45,288.0,1274.0,3017045.0
2018,4º,Menos de quatro milhões de clientes,Conglomerado,BOFA MERRILL LYNCH (conglomerado),,0.0,2.0,1861.0
2018,4º,Mais de quatro milhões de clientes,Conglomerado,BRADESCO (conglomerado),23.52,2262.0,10097.0,96142413.0
2018,4º,Menos de quatro milhões de clientes,Conglomerado,BRASIL PLURAL (conglomerado),,0.0,1.0,3809.0
2018,4º,Menos de quatro milhões de clientes,Conglomerado,BRB (conglomerado),137.02,119.0,397.0,868443.0
2018,4º,Menos de quatro milhões de clientes,Conglomerado,BTG PACTUAL (conglomerado),,0.0,2.0,123401.0
2018,4º,Mais de quatro milhões de clientes,Conglomerado,CAIXA ECONÔMICA FEDERAL (conglomerado),18.92,1721.0,9757.0,90926718.0
2018,4º,Menos de quatro milhões de clientes,Banco/financeira,"CARUANA S.A. - SOCIEDADE DE CRÉDITO, FINANCIAMENTO E INVESTIMENTO",,1.0,3.0,57128.0
2018,4º,Menos de quatro milhões de clientes,Conglomerado,CCB (conglomerado),,1.0,131.0,275986.0
2018,4º,Menos de quatro milhões de clientes,Conglomerado,CITIBANK (conglomerado),,0.0,8.0,26256.0
2018,4º,Menos de quatro milhões de clientes,Conglomerado,CREFISA (conglomerado),,12.0,214.0,1576122.0
2018,4º,Menos de quatro milhões de clientes,Conglomerado,DACASA FINANCEIRA (conglomerado),,2.0,10.0,1031732.0
2018,4º,Menos de quatro milhões de clientes,Conglomerado,DAYCOVAL (conglomerado),20.71,19.0,397.0,917338.0
2018,4º,Menos de quatro milhões de clientes,Banco/financeira,FACTA FINANCEIRA S.A. - CRÉDITO FINANCIAMENTO E INVESTIMENTO,497.39,30.0,198.0,60314.0
2018,4º,Menos de quatro milhões de clientes,Banco/financeira,"FINAMAX S.A. - CREDITO, FINANCIAMENTO E INVESTIMENTO",,0.0,5.0,98892.0
2018,4º,Menos de quatro milhões de clientes,Conglomerado,FINAXIS (conglomerado),,0.0,1.0,4548.0
2018,4º,Menos de quatro milhões de clientes,Conglomerado,GMAC (conglomerado),,2.0,76.0,388008.0
2018,4º,Menos de quatro milhões de clientes,Conglomerado,GOLDMAN SACHS (conglomerado),,0.0,2.0,270.0
2018,4º,Menos de quatro milhões de clientes,Conglomerado,GRUPO BONSUCESSO - BS2 (conglomerado),,1.0,12.0,17810.0
2018,4º,Menos de quatro milhões de clientes,Conglomerado,HERVAL - HS (conglomerado),,1.0,2.0,233856.0
2018,4º,Menos de quatro milhões de clientes,Conglomerado,HONDA (conglomerado),,1.0,31.0,473633.0
2018,4º,Menos de quatro milhões de clientes,Conglomerado,INDUSTRIAL DO BRASIL (conglomerado),,4.0,23.0,58692.0
2018,4º,Menos de quatro milhões de clientes,Conglomerado,INDUSVAL (conglomerado),,1.0,1.0,4697.0
2018,4º,Menos de quatro milhões de clientes,Conglomerado,INTERMEDIUM (conglomerado),198.61,295.0,898.0,1485277.0
2018,4º,Mais de quatro milhões de clientes,Conglomerado,ITAU (conglomerado),17.33,1339.0,9053.0,77253268.0
2018,4º,Menos de quatro milhões de clientes,Banco/financeira,"JBCRED S.A. SOCIEDADE DE CREDITO, FINANCIAMENTO E INVESTIMENTO",,1.0,4.0,126140.0
2018,4º,Menos de quatro milhões de clientes,Conglomerado,JOHN DEERE (conglomerado),,0.0,1.0,14103.0
2018,4º,Menos de quatro milhões de clientes,Banco/financeira,"KREDILIG S.A. - CRÉDITO, FINANCIAMENTO E INVESTIMENTO",,0.0,1.0,182851.0
2018,4º,Menos de quatro milhões de clientes,Conglomerado,LECCA (conglomerado),,2.0,6.0,21369.0
2018,4º,Menos de quatro milhões de clientes,Conglomerado,MÁXIMA (conglomerado),,1.0,6.0,34130.0
2018,4º,Menos de quatro milhões de clientes,Conglomerado,MERCANTIL DO BRASIL (conglomerado),21.53,58.0,258.0,2692880.0
2018,4º,Menos de quatro milhões de clientes,Conglomerado,MERCEDES-BENZ (conglomerado),,0.0,3.0,21199.0
2018,4º,Mais de quatro milhões de clientes,Banco/financeira,"MIDWAY S.A. - CRÉDITO, FINANCIAMENTO E INVESTIMENTO",6.04,46.0,250.0,7607268.0
2018,4º,Menos de quatro milhões de clientes,Conglomerado,MODAL (conglomerado),1827.79,56.0,87.0,30638.0
2018,4º,Menos de quatro milhões de clientes,Banco/financeira,NOVO BANCO CONTINENTAL S.A. - BANCO MÚLTIPLO,,7.0,24.0,36705.0
2018,4º,Mais de quatro milhões de clientes,Conglomerado,OMNI (conglomerado),12.42,51.0,172.0,4105053.0
2018,4º,Menos de quatro milhões de clientes,Conglomerado,ORIGINAL (conglomerado),49.05,37.0,212.0,754184.0
2018,4º,Menos de quatro milhões de clientes,Conglomerado,OURINVEST (conglomerado),,0.0,1.0,25178.0
2018,4º,Menos de quatro milhões de clientes,Conglomerado,PAN (conglomerado),291.54,941.0,3246.0,3227673.0
2018,4º,Menos de quatro milhões de clientes,Conglomerado,PARANÁ BANCO (conglomerado),136.15,47.0,266.0,345186.0
2018,4º,Menos de quatro milhões de clientes,Banco/financeira,"PARATI - CREDITO, FINANCIAMENTO E INVESTIMENTO S.A.",,0.0,2.0,787.0
2018,4º,Menos de quatro milhões de clientes,Banco/financeira,"PERNAMBUCANAS FINANCIADORA S.A. - CRÉDITO, FINANCIAMENTO E INVESTIMENTO",24.07,59.0,135.0,2451125.0
2018,4º,Menos de quatro milhões de clientes,Conglomerado,PINE (conglomerado),,0.0,2.0,7965.0
2018,4º,Menos de quatro milhões de clientes,Conglomerado,PORTO SEGURO (conglomerado),40.49,59.0,219.0,1457127.0
2018,4º,Menos de quatro milhões de clientes,Banco/financeira,"PORTOCRED S.A. - CREDITO, FINANCIAMENTO E INVESTIMENTO",,13.0,98.0,188991.0
2018,4º,Menos de quatro milhões de clientes,Banco/financeira,"REALIZE CRÉDITO, FINANCIAMENTO E INVESTIMENTO S.A.",23.05,22.0,75.0,954338.0
2018,4º,Menos de quatro milhões de clientes,Conglomerado,RENDIMENTO (conglomerado),,3.0,19.0,18625.0
2018,4º,Menos de quatro milhões de clientes,Conglomerado,RODOBENS (conglomerado),,0.0,5.0,13468.0
2018,4º,Menos de quatro milhões de clientes,Conglomerado,SAFRA (conglomerado),95.92,165.0,924.0,1720126.0
2018,4º,Menos de quatro milhões de clientes,Banco/financeira,"SANTANA S.A. - CRÉDITO, FINANCIAMENTO E INVESTIMENTO",,1.0,9.0,29202.0
2018,4º,Mais de quatro milhões de clientes,Conglomerado,SANTANDER (conglomerado),24.04,1033.0,7078.0,42967534.0
2018,4º,Menos de quatro milhões de clientes,Banco/financeira,"SANTINVEST S.A. - CREDITO, FINANCIAMENTO E INVESTIMENTOS",,4.0,5.0,13625.0
2018,4º,Menos de quatro milhões de clientes,Banco/financeira,"SAX S.A. - CRÉDITO, FINANCIAMENTO E INVESTIMENTO",,3.0,7.0,459169.0
2018,4º,Menos de quatro milhões de clientes,Banco/financeira,"SENFF S.A. - CRÉDITO, FINANCIAMENTO E INVESTIMENTO",,1.0,2.0,65033.0
2018,4º,Menos de quatro milhões de clientes,Conglomerado,SICREDI (conglomerado),,1.0,3.0,3803666.0
2018,4º,Menos de quatro milhões de clientes,Conglomerado,SOCIETE GENERALE (conglomerado),,1.0,8.0,970.0
2018,4º,Menos de quatro milhões de clientes,Banco/financeira,"SOCINAL S.A. - CRÉDITO, FINANCIAMENTO E INVESTIMENTO",,1.0,9.0,5849.0
2018,4º,Menos de quatro milhões de clientes,Conglomerado,SOCOPA (conglomerado),,0.0,4.0,55458.0
2018,4º,Menos de quatro milhões de clientes,Conglomerado,SOFISA (conglomerado),,11.0,31.0,131848.0
2018,4º,Menos de quatro milhões de clientes,Banco/financeira,"SOROCRED   CRÉDITO, FINANCIAMENTO E INVESTIMENTO S.A.",,13.0,63.0,304916.0
2018,4º,Menos de quatro milhões de clientes,Banco/financeira,"VIA CERTA FINANCIADORA S.A. - CRÉDITO, FINANCIAMENTO E INVESTIMENTOS",,0.0,1.0,380906.0
2018,4º,Menos de quatro milhões de clientes,Conglomerado,VOLKSWAGEN (conglomerado),,7.0,72.0,367296.0
2018,4º,Menos de quatro milhões de clientes,Conglomerado,VOLVO (conglomerado),,0.0,1.0,8589.0
2018,4º,Mais de quatro milhões de clientes,Conglomerado,VOTORANTIM (conglomerado),12.15,59.0,648.0,4853414.0
2018,4º,Menos de quatro milhões de clientes,Conglomerado,WESTERN UNION (conglomerado),,8.0,9.0,3.0
2018,4º,Menos de quatro milhões de clientes,Conglomerado,YAMAHA MOTOR (conglomerado),,0.0,13.0,141441.0
2019,1º,Menos de quatro milhões de clientes,Conglomerado,ABC-BRASIL (conglomerado),,0.0,1.0,16463.0
2019,1º,Menos de quatro milhões de clientes,Conglomerado,AGIBANK (conglomerado),118.44,135.0,475.0,1139749.0
2019,1º,Menos de quatro milhões de clientes,Banco/financeira,"AGORACRED S/A SOCIEDADE DE CRÉDITO, FINANCIAMENTO E INVESTIMENTO",,2.0,2.0,112.0
2019,1º,Menos de quatro milhões de clientes,Conglomerado,ALFA (conglomerado),,9.0,56.0,411522.0
2019,1º,Menos de quatro milhões de clientes,Conglomerado,ANDBANK (conglomerado),,0.0,3.0,8359.0
2019,1º,Menos de quatro milhões de clientes,Banco/financeira,"AVISTA S.A. CRÉDITO, FINANCIAMENTO E INVESTIMENTO",18.11,19.0,23.0,1049008.0
2019,1º,Menos de quatro milhões de clientes,Banco/financeira,BANCO A.J. RENNER S.A.,,6.0,25.0,142675.0
2019,1º,Menos de quatro milhões de clientes,Banco/financeira,BANCO ARBI S.A.,,0.0,2.0,9455.0
2019,1º,Menos de quatro milhões de clientes,Banco/financeira,BANCO B3 S.A.,,0.0,1.0,762.0
2019,1º,Menos de quatro milhões de clientes,Banco/financeira,BANCO CBSS S.A.,40.14,37.0,206.0,921597.0
2019,1º,Menos de quatro milhões de clientes,Banco/financeira,BANCO CLASSICO S.A.,,0.0,2.0,19.0
2019,1º,Menos de quatro milhões de clientes,Banco/financeira,BANCO CNH INDUSTRIAL CAPITAL S.A.,,0.0,1.0,27172.0
2019,1º,Mais de quatro milhões de clientes,Banco/financeira,BANCO CSF S.A.,10.13,47.0,205.0,4637260.0
2019,1º,Menos de quatro milhões de clientes,Banco/financeira,BANCO DA AMAZONIA S.A.,,8.0,25.0,502720.0
2019,1º,Menos de quatro milhões de clientes,Banco/financeira,BANCO DE LAGE LANDEN BRASIL S.A.,,0.0,1.0,38240.0
2019,1º,Menos de quatro milhões de clientes,Banco/financeira,BANCO DO ESTADO DE SERGIPE S.A.,,11.0,29.0,984298.0
2019,1º,Menos de quatro milhões de clientes,Banco/financeira,BANCO DO ESTADO DO PARÁ S.A.,23.79,17.0,65.0,714557.0
2019,1º,Mais de quatro milhões de clientes,Banco/financeira,BANCO DO NORDESTE DO BRASIL S.A.,0.43,3.0,64.0,6928987.0
2019,1º,Menos de quatro milhões de clientes,Banco/financeira,BANCO FIBRA S.A.,,2.0,10.0,166364.0
2019,1º,Menos de quatro milhões de clientes,Banco/financeira,BANCO FORD S.A.,,0.0,1.0,385.0
2019,1º,Menos de quatro milhões de clientes,Banco/financeira,BANCO LUSO BRASILEIRO S.A.,,1.0,1.0,10498.0
2019,1º,Menos de quatro milhões de clientes,Banco/financeira,BANCO MUFG BRASIL S.A.,,0.0,1.0,2770.0
2019,1º,Menos de quatro milhões de clientes,Banco/financeira,BANCO SEMEAR S.A.,,1.0,5.0,307494.0
2019,1º,Menos de quatro milhões de clientes,Banco/financeira,BANCO TOPÁZIO S.A.,,6.0,9.0,14073.0
2019,1º,Menos de quatro milhões de clientes,Banco/financeira,BANCO TOYOTA DO BRASIL S.A.,,1.0,16.0,158109.0
2019,1º,Menos de quatro milhões de clientes,Banco/financeira,BANCO TRIANGULO S.A.,,12.0,38.0,1456643.0
2019,1º,Menos de quatro milhões de clientes,Conglomerado,BANCOOB (conglomerado),7.14,18.0,65.0,2520198.0
2019,1º,Menos de quatro milhões de clientes,Conglomerado,BANESTES (conglomerado),,10.0,48.0,1250039.0
2019,1º,Mais de quatro milhões de clientes,Conglomerado,BANRISUL (conglomerado),12.8,61.0,561.0,4763306.0
2019,1º,Menos de quatro milhões de clientes,Conglomerado,BARIGUI (conglomerado),,4.0,18.0,31674.0
2019,1º,Mais de quatro milhões de clientes,Conglomerado,BB (conglomerado),20.77,1337.0,6609.0,64363992.0
2019,1º,Menos de quatro milhões de clientes,Conglomerado,BMG (conglomerado),45.56,180.0,1023.0,3949983.0
2019,1º,Menos de quatro milhões de clientes,Conglomerado,BMW (conglomerado),,1.0,1.0,20622.0
2019,1º,Menos de quatro milhões de clientes,Conglomerado,BNP PARIBAS (conglomerado),90.77,270.0,1062.0,2974492.0
2019,1º,Menos de quatro milhões de clientes,Conglomerado,BNY MELLON (conglomerado),,0.0,1.0,39271.0
2019,1º,Mais de quatro milhões de clientes,Conglomerado,BRADESCO (conglomerado),23.35,2239.0,9718.0,95881367.0
2019,1º,Menos de quatro milhões de clientes,Conglomerado,BRASIL PLURAL (conglomerado),,1.0,1.0,4105.0
2019,1º,Menos de quatro milhões de clientes,Conglomerado,BRB (conglomerado),87.67,77.0,280.0,878252.0
2019,1º,Menos de quatro milhões de clientes,Conglomerado,BTG PACTUAL (conglomerado),,1.0,9.0,148800.0
2019,1º,Mais de quatro milhões de clientes,Conglomerado,CAIXA ECONÔMICA FEDERAL (conglomerado),23.25,2121.0,10329.0,91216358.0
2019,1º,Menos de quatro milhões de clientes,Banco/financeira,"CARUANA S.A. - SOCIEDADE DE CRÉDITO, FINANCIAMENTO E INVESTIMENTO",,3.0,7.0,57402.0
2019,1º,Menos de quatro milhões de clientes,Conglomerado,CCB (conglomerado),,6.0,119.0,270485.0
2019,1º,Menos de quatro milhões de clientes,Conglomerado,CITIBANK (conglomerado),,2.0,7.0,26279.0
2019,1º,Menos de quatro milhões de clientes,Conglomerado,CREFISA (conglomerado),13.6,22.0,171.0,1617636.0
2019,1º,Menos de quatro milhões de clientes,Conglomerado,DACASA FINANCEIRA (conglomerado),,2.0,15.0,1047886.0
2019,1º,Menos de quatro milhões de clientes,Conglomerado,DAYCOVAL (conglomerado),73.97,69.0,411.0,932750.0
2019,1º,Menos de quatro milhões de clientes,Banco/financeira,DEUTSCHE BANK S.A. - BANCO ALEMAO,,0.0,1.0,3297.0
2019,1º,Menos de quatro milhões de clientes,Banco/financeira,FACTA FINANCEIRA S.A. - CRÉDITO FINANCIAMENTO E INVESTIMENTO,1066.41,76.0,174.0,71267.0
2019,1º,Menos de quatro milhões de clientes,Conglomerado,FATOR (conglomerado),,0.0,5.0,16893.0
2019,1º,Menos de quatro milhões de clientes,Banco/financeira,"FINAMAX S.A. - CREDITO, FINANCIAMENTO E INVESTIMENTO",,0.0,3.0,99096.0
2019,1º,Menos de quatro milhões de clientes,Conglomerado,GMAC (conglomerado),,3.0,74.0,376352.0
2019,1º,Menos de quatro milhões de clientes,Conglomerado,GRUPO BONSUCESSO - BS2 (conglomerado),,0.0,4.0,19610.0
2019,1º,Menos de quatro milhões de clientes,Conglomerado,GRUPO ZEMA (conglomerado),,0.0,2.0,319856.0
2019,1º,Menos de quatro milhões de clientes,Conglomerado,HERVAL - HS (conglomerado),,0.0,1.0,228725.0
2019,1º,Menos de quatro milhões de clientes,Conglomerado,HONDA (conglomerado),,4.0,25.0,473770.0
2019,1º,Menos de quatro milhões de clientes,Conglomerado,INDUSTRIAL DO BRASIL (conglomerado),,12.0,25.0,59059.0
2019,1º,Menos de quatro milhões de clientes,Conglomerado,INTER (conglomerado),139.03,271.0,797.0,1949145.0
2019,1º,Mais de quatro milhões de clientes,Conglomerado,ITAU (conglomerado),21.29,1662.0,8565.0,78047957.0
2019,1º,Menos de quatro milhões de clientes,Banco/financeira,"JBCRED S.A. SOCIEDADE DE CREDITO, FINANCIAMENTO E INVESTIMENTO",,1.0,13.0,119598.0
2019,1º,Menos de quatro milhões de clientes,Conglomerado,LECCA (conglomerado),,0.0,5.0,22971.0
2019,1º,Menos de quatro milhões de clientes,Conglomerado,MÁXIMA (conglomerado),,3.0,10.0,41893.0
2019,1º,Menos de quatro milhões de clientes,Conglomerado,MERCANTIL DO BRASIL (conglomerado),17.58,48.0,212.0,2729583.0
2019,1º,Menos de quatro milhões de clientes,Conglomerado,MERCEDES-BENZ (conglomerado),,1.0,4.0,21180.0
2019,1º,Mais de quatro milhões de clientes,Banco/financeira,"MIDWAY S.A. - CRÉDITO, FINANCIAMENTO E INVESTIMENTO",4.73,37.0,176.0,7815345.0
2019,1º,Menos de quatro milhões de clientes,Conglomerado,MODAL (conglomerado),833.65,130.0,190.0,155940.0
2019,1º,Menos de quatro milhões de clientes,Banco/financeira,"NEGRESCO S.A. - CREDITO, FINANCIAMENTO E INVESTIMENTOS",,1.0,3.0,547280.0
2019,1º,Menos de quatro milhões de clientes,Banco/financeira,NOVO BANCO CONTINENTAL S.A. - BANCO MÚLTIPLO,559.42,23.0,32.0,41114.0
2019,1º,Mais de quatro milhões de clientes,Conglomerado,NUBANK (conglomerado),0.0,0.0,2.0,4860954.0
2019,1º,Mais de quatro milhões de clientes,Conglomerado,OMNI (conglomerado),12.38,51.0,149.0,4119312.0
2019,1º,Menos de quatro milhões de clientes,Conglomerado,ORIGINAL (conglomerado),90.93,74.0,258.0,813795.0
2019,1º,Menos de quatro milhões de clientes,Conglomerado,PAN (conglomerado),194.71,683.0,2545.0,3507726.0
2019,1º,Menos de quatro milhões de clientes,Conglomerado,PARANÁ BANCO (conglomerado),52.23,18.0,168.0,344589.0
2019,1º,Menos de quatro milhões de clientes,Banco/financeira,"PERNAMBUCANAS FINANCIADORA S.A. - CRÉDITO, FINANCIAMENTO E INVESTIMENTO",21.7,56.0,132.0,2579902.0
2019,1º,Menos de quatro milhões de clientes,Conglomerado,PORTO SEGURO (conglomerado),33.05,48.0,179.0,1452018.0
2019,1º,Menos de quatro milhões de clientes,Banco/financeira,"PORTOCRED S.A. - CREDITO, FINANCIAMENTO E INVESTIMENTO",94.39,18.0,95.0,190693.0
2019,1º,Menos de quatro milhões de clientes,Banco/financeira,"REALIZE CRÉDITO, FINANCIAMENTO E INVESTIMENTO S.A.",20.32,21.0,74.0,1032980.0
2019,1º,Menos de quatro milhões de clientes,Conglomerado,RENDIMENTO (conglomerado),,1.0,5.0,19972.0
2019,1º,Menos de quatro milhões de clientes,Conglomerado,RODOBENS (conglomerado),,3.0,11.0,13330.0
2019,1º,Menos de quatro milhões de clientes,Conglomerado,SAFRA (conglomerado),217.18,402.0,1431.0,1850983.0
2019,1º,Menos de quatro milhões de clientes,Banco/financeira,"SANTANA S.A. - CRÉDITO, FINANCIAMENTO E INVESTIMENTO",,1.0,8.0,28988.0
2019,1º,Mais de quatro milhões de clientes,Conglomerado,SANTANDER (conglomerado),25.93,1135.0,7018.0,43755213.0
2019,1º,Menos de quatro milhões de clientes,Banco/financeira,"SANTINVEST S.A. - CREDITO, FINANCIAMENTO E INVESTIMENTOS",,1.0,2.0,13628.0
2019,1º,Menos de quatro milhões de clientes,Banco/financeira,"SAX S.A. - CRÉDITO, FINANCIAMENTO E INVESTIMENTO",,1.0,8.0,593809.0
2019,1º,Menos de quatro milhões de clientes,Conglomerado,SICREDI (conglomerado),,0.0,1.0,3959826.0
2019,1º,Menos de quatro milhões de clientes,Conglomerado,SOCIETE GENERALE (conglomerado),,3.0,8.0,909.0
2019,1º,Menos de quatro milhões de clientes,Banco/financeira,"SOCINAL S.A. - CRÉDITO, FINANCIAMENTO E INVESTIMENTO",,1.0,12.0,6001.0
2019,1º,Menos de quatro milhões de clientes,Conglomerado,SOCOPA (conglomerado),,0.0,2.0,54537.0
2019,1º,Menos de quatro milhões de clientes,Conglomerado,SOFISA (conglomerado),,9.0,43.0,140173.0
2019,1º,Menos de quatro milhões de clientes,Banco/financeira,"SOROCRED   CRÉDITO, FINANCIAMENTO E INVESTIMENTO S.A.",,9.0,63.0,334214.0
2019,1º,Menos de quatro milhões de clientes,Banco/financeira,"VIA CERTA FINANCIADORA S.A. - CRÉDITO, FINANCIAMENTO E INVESTIMENTOS",,0.0,1.0,391161.0
2019,1º,Menos de quatro milhões de clientes,Conglomerado,VOLKSWAGEN (conglomerado),,3.0,87.0,364367.0
2019,1º,Menos de quatro milhões de clientes,Conglomerado,VOLVO (conglomerado),,3.0,3.0,8431.0
2019,1º,Mais de quatro milhões de clientes,Conglomerado,VOTORANTIM (conglomerado),13.12,69.0,519.0,5258099.0
2019,1º,Menos de quatro milhões de clientes,Conglomerado,VR (conglomerado),,0.0,1.0,198.0
2019,1º,Menos de quatro milhões de clientes,Conglomerado,WESTERN UNION (conglomerado),,3.0,6.0,3.0
2019,1º,Menos de quatro milhões de clientes,Conglomerado,YAMAHA MOTOR (conglomerado),,2.0,16.0,147037.0
2019,2º,Menos de quatro milhões de clientes,Conglomerado,ABC-BRASIL (conglomerado),,2.0,3.0,16555.0
2019,2º,Menos de quatro milhões de clientes,Conglomerado,AGIBANK (conglomerado),97.53,114.0,470.0,1168817.0
2019,2º,Menos de quatro milhões de clientes,Banco/financeira,"AGORACRED S/A SOCIEDADE DE CRÉDITO, FINANCIAMENTO E INVESTIMENTO",,3.0,5.0,285418.0
2019,2º,Menos de quatro milhões de clientes,Conglomerado,ALFA (conglomerado),,10.0,81.0,414955.0
2019,2º,Menos de quatro milhões de clientes,Conglomerado,ANDBANK (conglomerado),,0.0,5.0,8519.0
2019,2º,Menos de quatro milhões de clientes,Banco/financeira,"AVISTA S.A. CRÉDITO, FINANCIAMENTO E INVESTIMENTO",40.8,49.0,56.0,1200969.0
2019,2º,Menos de quatro milhões de clientes,Banco/financeira,BANCO A.J. RENNER S.A.,,10.0,32.0,171435.0
2019,2º,Menos de quatro milhões de clientes,Banco/financeira,BANCO ABN AMRO S.A.,,0.0,1.0,216.0
2019,2º,Menos de quatro milhões de clientes,Banco/financeira,BANCO ARBI S.A.,,2.0,7.0,9936.0
2019,2º,Menos de quatro milhões de clientes,Banco/financeira,BANCO B3 S.A.,,0.0,3.0,787.0
2019,2º,Menos de quatro milhões de clientes,Banco/financeira,BANCO CBSS S.A.,33.96,40.0,205.0,1177793.0
2019,2º,Menos de quatro milhões de clientes,Banco/financeira,BANCO CNH INDUSTRIAL CAPITAL S.A.,,0.0,2.0,26405.0
2019,2º,Mais de quatro milhões de clientes,Banco/financeira,BANCO CSF S.A.,6.29,49.0,224.0,7785855.0
2019,2º,Menos de quatro milhões de clientes,Banco/financeira,BANCO DA AMAZONIA S.A.,,4.0,22.0,504047.0
2019,2º,Menos de quatro milhões de clientes,Banco/financeira,BANCO DE LAGE LANDEN BRASIL S.A.,,0.0,2.0,37043.0
2019,2º,Menos de quatro milhões de clientes,Banco/financeira,BANCO DO ESTADO DE SERGIPE S.A.,14.05,15.0,50.0,1067222.0
2019,2º,Menos de quatro milhões de clientes,Banco/financeira,BANCO DO ESTADO DO PARÁ S.A.,35.14,25.0,64.0,711247.0
2019,2º,Mais de quatro milhões de clientes,Banco/financeira,BANCO DO NORDESTE DO BRASIL S.A.,0.56,4.0,59.0,7073445.0
2019,2º,Menos de quatro milhões de clientes,Banco/financeira,BANCO FIBRA S.A.,,1.0,8.0,166360.0
2019,2º,Menos de quatro milhões de clientes,Banco/financeira,BANCO FORD S.A.,,0.0,3.0,377.0
2019,2º,Menos de quatro milhões de clientes,Banco/financeira,BANCO IBM S.A.,,1.0,1.0,775.0
2019,2º,Menos de quatro milhões de clientes,Banco/financeira,BANCO INBURSA S.A.,,0.0,1.0,4998.0
2019,2º,Menos de quatro milhões de clientes,Banco/financeira,BANCO LUSO BRASILEIRO S.A.,,0.0,2.0,10477.0
2019,2º,Menos de quatro milhões de clientes,Banco/financeira,BANCO SEMEAR S.A.,,3.0,8.0,292098.0
2019,2º,Menos de quatro milhões de clientes,Banco/financeira,BANCO SUMITOMO MITSUI BRASILEIRO S.A.,,0.0,1.0,1166.0
2019,2º,Menos de quatro milhões de clientes,Banco/financeira,BANCO TOPÁZIO S.A.,,10.0,15.0,13512.0
2019,2º,Menos de quatro milhões de clientes,Banco/financeira,BANCO TOYOTA DO BRASIL S.A.,,0.0,8.0,165899.0
2019,2º,Menos de quatro milhões de clientes,Banco/financeira,BANCO TRIANGULO S.A.,,4.0,26.0,2090867.0
2019,2º,Menos de quatro milhões de clientes,Banco/financeira,BANCO TRICURY S.A.,,0.0,1.0,683.0
2019,2º,Menos de quatro milhões de clientes,Conglomerado,BANCOOB (conglomerado),6.18,20.0,72.0,3234870.0
2019,2º,Menos de quatro milhões de clientes,Conglomerado,BANESTES (conglomerado),,9.0,44.0,1265428.0
2019,2º,Menos de quatro milhões de clientes,Banco/financeira,"BANIF - BANCO INTERNACIONAL DO FUNCHAL (BRASIL), S.A. - EM LIQUIDAÇÃO ORDINÁRIA",,0.0,1.0,344.0
2019,2º,Mais de quatro milhões de clientes,Conglomerado,BANRISUL (conglomerado),15.3,74.0,633.0,4834328.0
2019,2º,Menos de quatro milhões de clientes,Conglomerado,BARIGUI (conglomerado),,3.0,18.0,29205.0
2019,2º,Mais de quatro milhões de clientes,Conglomerado,BB (conglomerado),20.63,1342.0,6372.0,65038505.0
2019,2º,Menos de quatro milhões de clientes,Conglomerado,BMG (conglomerado),65.68,259.0,1286.0,3943104.0
2019,2º,Menos de quatro milhões de clientes,Conglomerado,BNP PARIBAS (conglomerado),118.17,377.0,1358.0,3190216.0
2019,2º,Menos de quatro milhões de clientes,Conglomerado,BNY MELLON (conglomerado),,0.0,1.0,2612.0
2019,2º,Menos de quatro milhões de clientes,Conglomerado,BOCOM (conglomerado),,1.0,2.0,7507.0
2019,2º,Menos de quatro milhões de clientes,Conglomerado,BOFA MERRILL LYNCH (conglomerado),,0.0,1.0,2051.0
2019,2º,Mais de quatro milhões de clientes,Conglomerado,BRADESCO (conglomerado),24.5,2448.0,10232.0,99892903.0
2019,2º,Menos de quatro milhões de clientes,Conglomerado,BRASIL PLURAL (conglomerado),,0.0,2.0,4319.0
2019,2º,Menos de quatro milhões de clientes,Conglomerado,BRB (conglomerado),50.91,45.0,238.0,883888.0
2019,2º,Menos de quatro milhões de clientes,Conglomerado,BTG PACTUAL (conglomerado),,0.0,13.0,189281.0
2019,2º,Menos de quatro milhões de clientes,Conglomerado,C6 BANK (conglomerado),,0.0,27.0,13889.0
2019,2º,Mais de quatro milhões de clientes,Conglomerado,CAIXA ECONÔMICA FEDERAL (conglomerado),20.71,1910.0,9177.0,92203404.0
2019,2º,Menos de quatro milhões de clientes,Banco/financeira,"CARUANA S.A. - SOCIEDADE DE CRÉDITO, FINANCIAMENTO E INVESTIMENTO",,3.0,5.0,63015.0
2019,2º,Menos de quatro milhões de clientes,Conglomerado,CCB (conglomerado),,5.0,140.0,264983.0
2019,2º,Menos de quatro milhões de clientes,Conglomerado,CITIBANK (conglomerado),,0.0,9.0,26216.0
2019,2º,Menos de quatro milhões de clientes,Conglomerado,CREDIT AGRICOLE (conglomerado),,0.0,1.0,2251.0
2019,2º,Menos de quatro milhões de clientes,Conglomerado,CREFISA (conglomerado),,10.0,206.0,1662967.0
2019,2º,Menos de quatro milhões de clientes,Conglomerado,DACASA FINANCEIRA (conglomerado),,2.0,17.0,1106373.0
2019,2º,Menos de quatro milhões de clientes,Conglomerado,DAYCOVAL (conglomerado),30.28,29.0,436.0,957550.0
2019,2º,Menos de quatro milhões de clientes,Banco/financeira,FACTA FINANCEIRA S.A. - CRÉDITO FINANCIAMENTO E INVESTIMENTO,953.33,74.0,204.0,77622.0
2019,2º,Menos de quatro milhões de clientes,Conglomerado,FATOR (conglomerado),,0.0,2.0,16761.0
2019,2º,Menos de quatro milhões de clientes,Banco/financeira,"FINAMAX S.A. - CREDITO, FINANCIAMENTO E INVESTIMENTO",,0.0,5.0,100246.0
2019,2º,Menos de quatro milhões de clientes,Conglomerado,GAZIN (conglomerado),,3.0,3.0,34619.0
2019,2º,Menos de quatro milhões de clientes,Conglomerado,GMAC (conglomerado),,4.0,38.0,366282.0
2019,2º,Menos de quatro milhões de clientes,Banco/financeira,"GRAZZIOTIN FINANCIADORA S/A - CRÉDITO, FINANCIAMENTO E INVESTIMENTOS",,0.0,1.0,43365.0
2019,2º,Menos de quatro milhões de clientes,Conglomerado,GRUPO BONSUCESSO - BS2 (conglomerado),,2.0,16.0,57679.0
2019,2º,Menos de quatro milhões de clientes,Conglomerado,HERVAL - HS (conglomerado),,0.0,1.0,257328.0
2019,2º,Menos de quatro milhões de clientes,Conglomerado,HONDA (conglomerado),,4.0,25.0,475912.0
2019,2º,Menos de quatro milhões de clientes,Banco/financeira,ICBC DO BRASIL BANCO MÚLTIPLO S.A.,,0.0,1.0,203.0
2019,2º,Menos de quatro milhões de clientes,Conglomerado,INDUSTRIAL DO BRASIL (conglomerado),,7.0,18.0,59774.0
2019,2º,Menos de quatro milhões de clientes,Conglomerado,ING (conglomerado),,0.0,1.0,252.0
2019,2º,Menos de quatro milhões de clientes,Conglomerado,INTER (conglomerado),367.73,927.0,2205.0,2520832.0
2019,2º,Mais de quatro milhões de clientes,Conglomerado,ITAU (conglomerado),19.49,1555.0,9285.0,79749731.0
2019,2º,Menos de quatro milhões de clientes,Banco/financeira,"JBCRED S.A. SOCIEDADE DE CREDITO, FINANCIAMENTO E INVESTIMENTO",,0.0,5.0,124492.0
2019,2º,Menos de quatro milhões de clientes,Conglomerado,LECCA (conglomerado),,0.0,10.0,24243.0
2019,2º,Menos de quatro milhões de clientes,Conglomerado,MÁXIMA (conglomerado),,0.0,5.0,46598.0
2019,2º,Menos de quatro milhões de clientes,Conglomerado,MERCANTIL DO BRASIL (conglomerado),19.54,55.0,246.0,2813529.0
2019,2º,Menos de quatro milhões de clientes,Conglomerado,MERCEDES-BENZ (conglomerado),,0.0,2.0,20644.0
2019,2º,Mais de quatro milhões de clientes,Banco/financeira,"MIDWAY S.A. - CRÉDITO, FINANCIAMENTO E INVESTIMENTO",4.86,38.0,185.0,7815345.0
2019,2º,Menos de quatro milhões de clientes,Conglomerado,MODAL (conglomerado),415.59,104.0,219.0,250246.0
2019,2º,Menos de quatro milhões de clientes,Banco/financeira,"NEGRESCO S.A. - CREDITO, FINANCIAMENTO E INVESTIMENTOS",,1.0,4.0,559618.0
2019,2º,Menos de quatro milhões de clientes,Banco/financeira,NOVO BANCO CONTINENTAL S.A. - BANCO MÚLTIPLO,321.37,15.0,26.0,46675.0
2019,2º,Menos de quatro milhões de clientes,Conglomerado,NUBANK (conglomerado),,0.0,3.0,6443.0
2019,2º,Mais de quatro milhões de clientes,Conglomerado,OMNI (conglomerado),11.47,51.0,126.0,4442551.0
2019,2º,Menos de quatro milhões de clientes,Conglomerado,ORIGINAL (conglomerado),50.97,60.0,257.0,1177125.0
2019,2º,Mais de quatro milhões de clientes,Conglomerado,PAN (conglomerado),168.45,701.0,2735.0,4161391.0
2019,2º,Menos de quatro milhões de clientes,Conglomerado,PARANÁ BANCO (conglomerado),80.26,28.0,232.0,348853.0
2019,2º,Menos de quatro milhões de clientes,Banco/financeira,"PARATI - CREDITO, FINANCIAMENTO E INVESTIMENTO S.A.",,0.0,4.0,821.0
2019,2º,Menos de quatro milhões de clientes,Banco/financeira,"PERNAMBUCANAS FINANCIADORA S.A. - CRÉDITO, FINANCIAMENTO E INVESTIMENTO",18.87,50.0,106.0,2648311.0
2019,2º,Menos de quatro milhões de clientes,Conglomerado,PORTO SEGURO (conglomerado),13.98,28.0,187.0,2002821.0
2019,2º,Menos de quatro milhões de clientes,Banco/financeira,"PORTOCRED S.A. - CREDITO, FINANCIAMENTO E INVESTIMENTO",,11.0,66.0,198970.0
2019,2º,Menos de quatro milhões de clientes,Banco/financeira,"REALIZE CRÉDITO, FINANCIAMENTO E INVESTIMENTO S.A.",,10.0,74.0,2905380.0
2019,2º,Menos de quatro milhões de clientes,Conglomerado,RENDIMENTO (conglomerado),,3.0,6.0,20567.0
2019,2º,Menos de quatro milhões de clientes,Conglomerado,RODOBENS (conglomerado),,1.0,9.0,13344.0
2019,2º,Menos de quatro milhões de clientes,Conglomerado,SAFRA (conglomerado),302.98,609.0,1645.0,2009991.0
2019,2º,Menos de quatro milhões de clientes,Banco/financeira,"SANTANA S.A. - CRÉDITO, FINANCIAMENTO E INVESTIMENTO",,1.0,8.0,28920.0
2019,2º,Mais de quatro milhões de clientes,Conglomerado,SANTANDER (conglomerado),23.75,1080.0,7183.0,45459792.0
2019,2º,Menos de quatro milhões de clientes,Banco/financeira,"SANTINVEST S.A. - CREDITO, FINANCIAMENTO E INVESTIMENTOS",,2.0,3.0,13733.0
2019,2º,Menos de quatro milhões de clientes,Banco/financeira,"SAX S.A. - CRÉDITO, FINANCIAMENTO E INVESTIMENTO",,1.0,10.0,679647.0
2019,2º,Menos de quatro milhões de clientes,Banco/financeira,"SENFF S.A. - CRÉDITO, FINANCIAMENTO E INVESTIMENTO",,1.0,2.0,74022.0
2019,2º,Mais de quatro milhões de clientes,Conglomerado,SICREDI (conglomerado),0.0,0.0,2.0,4188644.0
2019,2º,Menos de quatro milhões de clientes,Conglomerado,SOCIETE GENERALE (conglomerado),,1.0,5.0,708.0
2019,2º,Menos de quatro milhões de clientes,Banco/financeira,"SOCINAL S.A. - CRÉDITO, FINANCIAMENTO E INVESTIMENTO",,4.0,21.0,5946.0
2019,2º,Menos de quatro milhões de clientes,Conglomerado,SOFISA (conglomerado),,10.0,61.0,161668.0
2019,2º,Menos de quatro milhões de clientes,Banco/financeira,"SOROCRED   CRÉDITO, FINANCIAMENTO E INVESTIMENTO S.A.",,12.0,54.0,456753.0
2019,2º,Menos de quatro milhões de clientes,Banco/financeira,"TODESCREDI S/A - CRÉDITO, FINANCIAMENTO E INVESTIMENTO",,0.0,1.0,25739.0
2019,2º,Menos de quatro milhões de clientes,Banco/financeira,"VIA CERTA FINANCIADORA S.A. - CRÉDITO, FINANCIAMENTO E INVESTIMENTOS",,1.0,4.0,434712.0
2019,2º,Menos de quatro milhões de clientes,Conglomerado,VOLKSWAGEN (conglomerado),,4.0,83.0,369007.0
2019,2º,Menos de quatro milhões de clientes,Conglomerado,VOLVO (conglomerado),,0.0,3.0,8247.0
2019,2º,Mais de quatro milhões de clientes,Conglomerado,VOTORANTIM (conglomerado),11.77,69.0,479.0,5861754.0
2019,2º,Menos de quatro milhões de clientes,Conglomerado,WESTERN UNION (conglomerado),,6.0,9.0,1.0
2019,2º,Menos de quatro milhões de clientes,Conglomerado,YAMAHA MOTOR (conglomerado),,1.0,14.0,154345.0
2019,3º,Menos de quatro milhões de clientes,Conglomerado,ABC-BRASIL (conglomerado),,3.0,15.0,19524.0
2019,3º,Menos de quatro milhões de clientes,Conglomerado,AGIBANK (conglomerado),52.89,62.0,304.0,1172113.0
2019,3º,Menos de quatro milhões de clientes,Banco/financeira,"AGORACRED S/A SOCIEDADE DE CRÉDITO, FINANCIAMENTO E INVESTIMENTO",,0.0,3.0,311053.0
2019,3º,Menos de quatro milhões de clientes,Conglomerado,ALFA (conglomerado),,8.0,61.0,416651.0
2019,3º,Menos de quatro milhões de clientes,Conglomerado,ANDBANK (conglomerado),,0.0,6.0,8714.0
2019,3º,Menos de quatro milhões de clientes,Banco/financeira,"AVISTA S.A. CRÉDITO, FINANCIAMENTO E INVESTIMENTO",23.21,31.0,35.0,1335497.0
2019,3º,Menos de quatro milhões de clientes,Banco/financeira,BANCO A.J. RENNER S.A.,,10.0,47.0,186475.0
2019,3º,Menos de quatro milhões de clientes,Banco/financeira,BANCO B3 S.A.,,0.0,1.0,747.0
2019,3º,Menos de quatro milhões de clientes,Banco/financeira,BANCO CNH INDUSTRIAL CAPITAL S.A.,,0.0,2.0,26341.0
2019,3º,Mais de quatro milhões de clientes,Banco/financeira,BANCO CSF S.A.,9.44,64.0,283.0,6776626.0
2019,3º,Menos de quatro milhões de clientes,Banco/financeira,BANCO DA AMAZONIA S.A.,,2.0,8.0,507369.0
2019,3º,Menos de quatro milhões de clientes,Banco/financeira,BANCO DE LAGE LANDEN BRASIL S.A.,,0.0,1.0,36193.0
2019,3º,Menos de quatro milhões de clientes,Banco/financeira,BANCO DIGIO S.A.,55.95,67.0,239.0,1197312.0
2019,3º,Menos de quatro milhões de clientes,Banco/financeira,BANCO DO ESTADO DE SERGIPE S.A.,,12.0,40.0,1075355.0
2019,3º,Menos de quatro milhões de clientes,Banco/financeira,BANCO DO ESTADO DO PARÁ S.A.,30.32,21.0,61.0,692497.0
2019,3º,Mais de quatro milhões de clientes,Banco/financeira,BANCO DO NORDESTE DO BRASIL S.A.,0.41,3.0,64.0,7230689.0
2019,3º,Menos de quatro milhões de clientes,Banco/financeira,BANCO FIBRA S.A.,,2.0,10.0,166505.0
2019,3º,Menos de quatro milhões de clientes,Banco/financeira,BANCO FORD S.A.,,0.0,3.0,374.0
2019,3º,Menos de quatro milhões de clientes,Banco/financeira,BANCO INBURSA S.A.,,0.0,1.0,7536.0
2019,3º,Menos de quatro milhões de clientes,Banco/financeira,BANCO LUSO BRASILEIRO S.A.,,0.0,1.0,10407.0
2019,3º,Menos de quatro milhões de clientes,Banco/financeira,BANCO MONEO S.A.,,0.0,1.0,1215.0
2019,3º,Menos de quatro milhões de clientes,Banco/financeira,BANCO RIBEIRAO PRETO S.A.,,1.0,1.0,4981.0
2019,3º,Menos de quatro milhões de clientes,Banco/financeira,BANCO SEMEAR S.A.,,0.0,1.0,281212.0
2019,3º,Menos de quatro milhões de clientes,Banco/financeira,BANCO SUMITOMO MITSUI BRASILEIRO S.A.,,0.0,1.0,1157.0
2019,3º,Menos de quatro milhões de clientes,Banco/financeira,BANCO TOPÁZIO S.A.,,4.0,9.0,17425.0
2019,3º,Menos de quatro milhões de clientes,Banco/financeira,BANCO TOYOTA DO BRASIL S.A.,,2.0,16.0,174038.0
2019,3º,Menos de quatro milhões de clientes,Banco/financeira,BANCO TRIANGULO S.A.,,12.0,37.0,2137630.0
2019,3º,Menos de quatro milhões de clientes,Conglomerado,BANCOOB (conglomerado),4.43,15.0,61.0,3382458.0
2019,3º,Menos de quatro milhões de clientes,Conglomerado,BANESTES (conglomerado),11.77,15.0,40.0,1274425.0
2019,3º,Mais de quatro milhões de clientes,Conglomerado,BANRISUL (conglomerado),22.57,110.0,626.0,4873088.0
2019,3º,Menos de quatro milhões de clientes,Conglomerado,BARIGUI (conglomerado),,13.0,29.0,28892.0
2019,3º,Mais de quatro milhões de clientes,Conglomerado,BB (conglomerado),19.13,1264.0,6719.0,66072966.0
2019,3º,Menos de quatro milhões de clientes,Banco/financeira,BBVA BRASIL BANCO DE INVESTIMENTO S.A.,,0.0,1.0,0.0
2019,3º,Mais de quatro milhões de clientes,Conglomerado,BMG (conglomerado),82.33,376.0,1689.0,4566863.0
2019,3º,Menos de quatro milhões de clientes,Conglomerado,BMW (conglomerado),,0.0,1.0,22174.0
2019,3º,Menos de quatro milhões de clientes,Conglomerado,BNP PARIBAS (conglomerado),143.77,455.0,1155.0,3164605.0
2019,3º,Menos de quatro milhões de clientes,Conglomerado,BOCOM (conglomerado),,0.0,1.0,7534.0
2019,3º,Menos de quatro milhões de clientes,Conglomerado,BOFA MERRILL LYNCH (conglomerado),,1.0,6.0,2019.0
2019,3º,Mais de quatro milhões de clientes,Conglomerado,BRADESCO (conglomerado),24.16,2409.0,10470.0,99684907.0
2019,3º,Menos de quatro milhões de clientes,Conglomerado,BRB (conglomerado),49.54,44.0,161.0,888085.0
2019,3º,Menos de quatro milhões de clientes,Conglomerado,BTG PACTUAL (conglomerado),,1.0,8.0,295906.0
2019,3º,Menos de quatro milhões de clientes,Conglomerado,C6 BANK (conglomerado),62.36,17.0,136.0,272600.0
2019,3º,Mais de quatro milhões de clientes,Conglomerado,CAIXA ECONÔMICA FEDERAL (conglomerado),18.97,1775.0,9598.0,93525623.0
2019,3º,Menos de quatro milhões de clientes,Banco/financeira,"CARUANA S.A. - SOCIEDADE DE CRÉDITO, FINANCIAMENTO E INVESTIMENTO",,2.0,7.0,63399.0
2019,3º,Menos de quatro milhões de clientes,Conglomerado,CCB (conglomerado),,3.0,144.0,261348.0
2019,3º,Menos de quatro milhões de clientes,Conglomerado,CITIBANK (conglomerado),,1.0,11.0,21460.0
2019,3º,Menos de quatro milhões de clientes,Conglomerado,CREDIT SUISSE (conglomerado),,0.0,1.0,4173.0
2019,3º,Menos de quatro milhões de clientes,Conglomerado,CREFISA (conglomerado),,14.0,323.0,1708404.0
2019,3º,Menos de quatro milhões de clientes,Conglomerado,DACASA FINANCEIRA (conglomerado),,2.0,17.0,1099050.0
2019,3º,Menos de quatro milhões de clientes,Conglomerado,DAYCOVAL (conglomerado),75.87,74.0,522.0,975274.0
2019,3º,Menos de quatro milhões de clientes,Banco/financeira,DEUTSCHE BANK S.A. - BANCO ALEMAO,,0.0,1.0,3124.0
2019,3º,Menos de quatro milhões de clientes,Banco/financeira,FACTA FINANCEIRA S.A. - CRÉDITO FINANCIAMENTO E INVESTIMENTO,1782.23,151.0,418.0,84725.0
2019,3º,Menos de quatro milhões de clientes,Conglomerado,FATOR (conglomerado),,1.0,2.0,16737.0
2019,3º,Menos de quatro milhões de clientes,Banco/financeira,"FINAMAX S.A. - CREDITO, FINANCIAMENTO E INVESTIMENTO",,0.0,4.0,101560.0
2019,3º,Menos de quatro milhões de clientes,Conglomerado,GAZIN (conglomerado),,1.0,2.0,37178.0
2019,3º,Menos de quatro milhões de clientes,Conglomerado,GMAC (conglomerado),,6.0,33.0,359861.0
2019,3º,Menos de quatro milhões de clientes,Conglomerado,GRUPO BONSUCESSO - BS2 (conglomerado),,7.0,35.0,127804.0
2019,3º,Menos de quatro milhões de clientes,Conglomerado,GRUPO ZEMA (conglomerado),,0.0,3.0,357877.0
2019,3º,Menos de quatro milhões de clientes,Conglomerado,HERVAL - HS (conglomerado),,2.0,3.0,249251.0
2019,3º,Menos de quatro milhões de clientes,Conglomerado,HONDA (conglomerado),,3.0,25.0,475800.0
2019,3º,Menos de quatro milhões de clientes,Conglomerado,INDUSTRIAL DO BRASIL (conglomerado),,5.0,23.0,61309.0
2019,3º,Menos de quatro milhões de clientes,Conglomerado,INTER (conglomerado),176.25,559.0,1753.0,3171520.0
2019,3º,Mais de quatro milhões de clientes,Conglomerado,ITAU (conglomerado),14.46,1169.0,9161.0,80803452.0
2019,3º,Menos de quatro milhões de clientes,Banco/financeira,"JBCRED S.A. SOCIEDADE DE CREDITO, FINANCIAMENTO E INVESTIMENTO",,2.0,5.0,128358.0
2019,3º,Menos de quatro milhões de clientes,Conglomerado,LECCA (conglomerado),,0.0,8.0,26499.0
2019,3º,Menos de quatro milhões de clientes,Conglomerado,MÁXIMA (conglomerado),,8.0,17.0,50914.0
2019,3º,Menos de quatro milhões de clientes,Conglomerado,MERCANTIL DO BRASIL (conglomerado),17.57,51.0,210.0,2902589.0
2019,3º,Menos de quatro milhões de clientes,Conglomerado,MERCEDES-BENZ (conglomerado),,2.0,7.0,20314.0
2019,3º,Mais de quatro milhões de clientes,Banco/financeira,"MIDWAY S.A. - CRÉDITO, FINANCIAMENTO E INVESTIMENTO",7.08,80.0,311.0,11290164.0
2019,3º,Menos de quatro milhões de clientes,Conglomerado,MODAL (conglomerado),174.54,60.0,153.0,343742.0
2019,3º,Menos de quatro milhões de clientes,Banco/financeira,"NEGRESCO S.A. - CREDITO, FINANCIAMENTO E INVESTIMENTOS",,1.0,2.0,565887.0
2019,3º,Menos de quatro milhões de clientes,Banco/financeira,NOVO BANCO CONTINENTAL S.A. - BANCO MÚLTIPLO,729.92,38.0,52.0,52060.0
2019,3º,Menos de quatro milhões de clientes,Conglomerado,NUBANK (conglomerado),,1.0,10.0,19728.0
2019,3º,Mais de quatro milhões de clientes,Conglomerado,OMNI (conglomerado),8.98,41.0,135.0,4563367.0
2019,3º,Menos de quatro milhões de clientes,Conglomerado,ORIGINAL (conglomerado),83.31,157.0,537.0,1884400.0
2019,3º,Mais de quatro milhões de clientes,Conglomerado,PAN (conglomerado),149.58,646.0,2808.0,4318631.0
2019,3º,Menos de quatro milhões de clientes,Conglomerado,PARANÁ BANCO (conglomerado),,14.0,214.0,356510.0
2019,3º,Menos de quatro milhões de clientes,Banco/financeira,"PARATI - CREDITO, FINANCIAMENTO E INVESTIMENTO S.A.",,0.0,1.0,900.0
2019,3º,Menos de quatro milhões de clientes,Banco/financeira,"PERNAMBUCANAS FINANCIADORA S.A. - CRÉDITO, FINANCIAMENTO E INVESTIMENTO",17.27,57.0,129.0,3299936.0
2019,3º,Menos de quatro milhões de clientes,Conglomerado,PINE (conglomerado),,5.0,5.0,10790.0
2019,3º,Menos de quatro milhões de clientes,Conglomerado,PLURAL (conglomerado),,1.0,4.0,4424.0
2019,3º,Menos de quatro milhões de clientes,Conglomerado,PORTO SEGURO (conglomerado),16.23,34.0,164.0,2094664.0
2019,3º,Menos de quatro milhões de clientes,Banco/financeira,"PORTOCRED S.A. - CREDITO, FINANCIAMENTO E INVESTIMENTO",105.94,22.0,87.0,207647.0
2019,3º,Mais de quatro milhões de clientes,Banco/financeira,"REALIZE CRÉDITO, FINANCIAMENTO E INVESTIMENTO S.A.",2.86,12.0,84.0,4185206.0
2019,3º,Menos de quatro milhões de clientes,Conglomerado,RENDIMENTO (conglomerado),,1.0,5.0,21041.0
2019,3º,Menos de quatro milhões de clientes,Conglomerado,RODOBENS (conglomerado),,3.0,7.0,13218.0
2019,3º,Menos de quatro milhões de clientes,Conglomerado,SAFRA (conglomerado),730.68,1660.0,4019.0,2271853.0
2019,3º,Menos de quatro milhões de clientes,Banco/financeira,"SANTANA S.A. - CRÉDITO, FINANCIAMENTO E INVESTIMENTO",,1.0,6.0,29084.0
2019,3º,Mais de quatro milhões de clientes,Conglomerado,SANTANDER (conglomerado),21.03,976.0,7424.0,46395772.0
2019,3º,Menos de quatro milhões de clientes,Banco/financeira,"SAX S.A. - CRÉDITO, FINANCIAMENTO E INVESTIMENTO",,3.0,10.0,744760.0
2019,3º,Menos de quatro milhões de clientes,Banco/financeira,"SENFF S.A. - CRÉDITO, FINANCIAMENTO E INVESTIMENTO",,2.0,8.0,93547.0
2019,3º,Mais de quatro milhões de clientes,Conglomerado,SICREDI (conglomerado),0.0,0.0,1.0,4377135.0
2019,3º,Menos de quatro milhões de clientes,Conglomerado,SOCIETE GENERALE (conglomerado),,0.0,2.0,663.0
2019,3º,Menos de quatro milhões de clientes,Banco/financeira,"SOCINAL S.A. - CRÉDITO, FINANCIAMENTO E INVESTIMENTO",,10.0,38.0,6367.0
2019,3º,Menos de quatro milhões de clientes,Conglomerado,SOCOPA (conglomerado),,2.0,5.0,25739.0
2019,3º,Menos de quatro milhões de clientes,Conglomerado,SOFISA (conglomerado),133.65,27.0,141.0,202010.0
2019,3º,Menos de quatro milhões de clientes,Conglomerado,SOROCRED (conglomerado),,4.0,50.0,449778.0
2019,3º,Menos de quatro milhões de clientes,Banco/financeira,"TODESCREDI S/A - CRÉDITO, FINANCIAMENTO E INVESTIMENTO",,0.0,1.0,27452.0
2019,3º,Menos de quatro milhões de clientes,Banco/financeira,"VIA CERTA FINANCIADORA S.A. - CRÉDITO, FINANCIAMENTO E INVESTIMENTOS",,4.0,8.0,435773.0
2019,3º,Menos de quatro milhões de clientes,Conglomerado,VOLKSWAGEN (conglomerado),,14.0,79.0,381760.0
2019,3º,Menos de quatro milhões de clientes,Conglomerado,VOLVO (conglomerado),,1.0,1.0,8003.0
2019,3º,Mais de quatro milhões de clientes,Conglomerado,VOTORANTIM (conglomerado),14.83,91.0,815.0,6133287.0
2019,3º,Menos de quatro milhões de clientes,Conglomerado,VR (conglomerado),,1.0,1.0,94.0
2019,3º,Menos de quatro milhões de clientes,Conglomerado,WESTERN UNION (conglomerado),,4.0,8.0,1.0
2019,3º,Menos de quatro milhões de clientes,Conglomerado,YAMAHA MOTOR (conglomerado),,2.0,12.0,162271.0
2019,4º,Menos de quatro milhões de clientes,Conglomerado,ABC-BRASIL (conglomerado),,4.0,19.0,21838.0
2019,4º,Menos de quatro milhões de clientes,Conglomerado,AGIBANK (conglomerado),84.98,103.0,312.0,1211977.0
2019,4º,Menos de quatro milhões de clientes,Banco/financeira,"AGORACRED S/A SOCIEDADE DE CRÉDITO, FINANCIAMENTO E INVESTIMENTO",,1.0,1.0,339471.0
2019,4º,Menos de quatro milhões de clientes,Conglomerado,ALFA (conglomerado),57.55,24.0,109.0,416983.0
2019,4º,Menos de quatro milhões de clientes,Conglomerado,ANDBANK (conglomerado),,0.0,7.0,3343.0
2019,4º,Menos de quatro milhões de clientes,Banco/financeira,"AVISTA S.A. CRÉDITO, FINANCIAMENTO E INVESTIMENTO",,13.0,21.0,1489174.0
2019,4º,Menos de quatro milhões de clientes,Banco/financeira,BANCO A.J. RENNER S.A.,88.73,19.0,67.0,214113.0
2019,4º,Menos de quatro milhões de clientes,Banco/financeira,BANCO ARBI S.A.,,1.0,1.0,2468.0
2019,4º,Menos de quatro milhões de clientes,Banco/financeira,BANCO B3 S.A.,,0.0,1.0,742.0
2019,4º,Menos de quatro milhões de clientes,Banco/financeira,BANCO CATERPILLAR S.A.,,0.0,2.0,3064.0
2019,4º,Menos de quatro milhões de clientes,Banco/financeira,BANCO CLASSICO S.A.,,1.0,1.0,20.0
2019,4º,Menos de quatro milhões de clientes,Banco/financeira,BANCO CNH INDUSTRIAL CAPITAL S.A.,,0.0,1.0,26888.0
2019,4º,Mais de quatro milhões de clientes,Banco/financeira,BANCO CSF S.A.,7.73,56.0,224.0,7235478.0
2019,4º,Menos de quatro milhões de clientes,Banco/financeira,BANCO DA AMAZONIA S.A.,,3.0,13.0,511229.0
2019,4º,Menos de quatro milhões de clientes,Banco/financeira,BANCO DE LAGE LANDEN BRASIL S.A.,,0.0,1.0,36327.0
2019,4º,Menos de quatro milhões de clientes,Banco/financeira,BANCO DIGIO S.A.,40.47,49.0,201.0,1210597.0
2019,4º,Menos de quatro milhões de clientes,Banco/financeira,BANCO DO ESTADO DE SERGIPE S.A.,,10.0,28.0,1086122.0
2019,4º,Menos de quatro milhões de clientes,Banco/financeira,BANCO DO ESTADO DO PARÁ S.A.,38.94,28.0,81.0,718885.0
2019,4º,Mais de quatro milhões de clientes,Banco/financeira,BANCO DO NORDESTE DO BRASIL S.A.,0.63,5.0,45.0,7836766.0
2019,4º,Menos de quatro milhões de clientes,Banco/financeira,BANCO FIBRA S.A.,,3.0,8.0,166441.0
2019,4º,Menos de quatro milhões de clientes,Banco/financeira,BANCO FICSA S.A.,,0.0,1.0,33359.0
2019,4º,Menos de quatro milhões de clientes,Banco/financeira,BANCO INBURSA S.A.,,1.0,2.0,8933.0
2019,4º,Menos de quatro milhões de clientes,Banco/financeira,BANCO LUSO BRASILEIRO S.A.,,0.0,1.0,10385.0
2019,4º,Menos de quatro milhões de clientes,Banco/financeira,BANCO MAXINVEST S.A.,,0.0,1.0,362.0
2019,4º,Menos de quatro milhões de clientes,Banco/financeira,BANCO RIBEIRAO PRETO S.A.,,1.0,1.0,4996.0
2019,4º,Menos de quatro milhões de clientes,Banco/financeira,BANCO SEMEAR S.A.,,2.0,3.0,272050.0
2019,4º,Menos de quatro milhões de clientes,Banco/financeira,BANCO TOPÁZIO S.A.,,0.0,2.0,22008.0
2019,4º,Menos de quatro milhões de clientes,Banco/financeira,BANCO TOYOTA DO BRASIL S.A.,,3.0,14.0,178690.0
2019,4º,Menos de quatro milhões de clientes,Banco/financeira,BANCO TRIANGULO S.A.,,8.0,38.0,1938708.0
2019,4º,Menos de quatro milhões de clientes,Conglomerado,BANCOOB (conglomerado),,9.0,52.0,3558581.0
2019,4º,Menos de quatro milhões de clientes,Conglomerado,BANESTES (conglomerado),11.67,15.0,45.0,1284420.0
2019,4º,Mais de quatro milhões de clientes,Conglomerado,BANRISUL (conglomerado),23.3,115.0,593.0,4935064.0
2019,4º,Menos de quatro milhões de clientes,Conglomerado,BARIGUI (conglomerado),,11.0,30.0,28528.0
2019,4º,Mais de quatro milhões de clientes,Conglomerado,BB (conglomerado),19.06,1267.0,5588.0,66464386.0
2019,4º,Mais de quatro milhões de clientes,Conglomerado,BMG (conglomerado),68.66,326.0,1233.0,4747780.0
2019,4º,Menos de quatro milhões de clientes,Conglomerado,BMW (conglomerado),,1.0,3.0,22944.0
2019,4º,Menos de quatro milhões de clientes,Conglomerado,BNP PARIBAS (conglomerado),151.13,478.0,933.0,3162634.0
2019,4º,Menos de quatro milhões de clientes,Conglomerado,BOCOM (conglomerado),,0.0,1.0,7554.0
2019,4º,Mais de quatro milhões de clientes,Conglomerado,BRADESCO (conglomerado),19.36,1910.0,8606.0,98653100.0
2019,4º,Menos de quatro milhões de clientes,Conglomerado,BRB (conglomerado),52.38,47.0,183.0,897143.0
2019,4º,Menos de quatro milhões de clientes,Conglomerado,BTG PACTUAL (conglomerado),,2.0,15.0,335616.0
2019,4º,Menos de quatro milhões de clientes,Conglomerado,C6 BANK (conglomerado),39.49,29.0,168.0,734239.0
2019,4º,Mais de quatro milhões de clientes,Conglomerado,CAIXA ECONÔMICA FEDERAL (conglomerado),17.19,1637.0,8387.0,95191144.0
2019,4º,Menos de quatro milhões de clientes,Banco/financeira,"CARUANA S.A. - SOCIEDADE DE CRÉDITO, FINANCIAMENTO E INVESTIMENTO",,1.0,2.0,64007.0
2019,4º,Menos de quatro milhões de clientes,Conglomerado,CCB (conglomerado),,3.0,169.0,258090.0
2019,4º,Menos de quatro milhões de clientes,Conglomerado,CITIBANK (conglomerado),,1.0,7.0,23825.0
2019,4º,Menos de quatro milhões de clientes,Conglomerado,CREFISA (conglomerado),12.63,22.0,169.0,1741372.0
2019,4º,Menos de quatro milhões de clientes,Conglomerado,DACASA FINANCEIRA (conglomerado),,5.0,11.0,1081485.0
2019,4º,Menos de quatro milhões de clientes,Conglomerado,DAYCOVAL (conglomerado),52.47,53.0,506.0,1010041.0
2019,4º,Menos de quatro milhões de clientes,Banco/financeira,FACTA FINANCEIRA S.A. - CRÉDITO FINANCIAMENTO E INVESTIMENTO,1310.55,114.0,527.0,86986.0
2019,4º,Menos de quatro milhões de clientes,Banco/financeira,"FINAMAX S.A. - CREDITO, FINANCIAMENTO E INVESTIMENTO",,0.0,3.0,101554.0
2019,4º,Menos de quatro milhões de clientes,Conglomerado,FINAXIS (conglomerado),,0.0,1.0,4615.0
2019,4º,Menos de quatro milhões de clientes,Conglomerado,GAZIN (conglomerado),,3.0,5.0,38982.0
2019,4º,Menos de quatro milhões de clientes,Conglomerado,GMAC (conglomerado),,2.0,23.0,353463.0
2019,4º,Menos de quatro milhões de clientes,Conglomerado,GRUPO BONSUCESSO - BS2 (conglomerado),70.05,17.0,66.0,242674.0
2019,4º,Menos de quatro milhões de clientes,Conglomerado,GRUPO ZEMA (conglomerado),,0.0,1.0,375792.0
2019,4º,Menos de quatro milhões de clientes,Conglomerado,HONDA (conglomerado),,4.0,30.0,483656.0
2019,4º,Menos de quatro milhões de clientes,Conglomerado,INDUSTRIAL DO BRASIL (conglomerado),336.21,21.0,63.0,62460.0
2019,4º,Menos de quatro milhões de clientes,Conglomerado,INDUSVAL (conglomerado),,0.0,1.0,4829.0
2019,4º,Menos de quatro milhões de clientes,Conglomerado,INTER (conglomerado),123.55,489.0,1437.0,3957845.0
2019,4º,Mais de quatro milhões de clientes,Conglomerado,ITAU (conglomerado),16.85,1377.0,8827.0,81684646.0
2019,4º,Menos de quatro milhões de clientes,Banco/financeira,"JBCRED S.A. SOCIEDADE DE CREDITO, FINANCIAMENTO E INVESTIMENTO",,4.0,16.0,128313.0
2019,4º,Menos de quatro milhões de clientes,Conglomerado,JP MORGAN CHASE (conglomerado),,0.0,1.0,3768.0
2019,4º,Menos de quatro milhões de clientes,Banco/financeira,"KREDILIG S.A. - CRÉDITO, FINANCIAMENTO E INVESTIMENTO",,0.0,2.0,254657.0
2019,4º,Menos de quatro milhões de clientes,Conglomerado,LECCA (conglomerado),,0.0,5.0,25778.0
2019,4º,Menos de quatro milhões de clientes,Conglomerado,MÁXIMA (conglomerado),,12.0,33.0,55220.0
2019,4º,Menos de quatro milhões de clientes,Conglomerado,MERCANTIL DO BRASIL (conglomerado),27.23,82.0,217.0,3010523.0
2019,4º,Menos de quatro milhões de clientes,Conglomerado,MERCEDES-BENZ (conglomerado),,1.0,2.0,20092.0
2019,4º,Mais de quatro milhões de clientes,Banco/financeira,"MIDWAY S.A. - CRÉDITO, FINANCIAMENTO E INVESTIMENTO",5.61,64.0,164.0,11392747.0
2019,4º,Menos de quatro milhões de clientes,Conglomerado,MODAL (conglomerado),150.15,65.0,118.0,432873.0
2019,4º,Menos de quatro milhões de clientes,Banco/financeira,"NEGRESCO S.A. - CREDITO, FINANCIAMENTO E INVESTIMENTOS",,0.0,1.0,572602.0
2019,4º,Menos de quatro milhões de clientes,Banco/financeira,NOVO BANCO CONTINENTAL S.A. - BANCO MÚLTIPLO,998.61,62.0,77.0,62086.0
2019,4º,Menos de quatro milhões de clientes,Conglomerado,NUBANK (conglomerado),,0.0,15.0,45018.0
2019,4º,Mais de quatro milhões de clientes,Conglomerado,OMNI (conglomerado),7.57,35.0,132.0,4623207.0
2019,4º,Menos de quatro milhões de clientes,Conglomerado,ORIGINAL (conglomerado),111.92,271.0,685.0,2421171.0
2019,4º,Menos de quatro milhões de clientes,Conglomerado,OURINVEST (conglomerado),,0.0,1.0,64010.0
2019,4º,Mais de quatro milhões de clientes,Conglomerado,PAN (conglomerado),126.47,564.0,2266.0,4459480.0
2019,4º,Menos de quatro milhões de clientes,Conglomerado,PARANÁ BANCO (conglomerado),,11.0,249.0,369533.0
2019,4º,Menos de quatro milhões de clientes,Banco/financeira,"PARATI - CREDITO, FINANCIAMENTO E INVESTIMENTO S.A.",,1.0,2.0,857.0
2019,4º,Menos de quatro milhões de clientes,Banco/financeira,"PERNAMBUCANAS FINANCIADORA S.A. - CRÉDITO, FINANCIAMENTO E INVESTIMENTO",18.78,62.0,110.0,3301184.0
2019,4º,Menos de quatro milhões de clientes,Conglomerado,PORTO SEGURO (conglomerado),17.21,37.0,178.0,2149319.0
2019,4º,Menos de quatro milhões de clientes,Banco/financeira,"PORTOCRED S.A. - CREDITO, FINANCIAMENTO E INVESTIMENTO",,13.0,113.0,222025.0
2019,4º,Mais de quatro milhões de clientes,Banco/financeira,"REALIZE CRÉDITO, FINANCIAMENTO E INVESTIMENTO S.A.",2.67,13.0,70.0,4862925.0
2019,4º,Menos de quatro milhões de clientes,Conglomerado,RENDIMENTO (conglomerado),,7.0,14.0,21556.0
2019,4º,Menos de quatro milhões de clientes,Conglomerado,RODOBENS (conglomerado),,7.0,14.0,12464.0
2019,4º,Menos de quatro milhões de clientes,Conglomerado,SAFRA (conglomerado),629.65,1573.0,4092.0,2498174.0
2019,4º,Menos de quatro milhões de clientes,Banco/financeira,"SANTANA S.A. - CRÉDITO, FINANCIAMENTO E INVESTIMENTO",,3.0,6.0,29507.0
2019,4º,Mais de quatro milhões de clientes,Conglomerado,SANTANDER (conglomerado),22.94,1085.0,6560.0,47281933.0
2019,4º,Menos de quatro milhões de clientes,Banco/financeira,"SANTINVEST S.A. - CREDITO, FINANCIAMENTO E INVESTIMENTOS",,3.0,9.0,14773.0
2019,4º,Menos de quatro milhões de clientes,Banco/financeira,"SAX S.A. - CRÉDITO, FINANCIAMENTO E INVESTIMENTO",,9.0,21.0,707920.0
2019,4º,Menos de quatro milhões de clientes,Banco/financeira,SCOTIABANK BRASIL S.A. BANCO MÚLTIPLO,,0.0,1.0,236.0
2019,4º,Menos de quatro milhões de clientes,Banco/financeira,"SENFF S.A. - CRÉDITO, FINANCIAMENTO E INVESTIMENTO",,0.0,3.0,74399.0
2019,4º,Mais de quatro milhões de clientes,Conglomerado,SICREDI (conglomerado),0.0,0.0,1.0,4564825.0
2019,4º,Menos de quatro milhões de clientes,Conglomerado,SOCIETE GENERALE (conglomerado),,1.0,1.0,677.0
2019,4º,Menos de quatro milhões de clientes,Banco/financeira,"SOCINAL S.A. - CRÉDITO, FINANCIAMENTO E INVESTIMENTO",,2.0,11.0,6257.0
2019,4º,Menos de quatro milhões de clientes,Conglomerado,SOFISA (conglomerado),,13.0,57.0,221280.0
2019,4º,Menos de quatro milhões de clientes,Conglomerado,SOROCRED (conglomerado),,5.0,54.0,483650.0
2019,4º,Menos de quatro milhões de clientes,Banco/financeira,"VIA CERTA FINANCIADORA S.A. - CRÉDITO, FINANCIAMENTO E INVESTIMENTOS",,0.0,2.0,444831.0
2019,4º,Menos de quatro milhões de clientes,Conglomerado,VOLKSWAGEN (conglomerado),48.76,19.0,79.0,389621.0
2019,4º,Mais de quatro milhões de clientes,Conglomerado,VOTORANTIM (conglomerado),9.5,70.0,479.0,7364173.0
2019,4º,Menos de quatro milhões de clientes,Conglomerado,WESTERN UNION (conglomerado),,5.0,5.0,1.0
2019,4º,Menos de quatro milhões de clientes,Conglomerado,YAMAHA MOTOR (conglomerado),,0.0,8.0,171174.0
2020,1º,Menos de quatro milhões de clientes,Conglomerado,ABC-BRASIL (conglomerado),,0.0,8.0,20209.0
2020,1º,Menos de quatro milhões de clientes,Conglomerado,AGIBANK (conglomerado),67.19,74.0,360.0,1101269.0
2020,1º,Menos de quatro milhões de clientes,Banco/financeira,"AGORACRED S/A SOCIEDADE DE CRÉDITO, FINANCIAMENTO E INVESTIMENTO",,2.0,2.0,370789.0
2020,1º,Menos de quatro milhões de clientes,Conglomerado,ALFA (conglomerado),45.83,19.0,91.0,414559.0
2020,1º,Menos de quatro milhões de clientes,Banco/financeira,"AMAGGI S.A. - CRÉDITO, FINANCIAMENTO E INVESTIMENTO",,0.0,2.0,7735.0
2020,1º,Menos de quatro milhões de clientes,Conglomerado,ANDBANK (conglomerado),,0.0,7.0,3723.0
2020,1º,Menos de quatro milhões de clientes,Banco/financeira,"AVISTA S.A. CRÉDITO, FINANCIAMENTO E INVESTIMENTO",,11.0,19.0,1163474.0
2020,1º,Menos de quatro milhões de clientes,Banco/financeira,BANCO A.J. RENNER S.A.,163.43,39.0,83.0,238631.0
2020,1º,Menos de quatro milhões de clientes,Banco/financeira,BANCO ABN AMRO S.A.,,0.0,1.0,227.0
2020,1º,Menos de quatro milhões de clientes,Banco/financeira,BANCO ARBI S.A.,,1.0,1.0,11281.0
2020,1º,Menos de quatro milhões de clientes,Banco/financeira,BANCO CATERPILLAR S.A.,,1.0,1.0,2872.0
2020,1º,Menos de quatro milhões de clientes,Banco/financeira,BANCO CNH INDUSTRIAL CAPITAL S.A.,,0.0,1.0,26616.0
2020,1º,Mais de quatro milhões de clientes,Banco/financeira,BANCO CSF S.A.,12.43,92.0,302.0,7400252.0
2020,1º,Menos de quatro milhões de clientes,Banco/financeira,BANCO DA AMAZONIA S.A.,,2.0,9.0,509203.0
2020,1º,Menos de quatro milhões de clientes,Banco/financeira,BANCO DIGIO S.A.,38.28,49.0,203.0,1279978.0
2020,1º,Menos de quatro milhões de clientes,Banco/financeira,BANCO DO ESTADO DE SERGIPE S.A.,14.64,16.0,56.0,1092642.0
2020,1º,Menos de quatro milhões de clientes,Banco/financeira,BANCO DO ESTADO DO PARÁ S.A.,21.82,16.0,51.0,733076.0
2020,1º,Mais de quatro milhões de clientes,Banco/financeira,BANCO DO NORDESTE DO BRASIL S.A.,2.25,18.0,59.0,7989745.0
2020,1º,Menos de quatro milhões de clientes,Banco/financeira,BANCO FIBRA S.A.,,1.0,1.0,165324.0
2020,1º,Menos de quatro milhões de clientes,Banco/financeira,BANCO INBURSA S.A.,,1.0,6.0,11309.0
2020,1º,Menos de quatro milhões de clientes,Banco/financeira,BANCO LUSO BRASILEIRO S.A.,,1.0,1.0,10401.0
2020,1º,Menos de quatro milhões de clientes,Banco/financeira,BANCO MONEO S.A.,,0.0,1.0,1240.0
2020,1º,Menos de quatro milhões de clientes,Banco/financeira,BANCO SEMEAR S.A.,,0.0,2.0,260283.0
2020,1º,Menos de quatro milhões de clientes,Banco/financeira,BANCO TOPÁZIO S.A.,,3.0,7.0,21862.0
2020,1º,Menos de quatro milhões de clientes,Banco/financeira,BANCO TOYOTA DO BRASIL S.A.,,5.0,18.0,182525.0
2020,1º,Menos de quatro milhões de clientes,Banco/financeira,BANCO TRIANGULO S.A.,,4.0,19.0,1992724.0
2020,1º,Menos de quatro milhões de clientes,Banco/financeira,BANCO VIPAL S.A.,,0.0,1.0,436.0
2020,1º,Menos de quatro milhões de clientes,Conglomerado,BANCOOB (conglomerado),,11.0,48.0,3711895.0
2020,1º,Menos de quatro milhões de clientes,Banco/financeira,BANCOSEGURO S.A.,,0.0,3.0,192087.0
2020,1º,Menos de quatro milhões de clientes,Conglomerado,BANESTES (conglomerado),12.34,16.0,57.0,1295724.0
2020,1º,Mais de quatro milhões de clientes,Conglomerado,BANRISUL (conglomerado),21.8,109.0,573.0,4998869.0
2020,1º,Menos de quatro milhões de clientes,Conglomerado,BARIGUI (conglomerado),996.26,28.0,52.0,28105.0
2020,1º,Mais de quatro milhões de clientes,Conglomerado,BB (conglomerado),19.07,1258.0,6051.0,65965945.0
2020,1º,Menos de quatro milhões de clientes,Banco/financeira,BBVA BRASIL BANCO DE INVESTIMENTO S.A.,,0.0,2.0,0.0
2020,1º,Mais de quatro milhões de clientes,Conglomerado,BMG (conglomerado),82.07,407.0,1414.0,4958841.0
2020,1º,Menos de quatro milhões de clientes,Conglomerado,BMW (conglomerado),,1.0,4.0,24006.0
2020,1º,Menos de quatro milhões de clientes,Conglomerado,BNP PARIBAS (conglomerado),217.64,684.0,1139.0,3142799.0
2020,1º,Menos de quatro milhões de clientes,Conglomerado,BOFA MERRILL LYNCH (conglomerado),,0.0,3.0,1733.0
2020,1º,Mais de quatro milhões de clientes,Conglomerado,BRADESCO (conglomerado),20.54,2045.0,9148.0,99546994.0
2020,1º,Menos de quatro milhões de clientes,Conglomerado,BRB (conglomerado),83.58,76.0,234.0,909295.0
2020,1º,Menos de quatro milhões de clientes,Conglomerado,BTG PACTUAL (conglomerado),,3.0,16.0,368553.0
2020,1º,Menos de quatro milhões de clientes,Conglomerado,C6 BANK (conglomerado),41.43,59.0,390.0,1423786.0
2020,1º,Mais de quatro milhões de clientes,Conglomerado,CAIXA ECONÔMICA FEDERAL (conglomerado),21.97,2116.0,9271.0,96303277.0
2020,1º,Menos de quatro milhões de clientes,Banco/financeira,"CARUANA S.A. - SOCIEDADE DE CRÉDITO, FINANCIAMENTO E INVESTIMENTO",,2.0,5.0,64401.0
2020,1º,Menos de quatro milhões de clientes,Conglomerado,CCB (conglomerado),69.26,18.0,197.0,259864.0
2020,1º,Menos de quatro milhões de clientes,Conglomerado,CITIBANK (conglomerado),,0.0,6.0,23775.0
2020,1º,Menos de quatro milhões de clientes,Conglomerado,CREFISA (conglomerado),9.03,16.0,182.0,1770650.0
2020,1º,Menos de quatro milhões de clientes,Conglomerado,DAYCOVAL (conglomerado),64.93,80.0,619.0,1232095.0
2020,1º,Menos de quatro milhões de clientes,Banco/financeira,DEUTSCHE BANK S.A. - BANCO ALEMAO,,0.0,1.0,3182.0
2020,1º,Menos de quatro milhões de clientes,Banco/financeira,FACTA FINANCEIRA S.A. - CRÉDITO FINANCIAMENTO E INVESTIMENTO,1416.17,132.0,758.0,93209.0
2020,1º,Menos de quatro milhões de clientes,Banco/financeira,"FINAMAX S.A. - CREDITO, FINANCIAMENTO E INVESTIMENTO",,0.0,6.0,100768.0
2020,1º,Menos de quatro milhões de clientes,Conglomerado,FINAXIS (conglomerado),,0.0,1.0,4596.0
2020,1º,Menos de quatro milhões de clientes,Conglomerado,GAZIN (conglomerado),,1.0,1.0,40721.0
2020,1º,Menos de quatro milhões de clientes,Conglomerado,GM (conglomerado),,4.0,25.0,343782.0
2020,1º,Menos de quatro milhões de clientes,Conglomerado,GRUPO BONSUCESSO - BS2 (conglomerado),49.57,18.0,91.0,363105.0
2020,1º,Menos de quatro milhões de clientes,Conglomerado,GRUPO ZEMA (conglomerado),,0.0,3.0,406570.0
2020,1º,Menos de quatro milhões de clientes,Conglomerado,HERVAL - HS (conglomerado),,2.0,5.0,106808.0
2020,1º,Menos de quatro milhões de clientes,Conglomerado,HONDA (conglomerado),,5.0,32.0,486564.0
2020,1º,Menos de quatro milhões de clientes,Conglomerado,INDUSTRIAL DO BRASIL (conglomerado),255.51,16.0,35.0,62618.0
2020,1º,Menos de quatro milhões de clientes,Conglomerado,INDUSVAL (conglomerado),,0.0,1.0,4988.0
2020,1º,Mais de quatro milhões de clientes,Conglomerado,INTER (conglomerado),163.51,780.0,1870.0,4770298.0
2020,1º,Mais de quatro milhões de clientes,Conglomerado,ITAU (conglomerado),21.66,1785.0,9118.0,82378627.0
2020,1º,Menos de quatro milhões de clientes,Banco/financeira,"JBCRED S.A. SOCIEDADE DE CREDITO, FINANCIAMENTO E INVESTIMENTO",,2.0,8.0,127758.0
2020,1º,Menos de quatro milhões de clientes,Banco/financeira,"KREDILIG S.A. - CRÉDITO, FINANCIAMENTO E INVESTIMENTO",,0.0,1.0,260710.0
2020,1º,Menos de quatro milhões de clientes,Banco/financeira,"LEBES FINANCEIRA S.A. - CRÉDITO, FINANCIAMENTO E INVESTIMENTO",,1.0,1.0,219567.0
2020,1º,Menos de quatro milhões de clientes,Conglomerado,LECCA (conglomerado),,7.0,14.0,27157.0
2020,1º,Menos de quatro milhões de clientes,Conglomerado,MÁXIMA (conglomerado),,7.0,38.0,68831.0
2020,1º,Menos de quatro milhões de clientes,Conglomerado,MERCANTIL DO BRASIL (conglomerado),27.6,86.0,237.0,3115392.0
2020,1º,Menos de quatro milhões de clientes,Conglomerado,MERCEDES-BENZ (conglomerado),,0.0,1.0,20676.0
2020,1º,Mais de quatro milhões de clientes,Banco/financeira,"MIDWAY S.A. - CRÉDITO, FINANCIAMENTO E INVESTIMENTO",5.45,63.0,252.0,11541042.0
2020,1º,Menos de quatro milhões de clientes,Conglomerado,MODAL (conglomerado),48.7,28.0,105.0,574846.0
2020,1º,Menos de quatro milhões de clientes,Banco/financeira,"NEGRESCO S.A. - CREDITO, FINANCIAMENTO E INVESTIMENTOS",,1.0,3.0,582196.0
2020,1º,Menos de quatro milhões de clientes,Banco/financeira,NOVO BANCO CONTINENTAL S.A. - BANCO MÚLTIPLO,532.98,39.0,70.0,73173.0
2020,1º,Menos de quatro milhões de clientes,Conglomerado,NUBANK (conglomerado),,1.0,14.0,2733789.0
2020,1º,Mais de quatro milhões de clientes,Conglomerado,OMNI (conglomerado),7.7,36.0,134.0,4670973.0
2020,1º,Menos de quatro milhões de clientes,Conglomerado,ORIGINAL (conglomerado),159.83,443.0,1063.0,2771671.0
2020,1º,Menos de quatro milhões de clientes,Conglomerado,OURINVEST (conglomerado),,0.0,1.0,47344.0
2020,1º,Mais de quatro milhões de clientes,Conglomerado,PAN (conglomerado),163.38,792.0,2841.0,4847503.0
2020,1º,Menos de quatro milhões de clientes,Conglomerado,PARANÁ BANCO (conglomerado),64.51,26.0,312.0,403023.0
2020,1º,Menos de quatro milhões de clientes,Banco/financeira,"PERNAMBUCANAS FINANCIADORA S.A. - CRÉDITO, FINANCIAMENTO E INVESTIMENTO",14.43,39.0,98.0,2702654.0
2020,1º,Menos de quatro milhões de clientes,Conglomerado,PINE (conglomerado),,0.0,6.0,12036.0
2020,1º,Menos de quatro milhões de clientes,Conglomerado,PORTO SEGURO (conglomerado),16.54,38.0,199.0,2296267.0
2020,1º,Menos de quatro milhões de clientes,Banco/financeira,"PORTOCRED S.A. - CREDITO, FINANCIAMENTO E INVESTIMENTO",75.25,19.0,111.0,252491.0
2020,1º,Mais de quatro milhões de clientes,Banco/financeira,"REALIZE CRÉDITO, FINANCIAMENTO E INVESTIMENTO S.A.",1.7,9.0,81.0,5275046.0
2020,1º,Menos de quatro milhões de clientes,Conglomerado,RENDIMENTO (conglomerado),,4.0,10.0,22276.0
2020,1º,Menos de quatro milhões de clientes,Conglomerado,RODOBENS (conglomerado),,0.0,3.0,12767.0
2020,1º,Menos de quatro milhões de clientes,Conglomerado,SAFRA (conglomerado),463.34,1247.0,3320.0,2691273.0
2020,1º,Menos de quatro milhões de clientes,Banco/financeira,"SANTANA S.A. - CRÉDITO, FINANCIAMENTO E INVESTIMENTO",,3.0,5.0,29726.0
2020,1º,Mais de quatro milhões de clientes,Conglomerado,SANTANDER (conglomerado),26.32,1283.0,7003.0,48737277.0
2020,1º,Menos de quatro milhões de clientes,Banco/financeira,"SANTINVEST S.A. - CREDITO, FINANCIAMENTO E INVESTIMENTOS",,3.0,8.0,14676.0
2020,1º,Menos de quatro milhões de clientes,Banco/financeira,"SAX S.A. - CRÉDITO, FINANCIAMENTO E INVESTIMENTO",,6.0,10.0,797529.0
2020,1º,Menos de quatro milhões de clientes,Banco/financeira,SCOTIABANK BRASIL S.A. BANCO MÚLTIPLO,,0.0,1.0,254.0
2020,1º,Menos de quatro milhões de clientes,Banco/financeira,"SENFF S.A. - CRÉDITO, FINANCIAMENTO E INVESTIMENTO",,0.0,2.0,78008.0
2020,1º,Mais de quatro milhões de clientes,Conglomerado,SICREDI (conglomerado),0.42,2.0,2.0,4745257.0
2020,1º,Menos de quatro milhões de clientes,Conglomerado,SOCIETE GENERALE (conglomerado),,0.0,4.0,703.0
2020,1º,Menos de quatro milhões de clientes,Banco/financeira,"SOCINAL S.A. - CRÉDITO, FINANCIAMENTO E INVESTIMENTO",,0.0,8.0,5969.0
2020,1º,Menos de quatro milhões de clientes,Conglomerado,SOCOPA (conglomerado),,1.0,4.0,24738.0
2020,1º,Menos de quatro milhões de clientes,Conglomerado,SOFISA (conglomerado),84.31,20.0,84.0,237213.0
2020,1º,Menos de quatro milhões de clientes,Conglomerado,SOROCRED (conglomerado),,9.0,39.0,538412.0
2020,1º,Menos de quatro milhões de clientes,Banco/financeira,"VIA CERTA FINANCIADORA S.A. - CRÉDITO, FINANCIAMENTO E INVESTIMENTOS",,1.0,1.0,441930.0
2020,1º,Menos de quatro milhões de clientes,Conglomerado,VOLKSWAGEN (conglomerado),50.24,20.0,77.0,398010.0
2020,1º,Mais de quatro milhões de clientes,Conglomerado,VOTORANTIM (conglomerado),11.14,95.0,581.0,8527116.0
2020,1º,Menos de quatro milhões de clientes,Conglomerado,WESTERN UNION (conglomerado),,3.0,9.0,1.0
2020,1º,Menos de quatro milhões de clientes,Conglomerado,YAMAHA MOTOR (conglomerado),,0.0,15.0,181066.0
2020,2º,Menos de quatro milhões de clientes,Conglomerado,ABC-BRASIL (conglomerado),,1.0,2.0,21754.0
2020,2º,Menos de quatro milhões de clientes,Conglomerado,AGIBANK (conglomerado),61.19,67.0,391.0,1094818.0
2020,2º,Menos de quatro milhões de clientes,Banco/financeira,"AGORACRED S/A SOCIEDADE DE CRÉDITO, FINANCIAMENTO E INVESTIMENTO",,0.0,3.0,373794.0
2020,2º,Menos de quatro milhões de clientes,Conglomerado,ALFA (conglomerado),,12.0,82.0,412199.0
2020,2º,Menos de quatro milhões de clientes,Banco/financeira,"AMAGGI S.A. - CRÉDITO, FINANCIAMENTO E INVESTIMENTO",,1.0,5.0,8250.0
2020,2º,Menos de quatro milhões de clientes,Conglomerado,ANDBANK (conglomerado),,0.0,3.0,3991.0
2020,2º,Menos de quatro milhões de clientes,Banco/financeira,"AVISTA S.A. CRÉDITO, FINANCIAMENTO E INVESTIMENTO",,11.0,25.0,1221120.0
2020,2º,Menos de quatro milhões de clientes,Banco/financeira,BANCO ARBI S.A.,,1.0,2.0,12624.0
2020,2º,Menos de quatro milhões de clientes,Banco/financeira,BANCO CNH INDUSTRIAL CAPITAL S.A.,,1.0,6.0,26121.0
2020,2º,Mais de quatro milhões de clientes,Banco/financeira,BANCO CSF S.A.,16.59,122.0,387.0,7350474.0
2020,2º,Menos de quatro milhões de clientes,Banco/financeira,BANCO DA AMAZONIA S.A.,,2.0,19.0,508852.0
2020,2º,Menos de quatro milhões de clientes,Banco/financeira,BANCO DE LA NACION ARGENTINA,,1.0,1.0,226.0
2020,2º,Menos de quatro milhões de clientes,Banco/financeira,BANCO DE LAGE LANDEN BRASIL S.A.,,0.0,2.0,35889.0
2020,2º,Menos de quatro milhões de clientes,Banco/financeira,BANCO DIGIMAIS S.A.,340.24,83.0,154.0,243941.0
2020,2º,Menos de quatro milhões de clientes,Banco/financeira,BANCO DIGIO S.A.,19.03,26.0,151.0,1366248.0
2020,2º,Menos de quatro milhões de clientes,Banco/financeira,BANCO DO ESTADO DE SERGIPE S.A.,,7.0,64.0,879777.0
2020,2º,Menos de quatro milhões de clientes,Banco/financeira,BANCO DO ESTADO DO PARÁ S.A.,19.41,15.0,59.0,772617.0
2020,2º,Mais de quatro milhões de clientes,Banco/financeira,BANCO DO NORDESTE DO BRASIL S.A.,0.86,7.0,74.0,8061030.0
2020,2º,Menos de quatro milhões de clientes,Banco/financeira,BANCO FIBRA S.A.,,0.0,2.0,163909.0
2020,2º,Menos de quatro milhões de clientes,Banco/financeira,BANCO FICSA S.A.,,4.0,4.0,38706.0
2020,2º,Menos de quatro milhões de clientes,Banco/financeira,BANCO FORD S.A.,,1.0,4.0,402.0
2020,2º,Menos de quatro milhões de clientes,Banco/financeira,BANCO INBURSA S.A.,,1.0,3.0,11904.0
2020,2º,Menos de quatro milhões de clientes,Banco/financeira,BANCO JOHN DEERE S.A.,,0.0,1.0,14489.0
2020,2º,Menos de quatro milhões de clientes,Banco/financeira,BANCO LUSO BRASILEIRO S.A.,,0.0,1.0,10297.0
2020,2º,Menos de quatro milhões de clientes,Banco/financeira,BANCO MONEO S.A.,,1.0,1.0,1234.0
2020,2º,Menos de quatro milhões de clientes,Banco/financeira,BANCO OURINVEST S.A.,,0.0,1.0,38281.0
2020,2º,Menos de quatro milhões de clientes,Banco/financeira,BANCO RIBEIRAO PRETO S.A.,,1.0,2.0,4865.0
2020,2º,Menos de quatro milhões de clientes,Banco/financeira,BANCO SEMEAR S.A.,,0.0,7.0,255199.0
2020,2º,Menos de quatro milhões de clientes,Banco/financeira,BANCO TOPÁZIO S.A.,,0.0,2.0,21801.0
2020,2º,Menos de quatro milhões de clientes,Banco/financeira,BANCO TOYOTA DO BRASIL S.A.,,8.0,56.0,175692.0
2020,2º,Menos de quatro milhões de clientes,Banco/financeira,BANCO TRIANGULO S.A.,,7.0,32.0,1968256.0
2020,2º,Menos de quatro milhões de clientes,Banco/financeira,BANCO TRICURY S.A.,,0.0,1.0,676.0
2020,2º,Menos de quatro milhões de clientes,Conglomerado,BANCOOB (conglomerado),,8.0,40.0,3886472.0
2020,2º,Menos de quatro milhões de clientes,Conglomerado,BANESTES (conglomerado),,10.0,38.0,1303144.0
2020,2º,Mais de quatro milhões de clientes,Conglomerado,BANRISUL (conglomerado),19.83,100.0,645.0,5042321.0
2020,2º,Menos de quatro milhões de clientes,Conglomerado,BARIGUI (conglomerado),,7.0,19.0,27474.0
2020,2º,Mais de quatro milhões de clientes,Conglomerado,BB (conglomerado),22.76,1527.0,8522.0,67076893.0
2020,2º,Menos de quatro milhões de clientes,Banco/financeira,BBVA BRASIL BANCO DE INVESTIMENTO S.A.,,0.0,2.0,0.0
2020,2º,Menos de quatro milhões de clientes,Banco/financeira,"BECKER FINANCEIRA S.A. - CRÉDITO, FINANCIAMENTO E INVESTIMENTO",,0.0,1.0,44089.0
2020,2º,Menos de quatro milhões de clientes,Banco/financeira,"BIORC FINANCEIRA - CRÉDITO, FINANCIAMENTO E INVESTIMENTO S.A.",,0.0,3.0,10899.0
2020,2º,Mais de quatro milhões de clientes,Conglomerado,BMG (conglomerado),99.8,520.0,1543.0,5210230.0
2020,2º,Menos de quatro milhões de clientes,Conglomerado,BMW (conglomerado),,1.0,6.0,24426.0
2020,2º,Menos de quatro milhões de clientes,Conglomerado,BNP PARIBAS (conglomerado),268.59,719.0,1267.0,2676922.0
2020,2º,Menos de quatro milhões de clientes,Conglomerado,BOFA MERRILL LYNCH (conglomerado),,1.0,1.0,1604.0
2020,2º,Mais de quatro milhões de clientes,Conglomerado,BRADESCO (conglomerado),24.35,2408.0,11450.0,98855959.0
2020,2º,Menos de quatro milhões de clientes,Conglomerado,BRB (conglomerado),69.12,64.0,393.0,925870.0
2020,2º,Menos de quatro milhões de clientes,Conglomerado,BTG PACTUAL (conglomerado),,8.0,26.0,424827.0
2020,2º,Menos de quatro milhões de clientes,Conglomerado,C6 BANK (conglomerado),64.37,118.0,347.0,1833081.0
2020,2º,Mais de quatro milhões de clientes,Conglomerado,CAIXA ECONÔMICA FEDERAL (conglomerado),26.45,3053.0,23610.0,115407209.0
2020,2º,Menos de quatro milhões de clientes,Banco/financeira,"CARUANA S.A. - SOCIEDADE DE CRÉDITO, FINANCIAMENTO E INVESTIMENTO",,2.0,7.0,63739.0
2020,2º,Menos de quatro milhões de clientes,Conglomerado,CCB (conglomerado),,6.0,130.0,253956.0
2020,2º,Menos de quatro milhões de clientes,Conglomerado,CITIBANK (conglomerado),,0.0,5.0,19435.0
2020,2º,Menos de quatro milhões de clientes,Conglomerado,CREFISA (conglomerado),17.3,31.0,248.0,1791322.0
2020,2º,Menos de quatro milhões de clientes,Conglomerado,DAYCOVAL (conglomerado),41.06,50.0,654.0,1217663.0
2020,2º,Menos de quatro milhões de clientes,Banco/financeira,FACTA FINANCEIRA S.A. - CRÉDITO FINANCIAMENTO E INVESTIMENTO,559.96,54.0,302.0,96434.0
2020,2º,Menos de quatro milhões de clientes,Conglomerado,FATOR (conglomerado),,0.0,1.0,16675.0
2020,2º,Menos de quatro milhões de clientes,Banco/financeira,"FINAMAX S.A. - CREDITO, FINANCIAMENTO E INVESTIMENTO",,0.0,6.0,97339.0
2020,2º,Menos de quatro milhões de clientes,Conglomerado,GM (conglomerado),72.55,24.0,210.0,330771.0
2020,2º,Menos de quatro milhões de clientes,Conglomerado,GRUPO BONSUCESSO - BS2 (conglomerado),44.63,20.0,75.0,448029.0
2020,2º,Menos de quatro milhões de clientes,Conglomerado,GRUPO ZEMA (conglomerado),,0.0,2.0,410773.0
2020,2º,Menos de quatro milhões de clientes,Conglomerado,HERVAL - HS (conglomerado),,6.0,10.0,197488.0
2020,2º,Menos de quatro milhões de clientes,Conglomerado,HONDA (conglomerado),,7.0,58.0,478950.0
2020,2º,Menos de quatro milhões de clientes,Conglomerado,INDUSTRIAL DO BRASIL (conglomerado),235.01,15.0,47.0,63827.0
2020,2º,Menos de quatro milhões de clientes,Conglomerado,INDUSVAL (conglomerado),,6.0,7.0,5169.0
2020,2º,Mais de quatro milhões de clientes,Conglomerado,INTER (conglomerado),97.92,557.0,1401.0,5688290.0
2020,2º,Mais de quatro milhões de clientes,Conglomerado,ITAU (conglomerado),21.09,1750.0,9834.0,82959663.0
2020,2º,Menos de quatro milhões de clientes,Banco/financeira,"JBCRED S.A. SOCIEDADE DE CREDITO, FINANCIAMENTO E INVESTIMENTO",,0.0,8.0,125684.0
2020,2º,Menos de quatro milhões de clientes,Banco/financeira,"KREDILIG S.A. - CRÉDITO, FINANCIAMENTO E INVESTIMENTO",,0.0,1.0,265138.0
2020,2º,Menos de quatro milhões de clientes,Banco/financeira,"LEBES FINANCEIRA S.A. - CRÉDITO, FINANCIAMENTO E INVESTIMENTO",,0.0,1.0,205116.0
2020,2º,Menos de quatro milhões de clientes,Conglomerado,LECCA (conglomerado),,9.0,19.0,25656.0
2020,2º,Menos de quatro milhões de clientes,Conglomerado,MÁXIMA (conglomerado),,9.0,25.0,83947.0
2020,2º,Menos de quatro milhões de clientes,Conglomerado,MERCANTIL DO BRASIL (conglomerado),30.73,99.0,256.0,3221087.0
2020,2º,Menos de quatro milhões de clientes,Conglomerado,MERCEDES-BENZ (conglomerado),,5.0,15.0,20615.0
2020,2º,Mais de quatro milhões de clientes,Banco/financeira,"MIDWAY S.A. - CRÉDITO, FINANCIAMENTO E INVESTIMENTO",3.13,35.0,277.0,11177083.0
2020,2º,Menos de quatro milhões de clientes,Conglomerado,MODAL (conglomerado),35.7,26.0,120.0,728248.0
2020,2º,Menos de quatro milhões de clientes,Banco/financeira,"NEGRESCO S.A. - CREDITO, FINANCIAMENTO E INVESTIMENTOS",,1.0,2.0,580365.0
2020,2º,Menos de quatro milhões de clientes,Banco/financeira,NOVO BANCO CONTINENTAL S.A. - BANCO MÚLTIPLO,225.43,18.0,82.0,79846.0
2020,2º,Mais de quatro milhões de clientes,Conglomerado,NUBANK (conglomerado),0.18,1.0,11.0,5367754.0
2020,2º,Mais de quatro milhões de clientes,Conglomerado,OMNI (conglomerado),12.07,55.0,216.0,4553588.0
2020,2º,Menos de quatro milhões de clientes,Conglomerado,ORIGINAL (conglomerado),30.97,97.0,547.0,3131942.0
2020,2º,Menos de quatro milhões de clientes,Conglomerado,PAGBANK-PAGSEGURO (conglomerado),,0.0,3.0,935179.0
2020,2º,Mais de quatro milhões de clientes,Conglomerado,PAN (conglomerado),158.89,794.0,4807.0,4996952.0
2020,2º,Menos de quatro milhões de clientes,Conglomerado,PARANÁ BANCO (conglomerado),122.22,53.0,340.0,433617.0
2020,2º,Menos de quatro milhões de clientes,Banco/financeira,"PARATI - CREDITO, FINANCIAMENTO E INVESTIMENTO S.A.",,0.0,1.0,1009.0
2020,2º,Menos de quatro milhões de clientes,Banco/financeira,"PERNAMBUCANAS FINANCIADORA S.A. - CRÉDITO, FINANCIAMENTO E INVESTIMENTO",19.25,64.0,168.0,3322987.0
2020,2º,Menos de quatro milhões de clientes,Conglomerado,PINE (conglomerado),,1.0,2.0,11077.0
2020,2º,Menos de quatro milhões de clientes,Conglomerado,PLURAL (conglomerado),,0.0,2.0,5003.0
2020,2º,Menos de quatro milhões de clientes,Conglomerado,PORTO SEGURO (conglomerado),20.78,50.0,200.0,2405064.0
2020,2º,Menos de quatro milhões de clientes,Banco/financeira,"PORTOCRED S.A. - CREDITO, FINANCIAMENTO E INVESTIMENTO",,14.0,61.0,251875.0
2020,2º,Mais de quatro milhões de clientes,Banco/financeira,"REALIZE CRÉDITO, FINANCIAMENTO E INVESTIMENTO S.A.",3.55,17.0,90.0,4784859.0
2020,2º,Menos de quatro milhões de clientes,Conglomerado,RENDIMENTO (conglomerado),,1.0,5.0,22654.0
2020,2º,Menos de quatro milhões de clientes,Conglomerado,RODOBENS (conglomerado),,1.0,6.0,12852.0
2020,2º,Menos de quatro milhões de clientes,Conglomerado,SAFRA (conglomerado),281.78,771.0,2926.0,2736115.0
2020,2º,Menos de quatro milhões de clientes,Banco/financeira,"SANTANA S.A. - CRÉDITO, FINANCIAMENTO E INVESTIMENTO",,7.0,12.0,29536.0
2020,2º,Mais de quatro milhões de clientes,Conglomerado,SANTANDER (conglomerado),41.35,2040.0,11006.0,49334145.0
2020,2º,Menos de quatro milhões de clientes,Banco/financeira,"SAX S.A. - CRÉDITO, FINANCIAMENTO E INVESTIMENTO",,5.0,16.0,809031.0
2020,2º,Menos de quatro milhões de clientes,Conglomerado,SCANIA (conglomerado),,0.0,1.0,4328.0
2020,2º,Menos de quatro milhões de clientes,Banco/financeira,"SENFF S.A. - CRÉDITO, FINANCIAMENTO E INVESTIMENTO",,0.0,6.0,84.0
2020,2º,Mais de quatro milhões de clientes,Conglomerado,SICREDI (conglomerado),0.0,0.0,2.0,4976262.0
2020,2º,Menos de quatro milhões de clientes,Conglomerado,SOCIETE GENERALE (conglomerado),,2.0,4.0,699.0
2020,2º,Menos de quatro milhões de clientes,Banco/financeira,"SOCINAL S.A. - CRÉDITO, FINANCIAMENTO E INVESTIMENTO",,4.0,12.0,5517.0
2020,2º,Menos de quatro milhões de clientes,Conglomerado,SOCOPA (conglomerado),,0.0,2.0,24627.0
2020,2º,Menos de quatro milhões de clientes,Conglomerado,SOFISA (conglomerado),,7.0,35.0,250294.0
2020,2º,Menos de quatro milhões de clientes,Conglomerado,SOROCRED (conglomerado),,4.0,29.0,492314.0
2020,2º,Menos de quatro milhões de clientes,Banco/financeira,"VIA CERTA FINANCIADORA S.A. - CRÉDITO, FINANCIAMENTO E INVESTIMENTOS",,4.0,6.0,414053.0
2020,2º,Menos de quatro milhões de clientes,Conglomerado,VOLKSWAGEN (conglomerado),168.81,66.0,389.0,390958.0
2020,2º,Menos de quatro milhões de clientes,Conglomerado,VOLVO (conglomerado),,1.0,1.0,81.0
2020,2º,Mais de quatro milhões de clientes,Conglomerado,VOTORANTIM (conglomerado),3.47,33.0,561.0,9502980.0
2020,2º,Menos de quatro milhões de clientes,Conglomerado,VR (conglomerado),,0.0,1.0,69.0
2020,2º,Menos de quatro milhões de clientes,Conglomerado,WESTERN UNION (conglomerado),,7.0,14.0,1.0
2020,2º,Menos de quatro milhões de clientes,Conglomerado,YAMAHA MOTOR (conglomerado),,5.0,54.0,185004.0
2020,3º,Menos de quatro milhões de clientes,Conglomerado,ABC-BRASIL (conglomerado),,1.0,4.0,24119.0
2020,3º,Menos de quatro milhões de clientes,Conglomerado,AGIBANK (conglomerado),62.34,63.0,347.0,1010427.0
2020,3º,Menos de quatro milhões de clientes,Banco/financeira,"AGORACRED S/A SOCIEDADE DE CRÉDITO, FINANCIAMENTO E INVESTIMENTO",,4.0,5.0,382287.0
2020,3º,Menos de quatro milhões de clientes,Banco/financeira,"AL5 S.A. CRÉDITO, FINANCIAMENTO E INVESTIMENTO",,1.0,3.0,10041.0
2020,3º,Menos de quatro milhões de clientes,Conglomerado,ALFA (conglomerado),87.5,36.0,134.0,411418.0
2020,3º,Menos de quatro milhões de clientes,Conglomerado,ANDBANK (conglomerado),,0.0,16.0,4305.0
2020,3º,Menos de quatro milhões de clientes,Banco/financeira,"AVISTA S.A. CRÉDITO, FINANCIAMENTO E INVESTIMENTO",,27.0,41.0,1272781.0
2020,3º,Menos de quatro milhões de clientes,Banco/financeira,BANCO ABN AMRO S.A.,,0.0,1.0,140.0
2020,3º,Menos de quatro milhões de clientes,Banco/financeira,BANCO ARBI S.A.,,2.0,2.0,13286.0
2020,3º,Menos de quatro milhões de clientes,Banco/financeira,BANCO CNH INDUSTRIAL CAPITAL S.A.,,1.0,2.0,26883.0
2020,3º,Mais de quatro milhões de clientes,Banco/financeira,BANCO CSF S.A.,17.06,130.0,324.0,7618737.0
2020,3º,Menos de quatro milhões de clientes,Banco/financeira,BANCO DA AMAZONIA S.A.,,6.0,18.0,536163.0
2020,3º,Menos de quatro milhões de clientes,Banco/financeira,BANCO DE LA NACION ARGENTINA,,0.0,1.0,224.0
2020,3º,Menos de quatro milhões de clientes,Banco/financeira,BANCO DE LAGE LANDEN BRASIL S.A.,,2.0,2.0,35565.0
2020,3º,Menos de quatro milhões de clientes,Banco/financeira,BANCO DIGIMAIS S.A.,269.02,67.0,119.0,249049.0
2020,3º,Menos de quatro milhões de clientes,Banco/financeira,BANCO DIGIO S.A.,62.83,85.0,304.0,1352697.0
2020,3º,Menos de quatro milhões de clientes,Banco/financeira,BANCO DO ESTADO DE SERGIPE S.A.,,19.0,63.0,1093478.0
2020,3º,Menos de quatro milhões de clientes,Banco/financeira,BANCO DO ESTADO DO PARÁ S.A.,,11.0,55.0,820900.0
2020,3º,Mais de quatro milhões de clientes,Banco/financeira,BANCO DO NORDESTE DO BRASIL S.A.,1.58,13.0,74.0,8195746.0
2020,3º,Menos de quatro milhões de clientes,Banco/financeira,BANCO FIBRA S.A.,,0.0,5.0,163904.0
2020,3º,Menos de quatro milhões de clientes,Banco/financeira,BANCO FORD S.A.,,0.0,2.0,408.0
2020,3º,Menos de quatro milhões de clientes,Banco/financeira,BANCO INBURSA S.A.,,0.0,8.0,11855.0
2020,3º,Menos de quatro milhões de clientes,Banco/financeira,BANCO LUSO BRASILEIRO S.A.,,0.0,1.0,10245.0
2020,3º,Menos de quatro milhões de clientes,Banco/financeira,BANCO MONEO S.A.,,0.0,1.0,1258.0
2020,3º,Menos de quatro milhões de clientes,Banco/financeira,BANCO OURINVEST S.A.,,0.0,2.0,39217.0
2020,3º,Menos de quatro milhões de clientes,Banco/financeira,BANCO PAULISTA S.A.,,0.0,1.0,24424.0
2020,3º,Menos de quatro milhões de clientes,Banco/financeira,BANCO RIBEIRAO PRETO S.A.,,1.0,1.0,4711.0
2020,3º,Menos de quatro milhões de clientes,Banco/financeira,BANCO SEMEAR S.A.,,0.0,6.0,274701.0
2020,3º,Menos de quatro milhões de clientes,Banco/financeira,BANCO TOPÁZIO S.A.,,0.0,6.0,29098.0
2020,3º,Menos de quatro milhões de clientes,Banco/financeira,BANCO TOYOTA DO BRASIL S.A.,,2.0,12.0,170340.0
2020,3º,Menos de quatro milhões de clientes,Banco/financeira,BANCO TRIANGULO S.A.,,9.0,49.0,1986156.0
2020,3º,Mais de quatro milhões de clientes,Conglomerado,BANCOOB (conglomerado),2.89,12.0,63.0,4139244.0
2020,3º,Menos de quatro milhões de clientes,Conglomerado,BANESTES (conglomerado),,22.0,84.0,1312082.0
2020,3º,Mais de quatro milhões de clientes,Conglomerado,BANRISUL (conglomerado),27.15,138.0,866.0,5081434.0
2020,3º,Menos de quatro milhões de clientes,Conglomerado,BARIGUI (conglomerado),,24.0,45.0,27533.0
2020,3º,Mais de quatro milhões de clientes,Conglomerado,BB (conglomerado),27.66,1878.0,8611.0,67894151.0
2020,3º,Menos de quatro milhões de clientes,Banco/financeira,BBVA BRASIL BANCO DE INVESTIMENTO S.A.,,0.0,1.0,
2020,3º,Mais de quatro milhões de clientes,Conglomerado,BMG (conglomerado),236.73,1325.0,2376.0,5597083.0
2020,3º,Menos de quatro milhões de clientes,Conglomerado,BMW (conglomerado),,1.0,4.0,26598.0
2020,3º,Menos de quatro milhões de clientes,Conglomerado,BNP PARIBAS (conglomerado),332.0,864.0,1392.0,2602372.0
2020,3º,Menos de quatro milhões de clientes,Conglomerado,BOCOM (conglomerado),,1.0,1.0,7711.0
2020,3º,Menos de quatro milhões de clientes,Conglomerado,BOFA MERRILL LYNCH (conglomerado),,0.0,2.0,1663.0
2020,3º,Mais de quatro milhões de clientes,Conglomerado,BRADESCO (conglomerado),25.76,2551.0,11620.0,99010417.0
2020,3º,Menos de quatro milhões de clientes,Conglomerado,BRB (conglomerado),80.11,78.0,378.0,973656.0
2020,3º,Menos de quatro milhões de clientes,Conglomerado,BTG PACTUAL (conglomerado),,5.0,25.0,499329.0
2020,3º,Menos de quatro milhões de clientes,Conglomerado,C6 BANK (conglomerado),220.48,599.0,1228.0,2716769.0
2020,3º,Mais de quatro milhões de clientes,Conglomerado,CAIXA ECONÔMICA FEDERAL (conglomerado),49.1,6684.0,30074.0,136115003.0
2020,3º,Menos de quatro milhões de clientes,Banco/financeira,"CARUANA S.A. - SOCIEDADE DE CRÉDITO, FINANCIAMENTO E INVESTIMENTO",,1.0,8.0,64804.0
2020,3º,Menos de quatro milhões de clientes,Conglomerado,CCB (conglomerado),,15.0,236.0,243070.0
2020,3º,Menos de quatro milhões de clientes,Conglomerado,CITIBANK (conglomerado),,1.0,8.0,23698.0
2020,3º,Menos de quatro milhões de clientes,Banco/financeira,"CREDIARE S.A. - CRÉDITO, FINANCIAMENTO E INVESTIMENTO",,0.0,1.0,277460.0
2020,3º,Menos de quatro milhões de clientes,Conglomerado,CREDIT SUISSE (conglomerado),,0.0,2.0,5105.0
2020,3º,Menos de quatro milhões de clientes,Conglomerado,CREFISA (conglomerado),38.24,74.0,381.0,1934829.0
2020,3º,Menos de quatro milhões de clientes,Conglomerado,DAYCOVAL (conglomerado),115.83,137.0,813.0,1182676.0
2020,3º,Menos de quatro milhões de clientes,Banco/financeira,DEUTSCHE BANK S.A. - BANCO ALEMAO,,0.0,1.0,2429.0
2020,3º,Menos de quatro milhões de clientes,Banco/financeira,FACTA FINANCEIRA S.A. - CRÉDITO FINANCIAMENTO E INVESTIMENTO,893.56,91.0,372.0,101839.0
2020,3º,Menos de quatro milhões de clientes,Banco/financeira,"FINAMAX S.A. - CREDITO, FINANCIAMENTO E INVESTIMENTO",,0.0,6.0,92257.0
2020,3º,Menos de quatro milhões de clientes,Conglomerado,GAZIN (conglomerado),,2.0,2.0,34889.0
2020,3º,Menos de quatro milhões de clientes,Conglomerado,GM (conglomerado),,15.0,68.0,320712.0
2020,3º,Menos de quatro milhões de clientes,Banco/financeira,"GRAZZIOTIN FINANCIADORA S/A - CRÉDITO, FINANCIAMENTO E INVESTIMENTOS",,0.0,1.0,110696.0
2020,3º,Menos de quatro milhões de clientes,Conglomerado,GRUPO BONSUCESSO - BS2 (conglomerado),74.51,43.0,223.0,577035.0
2020,3º,Menos de quatro milhões de clientes,Conglomerado,GRUPO ZEMA (conglomerado),,2.0,6.0,421393.0
2020,3º,Menos de quatro milhões de clientes,Conglomerado,HERVAL - HS (conglomerado),,8.0,10.0,197002.0
2020,3º,Menos de quatro milhões de clientes,Conglomerado,HONDA (conglomerado),,25.0,53.0,466565.0
2020,3º,Menos de quatro milhões de clientes,Conglomerado,INDUSTRIAL DO BRASIL (conglomerado),,17.0,55.0,62754.0
2020,3º,Mais de quatro milhões de clientes,Conglomerado,INTER (conglomerado),126.38,869.0,1699.0,6875798.0
2020,3º,Mais de quatro milhões de clientes,Conglomerado,ITAU (conglomerado),32.3,2687.0,10657.0,83164395.0
2020,3º,Menos de quatro milhões de clientes,Banco/financeira,"JBCRED S.A. SOCIEDADE DE CREDITO, FINANCIAMENTO E INVESTIMENTO",,3.0,9.0,124278.0
2020,3º,Menos de quatro milhões de clientes,Banco/financeira,"KREDILIG S.A. - CRÉDITO, FINANCIAMENTO E INVESTIMENTO",,0.0,1.0,280481.0
2020,3º,Menos de quatro milhões de clientes,Banco/financeira,"LEBES FINANCEIRA S.A. - CRÉDITO, FINANCIAMENTO E INVESTIMENTO",,0.0,4.0,192212.0
2020,3º,Menos de quatro milhões de clientes,Conglomerado,LECCA (conglomerado),,6.0,12.0,25470.0
2020,3º,Menos de quatro milhões de clientes,Conglomerado,MÁXIMA (conglomerado),313.36,38.0,85.0,121263.0
2020,3º,Menos de quatro milhões de clientes,Conglomerado,MERCANTIL DO BRASIL (conglomerado),48.75,160.0,329.0,3281816.0
2020,3º,Menos de quatro milhões de clientes,Conglomerado,MERCEDES-BENZ (conglomerado),,2.0,7.0,20996.0
2020,3º,Mais de quatro milhões de clientes,Banco/financeira,"MIDWAY S.A. - CRÉDITO, FINANCIAMENTO E INVESTIMENTO",2.02,22.0,277.0,10873867.0
2020,3º,Menos de quatro milhões de clientes,Conglomerado,MODAL (conglomerado),119.26,108.0,289.0,905571.0
2020,3º,Menos de quatro milhões de clientes,Banco/financeira,"NEGRESCO S.A. - CREDITO, FINANCIAMENTO E INVESTIMENTOS",,0.0,2.0,585497.0
2020,3º,Menos de quatro milhões de clientes,Banco/financeira,NOVO BANCO CONTINENTAL S.A. - BANCO MÚLTIPLO,,19.0,79.0,82824.0
2020,3º,Mais de quatro milhões de clientes,Conglomerado,NUBANK (conglomerado),0.25,2.0,17.0,7935364.0
2020,3º,Mais de quatro milhões de clientes,Conglomerado,OMNI (conglomerado),6.12,28.0,166.0,4569483.0
2020,3º,Menos de quatro milhões de clientes,Conglomerado,ORIGINAL (conglomerado),72.11,243.0,901.0,3369592.0
2020,3º,Menos de quatro milhões de clientes,Conglomerado,PAGBANK-PAGSEGURO (conglomerado),,3.0,3.0,1388670.0
2020,3º,Mais de quatro milhões de clientes,Conglomerado,PAN (conglomerado),255.33,1464.0,5095.0,5733561.0
2020,3º,Menos de quatro milhões de clientes,Conglomerado,PARANÁ BANCO (conglomerado),176.42,82.0,530.0,464786.0
2020,3º,Menos de quatro milhões de clientes,Banco/financeira,"PARATI - CREDITO, FINANCIAMENTO E INVESTIMENTO S.A.",,2.0,6.0,1030.0
2020,3º,Mais de quatro milhões de clientes,Banco/financeira,"PEFISA S.A. - CRÉDITO, FINANCIAMENTO E INVESTIMENTO",15.13,82.0,180.0,5418481.0
2020,3º,Menos de quatro milhões de clientes,Conglomerado,PINE (conglomerado),,1.0,5.0,11124.0
2020,3º,Menos de quatro milhões de clientes,Conglomerado,PLURAL (conglomerado),,0.0,2.0,5196.0
2020,3º,Menos de quatro milhões de clientes,Conglomerado,PORTO SEGURO (conglomerado),41.87,106.0,307.0,2531276.0
2020,3º,Menos de quatro milhões de clientes,Banco/financeira,"PORTOCRED S.A. - CREDITO, FINANCIAMENTO E INVESTIMENTO",,16.0,69.0,241363.0
2020,3º,Mais de quatro milhões de clientes,Banco/financeira,"REALIZE CRÉDITO, FINANCIAMENTO E INVESTIMENTO S.A.",1.11,5.0,76.0,4472840.0
2020,3º,Menos de quatro milhões de clientes,Conglomerado,RENDIMENTO (conglomerado),,3.0,18.0,23240.0
2020,3º,Menos de quatro milhões de clientes,Conglomerado,RODOBENS (conglomerado),,2.0,4.0,12960.0
2020,3º,Menos de quatro milhões de clientes,Conglomerado,SAFRA (conglomerado),362.4,996.0,2882.0,2748317.0
2020,3º,Menos de quatro milhões de clientes,Banco/financeira,"SANTANA S.A. - CRÉDITO, FINANCIAMENTO E INVESTIMENTO",,1.0,7.0,29252.0
2020,3º,Mais de quatro milhões de clientes,Conglomerado,SANTANDER (conglomerado),34.33,1723.0,9604.0,50180892.0
2020,3º,Menos de quatro milhões de clientes,Banco/financeira,"SANTINVEST S.A. - CREDITO, FINANCIAMENTO E INVESTIMENTOS",,2.0,5.0,14244.0
2020,3º,Menos de quatro milhões de clientes,Banco/financeira,"SAX S.A. - CRÉDITO, FINANCIAMENTO E INVESTIMENTO",,7.0,20.0,731992.0
2020,3º,Menos de quatro milhões de clientes,Banco/financeira,"SENFF S.A. - CRÉDITO, FINANCIAMENTO E INVESTIMENTO",,4.0,16.0,70051.0
2020,3º,Mais de quatro milhões de clientes,Conglomerado,SICREDI (conglomerado),0.19,1.0,3.0,5197523.0
2020,3º,Menos de quatro milhões de clientes,Conglomerado,SINOSSERRA (conglomerado),,0.0,2.0,7849.0
2020,3º,Menos de quatro milhões de clientes,Conglomerado,SOCIETE GENERALE (conglomerado),,0.0,3.0,714.0
2020,3º,Menos de quatro milhões de clientes,Banco/financeira,"SOCINAL S.A. - CRÉDITO, FINANCIAMENTO E INVESTIMENTO",,3.0,12.0,4742.0
2020,3º,Menos de quatro milhões de clientes,Conglomerado,SOFISA (conglomerado),,17.0,80.0,273589.0
2020,3º,Menos de quatro milhões de clientes,Conglomerado,SOROCRED (conglomerado),,4.0,55.0,491804.0
2020,3º,Menos de quatro milhões de clientes,Banco/financeira,"TODESCREDI S/A - CRÉDITO, FINANCIAMENTO E INVESTIMENTO",,0.0,1.0,36019.0
2020,3º,Menos de quatro milhões de clientes,Banco/financeira,"VIA CERTA FINANCIADORA S.A. - CRÉDITO, FINANCIAMENTO E INVESTIMENTOS",,0.0,2.0,409428.0
2020,3º,Menos de quatro milhões de clientes,Conglomerado,VOLKSWAGEN (conglomerado),115.96,45.0,118.0,388049.0
2020,3º,Menos de quatro milhões de clientes,Conglomerado,VOLVO (conglomerado),,0.0,3.0,7713.0
2020,3º,Mais de quatro milhões de clientes,Conglomerado,VOTORANTIM (conglomerado),6.1,67.0,890.0,10966653.0
2020,3º,Menos de quatro milhões de clientes,Conglomerado,WESTERN UNION (conglomerado),,1.0,3.0,1.0
2020,3º,Menos de quatro milhões de clientes,Conglomerado,YAMAHA MOTOR (conglomerado),,9.0,27.0,190240.0
2020,4º,Grupo Secundário,Conglomerado,ABC-BRASIL (conglomerado),,0.0,2.0,25273.0
2020,4º,Grupo Secundário,Conglomerado,AGIBANK (conglomerado),58.71,60.0,295.0,1021954.0
2020,4º,Grupo Secundário,Banco/financeira,"AGORACRED S/A SOCIEDADE DE CRÉDITO, FINANCIAMENTO E INVESTIMENTO",,2.0,4.0,403883.0
2020,4º,Grupo Secundário,Banco/financeira,"AL5 S.A. CRÉDITO, FINANCIAMENTO E INVESTIMENTO",,3.0,10.0,11782.0
2020,4º,Grupo Secundário,Conglomerado,ALFA (conglomerado),,17.0,87.0,413132.0
2020,4º,Grupo Secundário,Conglomerado,ANDBANK (conglomerado),,0.0,1.0,4309.0
2020,4º,Grupo Secundário,Banco/financeira,BANCO ABN AMRO S.A.,,0.0,1.0,156.0
2020,4º,Grupo Secundário,Banco/financeira,BANCO ARBI S.A.,,0.0,3.0,14968.0
2020,4º,Grupo Secundário,Banco/financeira,BANCO CNH INDUSTRIAL CAPITAL S.A.,,0.0,1.0,27778.0
2020,4º,Grupo Secundário,Banco/financeira,BANCO CSF S.A.,15.86,119.0,229.0,7498821.0
2020,4º,Grupo Secundário,Banco/financeira,BANCO DA AMAZONIA S.A.,,4.0,20.0,539668.0
2020,4º,Grupo Secundário,Banco/financeira,BANCO DE LAGE LANDEN BRASIL S.A.,,0.0,1.0,36118.0
2020,4º,Grupo Secundário,Banco/financeira,BANCO DIGIMAIS S.A.,237.78,64.0,128.0,269148.0
2020,4º,Grupo Secundário,Banco/financeira,BANCO DIGIO S.A.,27.32,40.0,196.0,1463953.0
2020,4º,Grupo Secundário,Banco/financeira,BANCO DO ESTADO DE SERGIPE S.A.,,22.0,48.0,1078832.0
2020,4º,Grupo Secundário,Banco/financeira,BANCO DO ESTADO DO PARÁ S.A.,,19.0,54.0,846240.0
2020,4º,Top 10,Banco/financeira,BANCO DO NORDESTE DO BRASIL S.A.,1.07,9.0,40.0,8360626.0
2020,4º,Grupo Secundário,Banco/financeira,BANCO FIBRA S.A.,,0.0,2.0,163880.0
2020,4º,Grupo Secundário,Banco/financeira,BANCO INBURSA S.A.,,0.0,1.0,12299.0
2020,4º,Grupo Secundário,Banco/financeira,BANCO JOHN DEERE S.A.,,0.0,1.0,14944.0
2020,4º,Grupo Secundário,Banco/financeira,BANCO LUSO BRASILEIRO S.A.,,0.0,1.0,10292.0
2020,4º,Grupo Secundário,Banco/financeira,BANCO OURINVEST S.A.,,0.0,3.0,40862.0
2020,4º,Grupo Secundário,Banco/financeira,BANCO RIBEIRAO PRETO S.A.,,1.0,1.0,4495.0
2020,4º,Grupo Secundário,Banco/financeira,BANCO SEMEAR S.A.,,1.0,6.0,291493.0
2020,4º,Grupo Secundário,Banco/financeira,BANCO SENFF S.A.,,1.0,6.0,74085.0
2020,4º,Grupo Secundário,Banco/financeira,BANCO TOPÁZIO S.A.,,0.0,8.0,43545.0
2020,4º,Grupo Secundário,Banco/financeira,BANCO TOYOTA DO BRASIL S.A.,,0.0,1.0,168403.0
2020,4º,Grupo Secundário,Banco/financeira,BANCO TRIANGULO S.A.,,9.0,31.0,1908267.0
2020,4º,Grupo Secundário,Conglomerado,BANCOOB (conglomerado),,12.0,42.0,4382389.0
2020,4º,Grupo Secundário,Conglomerado,BANESTES (conglomerado),,17.0,83.0,1324663.0
2020,4º,Grupo Secundário,Conglomerado,BANRISUL (conglomerado),19.69,101.0,601.0,5127105.0
2020,4º,Grupo Secundário,Conglomerado,BARIGUI (conglomerado),,7.0,23.0,29053.0
2020,4º,Top 10,Conglomerado,BB (conglomerado),22.63,1562.0,7895.0,69012481.0
2020,4º,Grupo Secundário,Conglomerado,BMG (conglomerado),265.22,1605.0,2879.0,6051361.0
2020,4º,Grupo Secundário,Conglomerado,BMW (conglomerado),,3.0,4.0,27918.0
2020,4º,Grupo Secundário,Conglomerado,BNP PARIBAS (conglomerado),274.08,692.0,1136.0,2524748.0
2020,4º,Top 10,Conglomerado,BRADESCO (conglomerado),16.96,1686.0,11456.0,99362077.0
2020,4º,Grupo Secundário,Conglomerado,BRB (conglomerado),86.26,89.0,422.0,1031692.0
2020,4º,Grupo Secundário,Conglomerado,BTG PACTUAL (conglomerado),,2.0,25.0,577341.0
2020,4º,Grupo Secundário,Conglomerado,C6 BANK (conglomerado),1779.55,7802.0,8441.0,4384238.0
2020,4º,Top 10,Conglomerado,CAIXA ECONÔMICA FEDERAL (conglomerado),30.85,4442.0,22451.0,143971402.0
2020,4º,Grupo Secundário,Banco/financeira,"CARUANA S.A. - SOCIEDADE DE CRÉDITO, FINANCIAMENTO E INVESTIMENTO",,1.0,9.0,68467.0
2020,4º,Grupo Secundário,Conglomerado,CCB (conglomerado),,4.0,130.0,233426.0
2020,4º,Grupo Secundário,Conglomerado,CITIBANK (conglomerado),,0.0,10.0,18055.0
2020,4º,Grupo Secundário,Banco/financeira,"CREDIARE S.A. - CRÉDITO, FINANCIAMENTO E INVESTIMENTO",,0.0,7.0,301319.0
2020,4º,Grupo Secundário,Conglomerado,CREFISA (conglomerado),18.53,39.0,326.0,2103967.0
2020,4º,Grupo Secundário,Conglomerado,DAYCOVAL (conglomerado),223.76,268.0,956.0,1197696.0
2020,4º,Grupo Secundário,Banco/financeira,FACTA FINANCEIRA S.A. - CRÉDITO FINANCIAMENTO E INVESTIMENTO,1833.37,201.0,844.0,109634.0
2020,4º,Grupo Secundário,Banco/financeira,"FINAMAX S.A. - CREDITO, FINANCIAMENTO E INVESTIMENTO",,0.0,3.0,88736.0
2020,4º,Grupo Secundário,Conglomerado,GAZIN (conglomerado),,0.0,4.0,34215.0
2020,4º,Grupo Secundário,Conglomerado,GM (conglomerado),,4.0,32.0,315323.0
2020,4º,Grupo Secundário,Conglomerado,GRUPO BONSUCESSO - BS2 (conglomerado),,23.0,130.0,671638.0
2020,4º,Grupo Secundário,Conglomerado,GRUPO ZEMA (conglomerado),,1.0,7.0,430720.0
2020,4º,Grupo Secundário,Conglomerado,HERVAL - HS (conglomerado),,0.0,3.0,199008.0
2020,4º,Grupo Secundário,Conglomerado,HONDA (conglomerado),,5.0,9.0,457389.0
2020,4º,Grupo Secundário,Conglomerado,INDUSTRIAL DO BRASIL (conglomerado),,20.0,39.0,62334.0
2020,4º,Top 10,Conglomerado,INTER (conglomerado),111.52,900.0,1634.0,8069837.0
2020,4º,Top 10,Conglomerado,ITAU (conglomerado),31.0,2594.0,11713.0,83674760.0
2020,4º,Grupo Secundário,Banco/financeira,"JBCRED S.A. SOCIEDADE DE CREDITO, FINANCIAMENTO E INVESTIMENTO",,2.0,11.0,124058.0
2020,4º,Grupo Secundário,Banco/financeira,"KREDILIG S.A. - CRÉDITO, FINANCIAMENTO E INVESTIMENTO",,0.0,2.0,297934.0
2020,4º,Grupo Secundário,Banco/financeira,"LEBES FINANCEIRA S.A. - CRÉDITO, FINANCIAMENTO E INVESTIMENTO",,1.0,4.0,215531.0
2020,4º,Grupo Secundário,Conglomerado,LECCA (conglomerado),,4.0,5.0,1112.0
2020,4º,Grupo Secundário,Conglomerado,MÁXIMA (conglomerado),332.74,35.0,91.0,105185.0
2020,4º,Grupo Secundário,Conglomerado,MERCANTIL DO BRASIL (conglomerado),50.14,168.0,266.0,3350261.0
2020,4º,Top 10,Banco/financeira,"MIDWAY S.A. - CRÉDITO, FINANCIAMENTO E INVESTIMENTO",3.15,34.0,211.0,10768835.0
2020,4º,Grupo Secundário,Conglomerado,MODAL (conglomerado),,14.0,91.0,980579.0
2020,4º,Grupo Secundário,Banco/financeira,"NEGRESCO S.A. - CREDITO, FINANCIAMENTO E INVESTIMENTOS",,0.0,5.0,594891.0
2020,4º,Grupo Secundário,Banco/financeira,NOVO BANCO CONTINENTAL S.A. - BANCO MÚLTIPLO,,23.0,74.0,85994.0
2020,4º,Top 10,Conglomerado,NUBANK (conglomerado),0.09,1.0,7.0,10124543.0
2020,4º,Grupo Secundário,Conglomerado,OMNI (conglomerado),,22.0,139.0,4606413.0
2020,4º,Grupo Secundário,Conglomerado,ORIGINAL (conglomerado),48.28,175.0,757.0,3624293.0
2020,4º,Grupo Secundário,Conglomerado,PAGBANK-PAGSEGURO (conglomerado),,1.0,5.0,1816868.0
2020,4º,Grupo Secundário,Conglomerado,PAN (conglomerado),655.6,4643.0,7614.0,7081960.0
2020,4º,Grupo Secundário,Conglomerado,PARANÁ BANCO (conglomerado),467.08,225.0,793.0,481712.0
2020,4º,Grupo Secundário,Banco/financeira,"PARATI - CREDITO, FINANCIAMENTO E INVESTIMENTO S.A.",,6.0,12.0,3843.0
2020,4º,Grupo Secundário,Banco/financeira,"PEFISA S.A. - CRÉDITO, FINANCIAMENTO E INVESTIMENTO",11.86,70.0,171.0,5897857.0
2020,4º,Grupo Secundário,Conglomerado,PINE (conglomerado),,0.0,3.0,11580.0
2020,4º,Grupo Secundário,Conglomerado,PLURAL (conglomerado),,2.0,2.0,5391.0
2020,4º,Grupo Secundário,Conglomerado,PORTO SEGURO (conglomerado),17.94,47.0,174.0,2619755.0
2020,4º,Grupo Secundário,Banco/financeira,"PORTOCRED S.A. - CREDITO, FINANCIAMENTO E INVESTIMENTO",192.75,45.0,126.0,233452.0
2020,4º,Grupo Secundário,Banco/financeira,"REALIZE CRÉDITO, FINANCIAMENTO E INVESTIMENTO S.A.",,19.0,94.0,4891419.0
2020,4º,Grupo Secundário,Conglomerado,RENDIMENTO (conglomerado),,0.0,5.0,24387.0
2020,4º,Grupo Secundário,Conglomerado,RODOBENS (conglomerado),,2.0,4.0,13380.0
2020,4º,Grupo Secundário,Conglomerado,SAFRA (conglomerado),376.1,1144.0,2905.0,3041720.0
2020,4º,Grupo Secundário,Banco/financeira,"SANTANA S.A. - CRÉDITO, FINANCIAMENTO E INVESTIMENTO",,1.0,9.0,29144.0
2020,4º,Top 10,Conglomerado,SANTANDER (conglomerado),29.91,1524.0,8977.0,50947844.0
2020,4º,Grupo Secundário,Banco/financeira,"SANTINVEST S.A. - CREDITO, FINANCIAMENTO E INVESTIMENTOS",,0.0,4.0,14232.0
2020,4º,Grupo Secundário,Banco/financeira,"SAX S.A. - CRÉDITO, FINANCIAMENTO E INVESTIMENTO",,4.0,12.0,769433.0
2020,4º,Grupo Secundário,Conglomerado,SICREDI (conglomerado),,0.0,4.0,5384094.0
2020,4º,Grupo Secundário,Banco/financeira,"SOCINAL S.A. - CRÉDITO, FINANCIAMENTO E INVESTIMENTO",,1.0,8.0,3677.0
2020,4º,Grupo Secundário,Conglomerado,SOFISA (conglomerado),,13.0,47.0,296505.0
2020,4º,Grupo Secundário,Conglomerado,SOROCRED (conglomerado),,12.0,61.0,635288.0
2020,4º,Grupo Secundário,Banco/financeira,"TODESCREDI S/A - CRÉDITO, FINANCIAMENTO E INVESTIMENTO",,0.0,2.0,37953.0
2020,4º,Grupo Secundário,Conglomerado,UBS (conglomerado),,0.0,1.0,0.0
2020,4º,Grupo Secundário,Banco/financeira,"VIA CERTA FINANCIADORA S.A. - CRÉDITO, FINANCIAMENTO E INVESTIMENTOS",,1.0,4.0,408700.0
2020,4º,Grupo Secundário,Conglomerado,VOLKSWAGEN (conglomerado),,11.0,56.0,385252.0
2020,4º,Grupo Secundário,Conglomerado,VOLVO (conglomerado),,1.0,2.0,7736.0
2020,4º,Top 10,Conglomerado,VOTORANTIM (conglomerado),4.42,58.0,661.0,13112975.0
2020,4º,Grupo Secundário,Conglomerado,WESTERN UNION (conglomerado),,5.0,17.0,1.0
2020,4º,Grupo Secundário,Banco/financeira,"WILL FINANCEIRA S.A. CRÉDITO, FINANCIAMENTO E INVESTIMENTO",,8.0,13.0,1419721.0
2020,4º,Grupo Secundário,Conglomerado,YAMAHA MOTOR (conglomerado),,7.0,15.0,194991.0
2021,1º,Grupo Secundário,Conglomerado,ABC-BRASIL (conglomerado),,2.0,9.0,26230.0
2021,1º,Grupo Secundário,Conglomerado,AGIBANK (conglomerado),54.79,58.0,271.0,1058431.0
2021,1º,Grupo Secundário,Banco/financeira,"AGORACRED S/A SOCIEDADE DE CRÉDITO, FINANCIAMENTO E INVESTIMENTO",,3.0,6.0,420692.0
2021,1º,Grupo Secundário,Banco/financeira,"AL5 S.A. CRÉDITO, FINANCIAMENTO E INVESTIMENTO",,1.0,2.0,12645.0
2021,1º,Grupo Secundário,Conglomerado,ALFA (conglomerado),,14.0,73.0,412135.0
2021,1º,Grupo Secundário,Conglomerado,ANDBANK (conglomerado),,0.0,3.0,4383.0
2021,1º,Grupo Secundário,Banco/financeira,BANCO ABN AMRO S.A.,,0.0,3.0,98.0
2021,1º,Grupo Secundário,Banco/financeira,BANCO ARBI S.A.,,1.0,1.0,18087.0
2021,1º,Grupo Secundário,Banco/financeira,BANCO CNH INDUSTRIAL CAPITAL S.A.,,0.0,3.0,28352.0
2021,1º,Grupo Secundário,Banco/financeira,BANCO CSF S.A.,22.53,165.0,310.0,7322283.0
2021,1º,Grupo Secundário,Banco/financeira,BANCO DA AMAZONIA S.A.,,4.0,12.0,540684.0
2021,1º,Grupo Secundário,Banco/financeira,BANCO DA CHINA BRASIL S.A.,,0.0,1.0,469.0
2021,1º,Grupo Secundário,Banco/financeira,BANCO DE LAGE LANDEN BRASIL S.A.,,0.0,1.0,36713.0
2021,1º,Grupo Secundário,Banco/financeira,BANCO DIGIMAIS S.A.,484.31,143.0,233.0,295260.0
2021,1º,Grupo Secundário,Banco/financeira,BANCO DIGIO S.A.,25.71,40.0,204.0,1555646.0
2021,1º,Grupo Secundário,Banco/financeira,BANCO DO ESTADO DE SERGIPE S.A.,,11.0,45.0,1066464.0
2021,1º,Grupo Secundário,Banco/financeira,BANCO DO ESTADO DO PARÁ S.A.,46.2,39.0,61.0,844056.0
2021,1º,Grupo Secundário,Banco/financeira,BANCO DO NORDESTE DO BRASIL S.A.,,19.0,47.0,8512373.0
2021,1º,Grupo Secundário,Banco/financeira,BANCO FIBRA S.A.,,1.0,5.0,163619.0
2021,1º,Grupo Secundário,Banco/financeira,BANCO FIDIS S/A,,0.0,2.0,6907.0
2021,1º,Grupo Secundário,Banco/financeira,BANCO INBURSA S.A.,,1.0,7.0,12367.0
2021,1º,Grupo Secundário,Banco/financeira,BANCO JOHN DEERE S.A.,,0.0,1.0,15036.0
2021,1º,Grupo Secundário,Banco/financeira,BANCO LUSO BRASILEIRO S.A.,,0.0,1.0,10071.0
2021,1º,Grupo Secundário,Banco/financeira,BANCO OURINVEST S.A.,,0.0,1.0,42561.0
2021,1º,Grupo Secundário,Banco/financeira,BANCO PAULISTA S.A.,,0.0,1.0,26002.0
2021,1º,Grupo Secundário,Banco/financeira,BANCO SEMEAR S.A.,,4.0,5.0,290731.0
2021,1º,Grupo Secundário,Banco/financeira,BANCO SENFF S.A.,,8.0,22.0,77251.0
2021,1º,Grupo Secundário,Banco/financeira,BANCO TOPÁZIO S.A.,,1.0,6.0,35261.0
2021,1º,Grupo Secundário,Banco/financeira,BANCO TOYOTA DO BRASIL S.A.,,0.0,1.0,164435.0
2021,1º,Grupo Secundário,Banco/financeira,BANCO TRIANGULO S.A.,,3.0,27.0,1953437.0
2021,1º,Grupo Secundário,Banco/financeira,BANCO TRICURY S.A.,,0.0,2.0,685.0
2021,1º,Grupo Secundário,Conglomerado,BANCOOB (conglomerado),,19.0,68.0,4576738.0
2021,1º,Grupo Secundário,Conglomerado,BANESTES (conglomerado),,21.0,48.0,1232727.0
2021,1º,Grupo Secundário,Conglomerado,BANRISUL (conglomerado),24.99,127.0,536.0,5080031.0
2021,1º,Grupo Secundário,Conglomerado,BARIGUI (conglomerado),,7.0,48.0,42559.0
2021,1º,Top 10,Conglomerado,BB (conglomerado),21.25,1463.0,6470.0,68844801.0
2021,1º,Grupo Secundário,Conglomerado,BMG (conglomerado),165.2,1190.0,2085.0,7202992.0
2021,1º,Grupo Secundário,Conglomerado,BNP PARIBAS (conglomerado),181.98,447.0,787.0,2456247.0
2021,1º,Grupo Secundário,Conglomerado,BNY MELLON (conglomerado),,0.0,1.0,3744.0
2021,1º,Top 10,Conglomerado,BRADESCO (conglomerado),22.78,2248.0,8752.0,98648524.0
2021,1º,Grupo Secundário,Conglomerado,BRB (conglomerado),107.93,120.0,409.0,1111807.0
2021,1º,Grupo Secundário,Conglomerado,BTG PACTUAL (conglomerado),,29.0,133.0,766998.0
2021,1º,Grupo Secundário,Conglomerado,C6 BANK (conglomerado),979.53,5940.0,6745.0,6064085.0
2021,1º,Top 10,Conglomerado,CAIXA ECONÔMICA FEDERAL (conglomerado),36.2,5263.0,16524.0,145367310.0
2021,1º,Grupo Secundário,Banco/financeira,"CARUANA S.A. - SOCIEDADE DE CRÉDITO, FINANCIAMENTO E INVESTIMENTO",,1.0,4.0,71736.0
2021,1º,Grupo Secundário,Conglomerado,CCB (conglomerado),,10.0,151.0,224649.0
2021,1º,Grupo Secundário,Conglomerado,CITIBANK (conglomerado),,1.0,14.0,17612.0
2021,1º,Grupo Secundário,Conglomerado,COLOMBO (conglomerado),,0.0,4.0,331101.0
2021,1º,Grupo Secundário,Conglomerado,CREFISA (conglomerado),,25.0,261.0,2255383.0
2021,1º,Grupo Secundário,Conglomerado,DAYCOVAL (conglomerado),274.48,331.0,844.0,1205882.0
2021,1º,Grupo Secundário,Banco/financeira,DEUTSCHE BANK S.A. - BANCO ALEMAO,,0.0,1.0,2112.0
2021,1º,Grupo Secundário,Banco/financeira,FACTA FINANCEIRA S.A. - CRÉDITO FINANCIAMENTO E INVESTIMENTO,620.55,70.0,224.0,112802.0
2021,1º,Grupo Secundário,Banco/financeira,"FINAMAX S.A. - CREDITO, FINANCIAMENTO E INVESTIMENTO",,0.0,5.0,87041.0
2021,1º,Grupo Secundário,Conglomerado,FINAXIS (conglomerado),,0.0,1.0,4066.0
2021,1º,Grupo Secundário,Conglomerado,GENIAL (conglomerado),,5.0,10.0,16008.0
2021,1º,Grupo Secundário,Conglomerado,GM (conglomerado),,5.0,42.0,309105.0
2021,1º,Grupo Secundário,Conglomerado,GRUPO BONSUCESSO - BS2 (conglomerado),105.42,82.0,327.0,777801.0
2021,1º,Grupo Secundário,Conglomerado,GRUPO ZEMA (conglomerado),,1.0,9.0,439232.0
2021,1º,Grupo Secundário,Conglomerado,HERVAL - HS (conglomerado),,3.0,10.0,213321.0
2021,1º,Grupo Secundário,Conglomerado,HONDA (conglomerado),,0.0,9.0,443975.0
2021,1º,Grupo Secundário,Conglomerado,INDUSTRIAL DO BRASIL (conglomerado),,17.0,46.0,65443.0
2021,1º,Grupo Secundário,Conglomerado,INDUSVAL (conglomerado),,1.0,4.0,5298.0
2021,1º,Top 10,Conglomerado,INTER (conglomerado),129.26,1245.0,2189.0,9631304.0
2021,1º,Top 10,Conglomerado,ITAU (conglomerado),19.72,1636.0,6878.0,82955510.0
2021,1º,Grupo Secundário,Banco/financeira,"JBCRED S.A. SOCIEDADE DE CREDITO, FINANCIAMENTO E INVESTIMENTO",,2.0,7.0,49879.0
2021,1º,Grupo Secundário,Conglomerado,JP MORGAN CHASE (conglomerado),,0.0,1.0,3931.0
2021,1º,Grupo Secundário,Banco/financeira,"LEBES FINANCEIRA S.A. - CRÉDITO, FINANCIAMENTO E INVESTIMENTO",,1.0,1.0,4.0
2021,1º,Grupo Secundário,Conglomerado,LECCA (conglomerado),,3.0,7.0,26060.0
2021,1º,Grupo Secundário,Conglomerado,MÁXIMA (conglomerado),568.89,57.0,119.0,100194.0
2021,1º,Grupo Secundário,Conglomerado,MERCANTIL DO BRASIL (conglomerado),65.23,227.0,369.0,3479596.0
2021,1º,Grupo Secundário,Conglomerado,MERCEDES-BENZ (conglomerado),,1.0,5.0,20651.0
2021,1º,Top 10,Banco/financeira,"MIDWAY S.A. - CRÉDITO, FINANCIAMENTO E INVESTIMENTO",2.77,30.0,171.0,10797493.0
2021,1º,Grupo Secundário,Conglomerado,MODAL (conglomerado),,25.0,112.0,1064679.0
2021,1º,Grupo Secundário,Banco/financeira,NOVO BANCO CONTINENTAL S.A. - BANCO MÚLTIPLO,,11.0,33.0,91784.0
2021,1º,Top 10,Conglomerado,NUBANK (conglomerado),0.0,0.0,19.0,13774766.0
2021,1º,Grupo Secundário,Conglomerado,OMNI (conglomerado),6.81,32.0,136.0,4695792.0
2021,1º,Grupo Secundário,Conglomerado,ORIGINAL (conglomerado),79.22,316.0,844.0,3988641.0
2021,1º,Grupo Secundário,Conglomerado,PAGBANK-PAGSEGURO (conglomerado),,0.0,6.0,2476342.0
2021,1º,Top 10,Conglomerado,PAN (conglomerado),245.28,2185.0,3953.0,8907890.0
2021,1º,Grupo Secundário,Conglomerado,PARANÁ BANCO (conglomerado),228.46,111.0,382.0,485854.0
2021,1º,Grupo Secundário,Banco/financeira,"PARATI - CREDITO, FINANCIAMENTO E INVESTIMENTO S.A.",,6.0,9.0,3843.0
2021,1º,Grupo Secundário,Banco/financeira,"PEFISA S.A. - CRÉDITO, FINANCIAMENTO E INVESTIMENTO",12.9,81.0,133.0,6279057.0
2021,1º,Grupo Secundário,Conglomerado,PINE (conglomerado),,0.0,1.0,12831.0
2021,1º,Grupo Secundário,Conglomerado,PORTO SEGURO (conglomerado),29.12,80.0,258.0,2747125.0
2021,1º,Grupo Secundário,Banco/financeira,"PORTOCRED S.A. - CREDITO, FINANCIAMENTO E INVESTIMENTO",,29.0,87.0,228987.0
2021,1º,Grupo Secundário,Banco/financeira,"REALIZE CRÉDITO, FINANCIAMENTO E INVESTIMENTO S.A.",,6.0,59.0,4979229.0
2021,1º,Grupo Secundário,Conglomerado,RENDIMENTO (conglomerado),,4.0,6.0,24379.0
2021,1º,Grupo Secundário,Conglomerado,RODOBENS (conglomerado),,2.0,5.0,13539.0
2021,1º,Grupo Secundário,Conglomerado,SAFRA (conglomerado),281.53,896.0,2088.0,3182584.0
2021,1º,Grupo Secundário,Banco/financeira,"SANTANA S.A. - CRÉDITO, FINANCIAMENTO E INVESTIMENTO",,1.0,2.0,29195.0
2021,1º,Top 10,Conglomerado,SANTANDER (conglomerado),31.38,1611.0,6596.0,51331984.0
2021,1º,Grupo Secundário,Banco/financeira,"SANTINVEST S.A. - CREDITO, FINANCIAMENTO E INVESTIMENTOS",,1.0,3.0,14370.0
2021,1º,Grupo Secundário,Banco/financeira,"SAX S.A. - CRÉDITO, FINANCIAMENTO E INVESTIMENTO",,2.0,8.0,853173.0
2021,1º,Grupo Secundário,Conglomerado,SICREDI (conglomerado),,0.0,1.0,5562671.0
2021,1º,Grupo Secundário,Banco/financeira,"SOCINAL S.A. - CRÉDITO, FINANCIAMENTO E INVESTIMENTO",,0.0,6.0,3398.0
2021,1º,Grupo Secundário,Conglomerado,SOFISA (conglomerado),,25.0,68.0,314921.0
2021,1º,Grupo Secundário,Conglomerado,SOROCRED (conglomerado),,12.0,54.0,720886.0
2021,1º,Grupo Secundário,Conglomerado,UBS (conglomerado),,0.0,4.0,0.0
2021,1º,Grupo Secundário,Banco/financeira,"VIA CERTA FINANCIADORA S.A. - CRÉDITO, FINANCIAMENTO E INVESTIMENTOS",,0.0,4.0,412934.0
2021,1º,Grupo Secundário,Conglomerado,VOLKSWAGEN (conglomerado),,24.0,73.0,377032.0
2021,1º,Grupo Secundário,Conglomerado,VOLVO (conglomerado),,0.0,1.0,7736.0
2021,1º,Top 10,Conglomerado,VOTORANTIM (conglomerado),4.57,69.0,703.0,15074861.0
2021,1º,Grupo Secundário,Conglomerado,WESTERN UNION (conglomerado),,3.0,3.0,1.0
2021,1º,Grupo Secundário,Banco/financeira,"WILL FINANCEIRA S.A. CRÉDITO, FINANCIAMENTO E INVESTIMENTO",,16.0,48.0,1548186.0
2021,1º,Grupo Secundário,Conglomerado,YAMAHA MOTOR (conglomerado),,6.0,17.0,197837.0
2021,2º,Demais bancos e financeiras,Conglomerado,ABC-BRASIL (conglomerado),,0.0,2.0,28022.0
2021,2º,Demais bancos e financeiras,Conglomerado,AGIBANK (conglomerado),59.49,68.0,357.0,1142941.0
2021,2º,Demais bancos e financeiras,Banco/financeira,"AGORACRED S/A SOCIEDADE DE CRÉDITO, FINANCIAMENTO E INVESTIMENTO",,2.0,7.0,433738.0
2021,2º,Demais bancos e financeiras,Banco/financeira,"AL5 S.A. CRÉDITO, FINANCIAMENTO E INVESTIMENTO",,1.0,3.0,15074.0
2021,2º,Demais bancos e financeiras,Conglomerado,ALFA (conglomerado),,19.0,67.0,416540.0
2021,2º,Demais bancos e financeiras,Conglomerado,ANDBANK (conglomerado),,0.0,5.0,4320.0
2021,2º,Demais bancos e financeiras,Banco/financeira,BANCO ABN AMRO S.A.,,0.0,1.0,76.0
2021,2º,Demais bancos e financeiras,Banco/financeira,BANCO ARBI S.A.,,6.0,11.0,19525.0
2021,2º,Demais bancos e financeiras,Banco/financeira,BANCO CAPITAL S.A.,,0.0,1.0,1354.0
2021,2º,Demais bancos e financeiras,Banco/financeira,BANCO CNH INDUSTRIAL CAPITAL S.A.,,0.0,1.0,27828.0
2021,2º,Demais bancos e financeiras,Banco/financeira,BANCO CSF S.A.,26.3,192.0,358.0,7297674.0
2021,2º,Demais bancos e financeiras,Banco/financeira,BANCO DA AMAZONIA S.A.,,2.0,20.0,548402.0
2021,2º,Demais bancos e financeiras,Banco/financeira,BANCO DE LAGE LANDEN BRASIL S.A.,,0.0,1.0,36294.0
2021,2º,Demais bancos e financeiras,Banco/financeira,BANCO DIGIMAIS S.A.,212.14,79.0,128.0,372393.0
2021,2º,Demais bancos e financeiras,Banco/financeira,BANCO DIGIO S.A.,18.73,30.0,135.0,1601177.0
2021,2º,Demais bancos e financeiras,Banco/financeira,BANCO DO ESTADO DE SERGIPE S.A.,,18.0,52.0,1074923.0
2021,2º,Demais bancos e financeiras,Banco/financeira,BANCO DO ESTADO DO PARÁ S.A.,33.77,30.0,68.0,888326.0
2021,2º,Demais bancos e financeiras,Banco/financeira,BANCO DO NORDESTE DO BRASIL S.A.,,27.0,80.0,8679633.0
2021,2º,Demais bancos e financeiras,Banco/financeira,BANCO FIBRA S.A.,,0.0,5.0,163669.0
2021,2º,Demais bancos e financeiras,Banco/financeira,BANCO FIDIS S/A,,0.0,2.0,5972.0
2021,2º,Demais bancos e financeiras,Banco/financeira,BANCO FORD S.A.,,0.0,2.0,341.0
2021,2º,Demais bancos e financeiras,Banco/financeira,BANCO INBURSA S.A.,,3.0,7.0,12478.0
2021,2º,Demais bancos e financeiras,Banco/financeira,BANCO JOHN DEERE S.A.,,1.0,2.0,14199.0
2021,2º,Demais bancos e financeiras,Banco/financeira,BANCO LUSO BRASILEIRO S.A.,,1.0,1.0,9668.0
2021,2º,Demais bancos e financeiras,Banco/financeira,BANCO OURINVEST S.A.,,0.0,2.0,44303.0
2021,2º,Demais bancos e financeiras,Banco/financeira,BANCO PAULISTA S.A.,,0.0,2.0,27172.0
2021,2º,Demais bancos e financeiras,Banco/financeira,BANCO SEMEAR S.A.,,3.0,9.0,282882.0
2021,2º,Demais bancos e financeiras,Banco/financeira,BANCO SENFF S.A.,,4.0,20.0,89047.0
2021,2º,Demais bancos e financeiras,Conglomerado,BANCO SICOOB (conglomerado),,8.0,30.0,4794630.0
2021,2º,Demais bancos e financeiras,Banco/financeira,BANCO SUMITOMO MITSUI BRASILEIRO S.A.,,0.0,1.0,1063.0
2021,2º,Demais bancos e financeiras,Banco/financeira,BANCO TOPÁZIO S.A.,,6.0,10.0,36623.0
2021,2º,Demais bancos e financeiras,Banco/financeira,BANCO TOYOTA DO BRASIL S.A.,,4.0,13.0,159896.0
2021,2º,Demais bancos e financeiras,Banco/financeira,BANCO TRIANGULO S.A.,,15.0,28.0,1995911.0
2021,2º,Demais bancos e financeiras,Conglomerado,BANESTES (conglomerado),,27.0,66.0,1333666.0
2021,2º,Demais bancos e financeiras,Conglomerado,BANRISUL (conglomerado),37.2,188.0,660.0,5052830.0
2021,2º,Demais bancos e financeiras,Conglomerado,BARIGUI (conglomerado),,16.0,42.0,99110.0
2021,2º,Top 10 - Bancos e Financeiras,Conglomerado,BB (conglomerado),21.09,1456.0,5182.0,69010996.0
2021,2º,Demais bancos e financeiras,Banco/financeira,"BECKER FINANCEIRA S.A. - CRÉDITO, FINANCIAMENTO E INVESTIMENTO",,0.0,1.0,119246.0
2021,2º,Demais bancos e financeiras,Conglomerado,BMG (conglomerado),101.86,795.0,1728.0,7804650.0
2021,2º,Demais bancos e financeiras,Conglomerado,BMW (conglomerado),,0.0,2.0,27683.0
2021,2º,Demais bancos e financeiras,Conglomerado,BNP PARIBAS (conglomerado),192.1,456.0,818.0,2373655.0
2021,2º,Demais bancos e financeiras,Conglomerado,BOFA MERRILL LYNCH (conglomerado),,0.0,1.0,4484.0
2021,2º,Top 10 - Bancos e Financeiras,Conglomerado,BRADESCO (conglomerado),25.33,2515.0,9639.0,99260817.0
2021,2º,Demais bancos e financeiras,Conglomerado,BRB (conglomerado),103.7,182.0,802.0,1754926.0
2021,2º,Top 10 - Bancos e Financeiras,Conglomerado,BTG PACTUAL/BANCO PAN (conglomerado),103.44,1301.0,3630.0,12576773.0
2021,2º,Demais bancos e financeiras,Conglomerado,C6 BANK (conglomerado),433.76,3672.0,5770.0,8465478.0
2021,2º,Top 10 - Bancos e Financeiras,Conglomerado,CAIXA ECONÔMICA FEDERAL (conglomerado),32.13,4681.0,16006.0,145684233.0
2021,2º,Demais bancos e financeiras,Banco/financeira,"CARUANA S.A. - SOCIEDADE DE CRÉDITO, FINANCIAMENTO E INVESTIMENTO",,2.0,10.0,75187.0
2021,2º,Demais bancos e financeiras,Conglomerado,CCB (conglomerado),,7.0,129.0,216849.0
2021,2º,Demais bancos e financeiras,Conglomerado,CITIBANK (conglomerado),,0.0,3.0,17853.0
2021,2º,Demais bancos e financeiras,Conglomerado,COLOMBO (conglomerado),,0.0,2.0,339230.0
2021,2º,Demais bancos e financeiras,Conglomerado,CREFISA (conglomerado),24.89,61.0,354.0,2450772.0
2021,2º,Demais bancos e financeiras,Conglomerado,DAYCOVAL (conglomerado),777.01,1004.0,1656.0,1292129.0
2021,2º,Demais bancos e financeiras,Banco/financeira,FACTA FINANCEIRA S.A. - CRÉDITO FINANCIAMENTO E INVESTIMENTO,555.73,89.0,377.0,160147.0
2021,2º,Demais bancos e financeiras,Banco/financeira,"FC FINANCEIRA S.A. - CRÉDITO, FINANCIAMENTO E INVESTIMENTO",,1.0,3.0,5554.0
2021,2º,Demais bancos e financeiras,Banco/financeira,"FINAMAX S.A. - CREDITO, FINANCIAMENTO E INVESTIMENTO",,0.0,6.0,85499.0
2021,2º,Demais bancos e financeiras,Conglomerado,GAZIN (conglomerado),,0.0,1.0,35777.0
2021,2º,Demais bancos e financeiras,Conglomerado,GENIAL (conglomerado),,16.0,23.0,106974.0
2021,2º,Demais bancos e financeiras,Conglomerado,GM (conglomerado),,8.0,41.0,297112.0
2021,2º,Demais bancos e financeiras,Conglomerado,GRUPO BONSUCESSO - BS2 (conglomerado),155.9,132.0,377.0,846668.0
2021,2º,Demais bancos e financeiras,Conglomerado,GRUPO ZEMA (conglomerado),,1.0,7.0,445945.0
2021,2º,Demais bancos e financeiras,Conglomerado,HERVAL - HS (conglomerado),,5.0,13.0,219304.0
2021,2º,Demais bancos e financeiras,Conglomerado,HONDA (conglomerado),,6.0,20.0,436893.0
2021,2º,Demais bancos e financeiras,Conglomerado,INDUSTRIAL DO BRASIL (conglomerado),,13.0,29.0,64088.0
2021,2º,Top 10 - Bancos e Financeiras,Conglomerado,INTER (conglomerado),66.79,766.0,1786.0,11467628.0
2021,2º,Top 10 - Bancos e Financeiras,Conglomerado,ITAU (conglomerado),17.59,1508.0,6527.0,85710724.0
2021,2º,Demais bancos e financeiras,Banco/financeira,"JBCRED S.A. SOCIEDADE DE CREDITO, FINANCIAMENTO E INVESTIMENTO",,2.0,14.0,51049.0
2021,2º,Demais bancos e financeiras,Banco/financeira,"LEBES FINANCEIRA S.A. - CRÉDITO, FINANCIAMENTO E INVESTIMENTO",,2.0,2.0,248335.0
2021,2º,Demais bancos e financeiras,Conglomerado,LECCA (conglomerado),,2.0,3.0,26488.0
2021,2º,Demais bancos e financeiras,Banco/financeira,M PAGAMENTOS S.A. - CRÉDITO FINANCIAMENTO E INVESTIMENTO,,3.0,7.0,565126.0
2021,2º,Demais bancos e financeiras,Conglomerado,MASTER (conglomerado),811.55,80.0,168.0,98576.0
2021,2º,Demais bancos e financeiras,Conglomerado,MERCADO CRÉDITO (conglomerado),,0.0,1.0,24423.0
2021,2º,Demais bancos e financeiras,Conglomerado,MERCANTIL DO BRASIL (conglomerado),136.69,506.0,715.0,3701652.0
2021,2º,Demais bancos e financeiras,Conglomerado,MERCEDES-BENZ (conglomerado),,0.0,6.0,20275.0
2021,2º,Top 10 - Bancos e Financeiras,Banco/financeira,"MIDWAY S.A. - CRÉDITO, FINANCIAMENTO E INVESTIMENTO",2.45,26.0,161.0,10604729.0
2021,2º,Demais bancos e financeiras,Conglomerado,MODAL (conglomerado),,6.0,67.0,1153324.0
2021,2º,Demais bancos e financeiras,Banco/financeira,"NEGRESCO S.A. - CREDITO, FINANCIAMENTO E INVESTIMENTOS",,0.0,3.0,427479.0
2021,2º,Demais bancos e financeiras,Banco/financeira,NOVO BANCO CONTINENTAL S.A. - BANCO MÚLTIPLO,,13.0,64.0,94773.0
2021,2º,Top 10 - Bancos e Financeiras,Conglomerado,NUBANK (conglomerado),0.0,0.0,25.0,17916854.0
2021,2º,Demais bancos e financeiras,Conglomerado,OMNI (conglomerado),,21.0,139.0,4908486.0
2021,2º,Demais bancos e financeiras,Conglomerado,ORIGINAL (conglomerado),67.64,320.0,956.0,4730387.0
2021,2º,Demais bancos e financeiras,Conglomerado,PAGBANK-PAGSEGURO (conglomerado),,7.0,13.0,3013459.0
2021,2º,Demais bancos e financeiras,Conglomerado,PARANÁ BANCO (conglomerado),181.0,88.0,386.0,486166.0
2021,2º,Demais bancos e financeiras,Banco/financeira,"PARATI - CREDITO, FINANCIAMENTO E INVESTIMENTO S.A.",,28.0,39.0,1616.0
2021,2º,Demais bancos e financeiras,Banco/financeira,"PEFISA S.A. - CRÉDITO, FINANCIAMENTO E INVESTIMENTO",17.46,115.0,192.0,6583040.0
2021,2º,Demais bancos e financeiras,Conglomerado,PINE (conglomerado),,0.0,2.0,13502.0
2021,2º,Demais bancos e financeiras,Conglomerado,PORTO SEGURO (conglomerado),20.57,59.0,204.0,2867211.0
2021,2º,Demais bancos e financeiras,Banco/financeira,"PORTOCRED S.A. - CREDITO, FINANCIAMENTO E INVESTIMENTO",,29.0,85.0,226210.0
2021,2º,Demais bancos e financeiras,Banco/financeira,"REALIZE CRÉDITO, FINANCIAMENTO E INVESTIMENTO S.A.",,26.0,103.0,4814788.0
2021,2º,Demais bancos e financeiras,Conglomerado,RENDIMENTO (conglomerado),,3.0,16.0,25046.0
2021,2º,Demais bancos e financeiras,Conglomerado,RODOBENS (conglomerado),,1.0,5.0,14012.0
2021,2º,Demais bancos e financeiras,Conglomerado,SAFRA (conglomerado),188.09,639.0,1907.0,3397199.0
2021,2º,Demais bancos e financeiras,Banco/financeira,"SANTANA S.A. - CRÉDITO, FINANCIAMENTO E INVESTIMENTO",,0.0,4.0,29406.0
2021,2º,Top 10 - Bancos e Financeiras,Conglomerado,SANTANDER (conglomerado),28.88,1514.0,6728.0,52415407.0
2021,2º,Demais bancos e financeiras,Conglomerado,SICREDI (conglomerado),,0.0,4.0,5841394.0
2021,2º,Demais bancos e financeiras,Conglomerado,SIMPALA (conglomerado),,1.0,1.0,2271.0
2021,2º,Demais bancos e financeiras,Conglomerado,SINOSSERRA (conglomerado),,1.0,1.0,9729.0
2021,2º,Demais bancos e financeiras,Conglomerado,SOCIETE GENERALE (conglomerado),,0.0,1.0,670.0
2021,2º,Demais bancos e financeiras,Banco/financeira,"SOCINAL S.A. - CRÉDITO, FINANCIAMENTO E INVESTIMENTO",,1.0,15.0,1992.0
2021,2º,Demais bancos e financeiras,Conglomerado,SOFISA (conglomerado),119.21,41.0,70.0,343924.0
2021,2º,Demais bancos e financeiras,Conglomerado,SOROCRED (conglomerado),,7.0,58.0,602379.0
2021,2º,Demais bancos e financeiras,Banco/financeira,"VIA CERTA FINANCIADORA S.A. - CRÉDITO, FINANCIAMENTO E INVESTIMENTOS",,1.0,6.0,407511.0
2021,2º,Demais bancos e financeiras,Conglomerado,VOITER (conglomerado),,0.0,4.0,5810.0
2021,2º,Demais bancos e financeiras,Conglomerado,VOLKSWAGEN (conglomerado),95.31,35.0,112.0,367195.0
2021,2º,Demais bancos e financeiras,Conglomerado,VOLVO (conglomerado),,0.0,2.0,7220.0
2021,2º,Top 10 - Bancos e Financeiras,Conglomerado,VOTORANTIM (conglomerado),4.64,78.0,749.0,16774345.0
2021,2º,Demais bancos e financeiras,Conglomerado,VR (conglomerado),,1.0,1.0,70.0
2021,2º,Demais bancos e financeiras,Conglomerado,WESTERN UNION (conglomerado),,1.0,4.0,1.0
2021,2º,Demais bancos e financeiras,Banco/financeira,"WILL FINANCEIRA S.A. CRÉDITO, FINANCIAMENTO E INVESTIMENTO",26.7,46.0,71.0,1722341.0
2021,2º,Demais bancos e financeiras,Conglomerado,XP (conglomerado),,11.0,21.0,
2021,2º,Demais bancos e financeiras,Conglomerado,YAMAHA MOTOR (conglomerado),,4.0,15.0,204014.0
2021,3º,Demais bancos e financeiras,Conglomerado,ABC-BRASIL (conglomerado),,1.0,4.0,29707.0
2021,3º,Demais bancos e financeiras,Conglomerado,AGIBANK (conglomerado),82.54,109.0,512.0,1320447.0
2021,3º,Demais bancos e financeiras,Banco/financeira,"AGORACRED S/A SOCIEDADE DE CRÉDITO, FINANCIAMENTO E INVESTIMENTO",,3.0,6.0,453405.0
2021,3º,Demais bancos e financeiras,Banco/financeira,"AL5 S.A. CRÉDITO, FINANCIAMENTO E INVESTIMENTO",,4.0,10.0,18217.0
2021,3º,Demais bancos e financeiras,Conglomerado,ALFA (conglomerado),,13.0,85.0,420486.0
2021,3º,Demais bancos e financeiras,Conglomerado,ANDBANK (conglomerado),,0.0,6.0,4369.0
2021,3º,Demais bancos e financeiras,Banco/financeira,BANCO ABN AMRO S.A.,,0.0,1.0,41.0
2021,3º,Demais bancos e financeiras,Banco/financeira,BANCO ARBI S.A.,,1.0,11.0,28673.0
2021,3º,Demais bancos e financeiras,Banco/financeira,BANCO CEDULA S.A.,,0.0,1.0,18022.0
2021,3º,Demais bancos e financeiras,Banco/financeira,BANCO CNH INDUSTRIAL CAPITAL S.A.,,0.0,1.0,28309.0
2021,3º,Demais bancos e financeiras,Banco/financeira,BANCO CSF S.A.,14.94,111.0,259.0,7425297.0
2021,3º,Demais bancos e financeiras,Banco/financeira,BANCO DA AMAZONIA S.A.,,2.0,14.0,551874.0
2021,3º,Demais bancos e financeiras,Banco/financeira,BANCO DA CHINA BRASIL S.A.,,1.0,1.0,481.0
2021,3º,Demais bancos e financeiras,Banco/financeira,BANCO DE LA NACION ARGENTINA,,0.0,1.0,256.0
2021,3º,Demais bancos e financeiras,Banco/financeira,BANCO DIGIMAIS S.A.,258.94,102.0,164.0,393906.0
2021,3º,Demais bancos e financeiras,Banco/financeira,BANCO DIGIO S.A.,31.05,58.0,237.0,1867547.0
2021,3º,Demais bancos e financeiras,Banco/financeira,BANCO DO ESTADO DE SERGIPE S.A.,,10.0,50.0,1082245.0
2021,3º,Demais bancos e financeiras,Banco/financeira,BANCO DO ESTADO DO PARÁ S.A.,42.87,39.0,85.0,909670.0
2021,3º,Demais bancos e financeiras,Banco/financeira,BANCO DO NORDESTE DO BRASIL S.A.,,13.0,73.0,8844660.0
2021,3º,Demais bancos e financeiras,Banco/financeira,BANCO FIBRA S.A.,,0.0,1.0,163670.0
2021,3º,Demais bancos e financeiras,Banco/financeira,BANCO FIDIS S/A,,0.0,11.0,4661.0
2021,3º,Demais bancos e financeiras,Banco/financeira,BANCO HSBC S.A.,,0.0,2.0,3087.0
2021,3º,Demais bancos e financeiras,Banco/financeira,BANCO INBURSA S.A.,,5.0,15.0,14726.0
2021,3º,Demais bancos e financeiras,Banco/financeira,BANCO OURINVEST S.A.,,5.0,7.0,50060.0
2021,3º,Demais bancos e financeiras,Banco/financeira,BANCO PAULISTA S.A.,,1.0,3.0,28238.0
2021,3º,Demais bancos e financeiras,Banco/financeira,BANCO SEMEAR S.A.,,2.0,4.0,270979.0
2021,3º,Demais bancos e financeiras,Banco/financeira,BANCO SENFF S.A.,,1.0,6.0,109166.0
2021,3º,Demais bancos e financeiras,Conglomerado,BANCO SICOOB (conglomerado),,21.0,53.0,5047970.0
2021,3º,Demais bancos e financeiras,Banco/financeira,BANCO TOPÁZIO S.A.,,4.0,11.0,43686.0
2021,3º,Demais bancos e financeiras,Banco/financeira,BANCO TOYOTA DO BRASIL S.A.,,1.0,8.0,155981.0
2021,3º,Demais bancos e financeiras,Banco/financeira,BANCO TRIANGULO S.A.,,10.0,31.0,2025332.0
2021,3º,Demais bancos e financeiras,Conglomerado,BANESTES (conglomerado),,17.0,73.0,1345235.0
2021,3º,Demais bancos e financeiras,Conglomerado,BANRISUL (conglomerado),37.68,190.0,855.0,5041288.0
2021,3º,Demais bancos e financeiras,Conglomerado,BARIGUI (conglomerado),,19.0,72.0,172348.0
2021,3º,Top 10 - Bancos e Financeiras,Conglomerado,BB (conglomerado),16.79,1180.0,5829.0,70259170.0
2021,3º,Demais bancos e financeiras,Banco/financeira,BBVA BRASIL BANCO DE INVESTIMENTO S.A.,,0.0,1.0,0.0
2021,3º,Demais bancos e financeiras,Banco/financeira,"BIORC FINANCEIRA - CRÉDITO, FINANCIAMENTO E INVESTIMENTO S.A.",,0.0,1.0,18321.0
2021,3º,Demais bancos e financeiras,Conglomerado,BMG (conglomerado),106.63,868.0,2398.0,8140173.0
2021,3º,Demais bancos e financeiras,Conglomerado,BMW (conglomerado),,0.0,1.0,28019.0
2021,3º,Demais bancos e financeiras,Conglomerado,BNP PARIBAS (conglomerado),125.22,286.0,896.0,2283925.0
2021,3º,Demais bancos e financeiras,Conglomerado,BOFA MERRILL LYNCH (conglomerado),,0.0,2.0,4782.0
2021,3º,Top 10 - Bancos e Financeiras,Conglomerado,BRADESCO (conglomerado),36.03,3613.0,10693.0,100264792.0
2021,3º,Demais bancos e financeiras,Conglomerado,BRB (conglomerado),50.95,148.0,696.0,2904792.0
2021,3º,Demais bancos e financeiras,Banco/financeira,"BRK S.A. CRÉDITO, FINANCIAMENTO E INVESTIMENTO",,0.0,1.0,6482.0
2021,3º,Top 10 - Bancos e Financeiras,Conglomerado,BTG PACTUAL/BANCO PAN (conglomerado),65.83,1004.0,3061.0,15250442.0
2021,3º,Top 10 - Bancos e Financeiras,Conglomerado,C6 BANK (conglomerado),149.45,1651.0,3825.0,11046743.0
2021,3º,Top 10 - Bancos e Financeiras,Conglomerado,CAIXA ECONÔMICA FEDERAL (conglomerado),22.36,3264.0,11872.0,145914729.0
2021,3º,Demais bancos e financeiras,Banco/financeira,"CARUANA S.A. - SOCIEDADE DE CRÉDITO, FINANCIAMENTO E INVESTIMENTO",,2.0,7.0,76719.0
2021,3º,Demais bancos e financeiras,Conglomerado,CCB (conglomerado),,24.0,160.0,205490.0
2021,3º,Demais bancos e financeiras,Conglomerado,CITIBANK (conglomerado),,1.0,12.0,18294.0
2021,3º,Demais bancos e financeiras,Conglomerado,COLOMBO (conglomerado),,2.0,6.0,345089.0
2021,3º,Demais bancos e financeiras,Conglomerado,CREFISA (conglomerado),24.02,64.0,254.0,2663580.0
2021,3º,Demais bancos e financeiras,Conglomerado,DAYCOVAL (conglomerado),255.32,332.0,947.0,1300297.0
2021,3º,Demais bancos e financeiras,Banco/financeira,FACTA FINANCEIRA S.A. - CRÉDITO FINANCIAMENTO E INVESTIMENTO,458.43,131.0,428.0,285752.0
2021,3º,Demais bancos e financeiras,Conglomerado,FATOR (conglomerado),,0.0,1.0,13744.0
2021,3º,Demais bancos e financeiras,Banco/financeira,"FC FINANCEIRA S.A. - CRÉDITO, FINANCIAMENTO E INVESTIMENTO",,1.0,2.0,11153.0
2021,3º,Demais bancos e financeiras,Banco/financeira,"FINAMAX S.A. - CREDITO, FINANCIAMENTO E INVESTIMENTO",,0.0,5.0,85526.0
2021,3º,Demais bancos e financeiras,Conglomerado,GENIAL (conglomerado),,10.0,14.0,208540.0
2021,3º,Demais bancos e financeiras,Conglomerado,GM (conglomerado),,1.0,20.0,274480.0
2021,3º,Demais bancos e financeiras,Conglomerado,GRUPO BONSUCESSO - BS2 (conglomerado),95.86,86.0,277.0,897134.0
2021,3º,Demais bancos e financeiras,Conglomerado,GRUPO ZEMA (conglomerado),,1.0,9.0,461496.0
2021,3º,Demais bancos e financeiras,Conglomerado,HERVAL - HS (conglomerado),,10.0,14.0,219957.0
2021,3º,Demais bancos e financeiras,Conglomerado,HONDA (conglomerado),,5.0,19.0,428225.0
2021,3º,Demais bancos e financeiras,Banco/financeira,ICBC DO BRASIL BANCO MÚLTIPLO S.A.,,0.0,1.0,187.0
2021,3º,Demais bancos e financeiras,Conglomerado,INDUSTRIAL DO BRASIL (conglomerado),,10.0,32.0,63911.0
2021,3º,Top 10 - Bancos e Financeiras,Conglomerado,INTER (conglomerado),55.99,746.0,1776.0,13323223.0
2021,3º,Top 10 - Bancos e Financeiras,Conglomerado,ITAU (conglomerado),15.05,1318.0,6850.0,87568455.0
2021,3º,Demais bancos e financeiras,Banco/financeira,"JBCRED S.A. SOCIEDADE DE CREDITO, FINANCIAMENTO E INVESTIMENTO",,0.0,7.0,52001.0
2021,3º,Demais bancos e financeiras,Banco/financeira,"LEBES FINANCEIRA S.A. - CRÉDITO, FINANCIAMENTO E INVESTIMENTO",,1.0,3.0,249991.0
2021,3º,Demais bancos e financeiras,Conglomerado,LECCA (conglomerado),,3.0,9.0,27668.0
2021,3º,Demais bancos e financeiras,Banco/financeira,M PAGAMENTOS S.A. - CRÉDITO FINANCIAMENTO E INVESTIMENTO,,3.0,14.0,626141.0
2021,3º,Demais bancos e financeiras,Conglomerado,MASTER (conglomerado),2055.01,223.0,317.0,108515.0
2021,3º,Demais bancos e financeiras,Conglomerado,MERCADO CRÉDITO (conglomerado),,0.0,1.0,47984.0
2021,3º,Demais bancos e financeiras,Conglomerado,MERCANTIL DO BRASIL (conglomerado),122.14,467.0,801.0,3823232.0
2021,3º,Demais bancos e financeiras,Conglomerado,MERCEDES-BENZ (conglomerado),,0.0,2.0,20203.0
2021,3º,Demais bancos e financeiras,Banco/financeira,"MIDWAY S.A. - CRÉDITO, FINANCIAMENTO E INVESTIMENTO",,22.0,176.0,10572319.0
2021,3º,Demais bancos e financeiras,Conglomerado,MODAL (conglomerado),,21.0,60.0,1304283.0
2021,3º,Demais bancos e financeiras,Banco/financeira,"NEGRESCO S.A. - CREDITO, FINANCIAMENTO E INVESTIMENTOS",,0.0,1.0,434448.0
2021,3º,Demais bancos e financeiras,Banco/financeira,NOVO BANCO CONTINENTAL S.A. - BANCO MÚLTIPLO,,5.0,34.0,99651.0
2021,3º,Top 10 - Bancos e Financeiras,Conglomerado,NUBANK (conglomerado),0.13,3.0,38.0,22267718.0
2021,3º,Demais bancos e financeiras,Conglomerado,OMNI (conglomerado),,17.0,144.0,5281196.0
2021,3º,Demais bancos e financeiras,Conglomerado,ORIGINAL (conglomerado),47.03,265.0,846.0,5634279.0
2021,3º,Demais bancos e financeiras,Conglomerado,PAGBANK-PAGSEGURO (conglomerado),,5.0,11.0,3342281.0
2021,3º,Demais bancos e financeiras,Conglomerado,PARANÁ BANCO (conglomerado),193.45,94.0,526.0,485895.0
2021,3º,Demais bancos e financeiras,Banco/financeira,"PARATI - CREDITO, FINANCIAMENTO E INVESTIMENTO S.A.",14015.05,54.0,76.0,3853.0
2021,3º,Demais bancos e financeiras,Banco/financeira,"PEFISA S.A. - CRÉDITO, FINANCIAMENTO E INVESTIMENTO",12.79,87.0,168.0,6798337.0
2021,3º,Demais bancos e financeiras,Conglomerado,PINE (conglomerado),,3.0,6.0,12869.0
2021,3º,Demais bancos e financeiras,Conglomerado,PORTO SEGURO (conglomerado),18.21,55.0,186.0,3019992.0
2021,3º,Demais bancos e financeiras,Banco/financeira,"PORTOCRED S.A. - CREDITO, FINANCIAMENTO E INVESTIMENTO",,19.0,68.0,225158.0
2021,3º,Demais bancos e financeiras,Banco/financeira,"REALIZE CRÉDITO, FINANCIAMENTO E INVESTIMENTO S.A.",,10.0,70.0,4873514.0
2021,3º,Demais bancos e financeiras,Conglomerado,RENDIMENTO (conglomerado),,1.0,12.0,26068.0
2021,3º,Demais bancos e financeiras,Conglomerado,RODOBENS (conglomerado),,1.0,3.0,14845.0
2021,3º,Demais bancos e financeiras,Conglomerado,SAFRA (conglomerado),103.36,442.0,1782.0,4276210.0
2021,3º,Demais bancos e financeiras,Banco/financeira,"SANTANA S.A. - CRÉDITO, FINANCIAMENTO E INVESTIMENTO",,0.0,1.0,29858.0
2021,3º,Top 10 - Bancos e Financeiras,Conglomerado,SANTANDER (conglomerado),29.19,1558.0,7235.0,53358153.0
2021,3º,Demais bancos e financeiras,Banco/financeira,"SANTINVEST S.A. - CREDITO, FINANCIAMENTO E INVESTIMENTOS",,1.0,5.0,14007.0
2021,3º,Demais bancos e financeiras,Conglomerado,SICREDI (conglomerado),,0.0,2.0,6101332.0
2021,3º,Demais bancos e financeiras,Conglomerado,SIMPALA (conglomerado),,1.0,2.0,2883.0
2021,3º,Demais bancos e financeiras,Conglomerado,SOCIETE GENERALE (conglomerado),,0.0,1.0,534.0
2021,3º,Demais bancos e financeiras,Banco/financeira,"SOCINAL S.A. - CRÉDITO, FINANCIAMENTO E INVESTIMENTO",,1.0,11.0,2088.0
2021,3º,Demais bancos e financeiras,Conglomerado,SOFISA (conglomerado),90.68,37.0,77.0,407986.0
2021,3º,Demais bancos e financeiras,Conglomerado,SOROCRED (conglomerado),,14.0,52.0,248801.0
2021,3º,Demais bancos e financeiras,Banco/financeira,"TENTOS S.A. CRÉDITO, FINANCIAMENTO E INVESTIMENTO",,1.0,1.0,129.0
2021,3º,Demais bancos e financeiras,Banco/financeira,"TODESCREDI S/A - CRÉDITO, FINANCIAMENTO E INVESTIMENTO",,0.0,1.0,37627.0
2021,3º,Demais bancos e financeiras,Banco/financeira,"VIA CERTA FINANCIADORA S.A. - CRÉDITO, FINANCIAMENTO E INVESTIMENTOS",,2.0,6.0,405846.0
2021,3º,Demais bancos e financeiras,Conglomerado,VOITER (conglomerado),,1.0,5.0,5059.0
2021,3º,Demais bancos e financeiras,Conglomerado,VOLKSWAGEN (conglomerado),,21.0,94.0,358084.0
2021,3º,Demais bancos e financeiras,Conglomerado,VOLVO (conglomerado),,0.0,1.0,7212.0
2021,3º,Top 10 - Bancos e Financeiras,Conglomerado,VOTORANTIM (conglomerado),13.9,256.0,674.0,18414652.0
2021,3º,Demais bancos e financeiras,Conglomerado,WESTERN UNION (conglomerado),,2.0,4.0,1.0
2021,3º,Demais bancos e financeiras,Banco/financeira,"WILL FINANCEIRA S.A. CRÉDITO, FINANCIAMENTO E INVESTIMENTO",18.99,35.0,111.0,1842985.0
2021,3º,Demais bancos e financeiras,Conglomerado,XP (conglomerado),138.8,42.0,58.0,302591.0
2021,3º,Demais bancos e financeiras,Conglomerado,YAMAHA MOTOR (conglomerado),,2.0,15.0,210964.0
2021,4º,"Demais Bancos, Financeiras e Instituições de Pagamento",Conglomerado,ABC-BRASIL (conglomerado),,2.0,5.0,33095.0
2021,4º,"Demais Bancos, Financeiras e Instituições de Pagamento",Banco/financeira,ACESSO SOLUÇÕES DE PAGAMENTO S.A.,20.87,42.0,75.0,2011869.0
2021,4º,"Demais Bancos, Financeiras e Instituições de Pagamento",Conglomerado,AGIBANK (conglomerado),195.92,309.0,719.0,1577152.0
2021,4º,"Demais Bancos, Financeiras e Instituições de Pagamento",Banco/financeira,"AGORACRED S/A SOCIEDADE DE CRÉDITO, FINANCIAMENTO E INVESTIMENTO",,2.0,5.0,473823.0
2021,4º,"Demais Bancos, Financeiras e Instituições de Pagamento",Banco/financeira,"AL5 S.A. CRÉDITO, FINANCIAMENTO E INVESTIMENTO",,2.0,12.0,23421.0
2021,4º,"Demais Bancos, Financeiras e Instituições de Pagamento",Conglomerado,ALFA (conglomerado),,16.0,82.0,422572.0
2021,4º,"Demais Bancos, Financeiras e Instituições de Pagamento",Conglomerado,ANDBANK (conglomerado),,0.0,4.0,4376.0
2021,4º,"Demais Bancos, Financeiras e Instituições de Pagamento",Banco/financeira,ASAAS GESTÃO FINANCEIRA INSTITUIÇÃO DE PAGAMENTO S.A.,,0.0,4.0,249654.0
2021,4º,"Demais Bancos, Financeiras e Instituições de Pagamento",Banco/financeira,BANCO ABN AMRO S.A.,,0.0,2.0,26.0
2021,4º,"Demais Bancos, Financeiras e Instituições de Pagamento",Banco/financeira,BANCO ARBI S.A.,,8.0,24.0,38372.0
2021,4º,"Demais Bancos, Financeiras e Instituições de Pagamento",Banco/financeira,BANCO CEDULA S.A.,,2.0,2.0,18016.0
2021,4º,"Demais Bancos, Financeiras e Instituições de Pagamento",Banco/financeira,BANCO CNH INDUSTRIAL CAPITAL S.A.,,0.0,1.0,28397.0
2021,4º,"Demais Bancos, Financeiras e Instituições de Pagamento",Banco/financeira,BANCO CSF S.A.,13.88,102.0,261.0,7348002.0
2021,4º,"Demais Bancos, Financeiras e Instituições de Pagamento",Banco/financeira,BANCO DA AMAZONIA S.A.,,1.0,8.0,556710.0
2021,4º,"Demais Bancos, Financeiras e Instituições de Pagamento",Banco/financeira,BANCO DA CHINA BRASIL S.A.,,0.0,1.0,528.0
2021,4º,"Demais Bancos, Financeiras e Instituições de Pagamento",Banco/financeira,BANCO DE LAGE LANDEN BRASIL S.A.,,0.0,1.0,34810.0
2021,4º,"Demais Bancos, Financeiras e Instituições de Pagamento",Banco/financeira,BANCO DIGIMAIS S.A.,444.9,202.0,286.0,454034.0
2021,4º,"Demais Bancos, Financeiras e Instituições de Pagamento",Banco/financeira,BANCO DIGIO S.A.,67.4,133.0,274.0,1973142.0
2021,4º,"Demais Bancos, Financeiras e Instituições de Pagamento",Banco/financeira,BANCO DO ESTADO DE SERGIPE S.A.,,29.0,78.0,1094338.0
2021,4º,"Demais Bancos, Financeiras e Instituições de Pagamento",Banco/financeira,BANCO DO ESTADO DO PARÁ S.A.,33.51,31.0,73.0,924951.0
2021,4º,"Demais Bancos, Financeiras e Instituições de Pagamento",Banco/financeira,BANCO DO NORDESTE DO BRASIL S.A.,,5.0,65.0,8967632.0
2021,4º,"Demais Bancos, Financeiras e Instituições de Pagamento",Banco/financeira,BANCO FIBRA S.A.,,1.0,3.0,164195.0
2021,4º,"Demais Bancos, Financeiras e Instituições de Pagamento",Banco/financeira,BANCO GUANABARA S.A.,,1.0,1.0,2296.0
2021,4º,"Demais Bancos, Financeiras e Instituições de Pagamento",Banco/financeira,BANCO HSBC S.A.,,0.0,6.0,3331.0
2021,4º,"Demais Bancos, Financeiras e Instituições de Pagamento",Banco/financeira,BANCO INBURSA S.A.,,10.0,34.0,19313.0
2021,4º,"Demais Bancos, Financeiras e Instituições de Pagamento",Banco/financeira,BANCO KOMATSU DO BRASIL S.A.,,0.0,1.0,726.0
2021,4º,"Demais Bancos, Financeiras e Instituições de Pagamento",Banco/financeira,BANCO LUSO BRASILEIRO S.A.,,0.0,1.0,9589.0
2021,4º,"Demais Bancos, Financeiras e Instituições de Pagamento",Banco/financeira,BANCO OURINVEST S.A.,,2.0,4.0,88234.0
2021,4º,"Demais Bancos, Financeiras e Instituições de Pagamento",Banco/financeira,BANCO PAULISTA S.A.,,2.0,3.0,29632.0
2021,4º,"Demais Bancos, Financeiras e Instituições de Pagamento",Banco/financeira,BANCO RABOBANK INTERNATIONAL BRASIL S.A.,,0.0,1.0,3933.0
2021,4º,"Demais Bancos, Financeiras e Instituições de Pagamento",Banco/financeira,BANCO RIBEIRAO PRETO S.A.,,0.0,1.0,3988.0
2021,4º,"Demais Bancos, Financeiras e Instituições de Pagamento",Banco/financeira,BANCO SEMEAR S.A.,,5.0,9.0,288254.0
2021,4º,"Demais Bancos, Financeiras e Instituições de Pagamento",Banco/financeira,BANCO SENFF S.A.,,3.0,5.0,158470.0
2021,4º,"Demais Bancos, Financeiras e Instituições de Pagamento",Conglomerado,BANCO SICOOB (conglomerado),,21.0,60.0,5291486.0
2021,4º,"Demais Bancos, Financeiras e Instituições de Pagamento",Banco/financeira,BANCO TOPÁZIO S.A.,,5.0,13.0,16284.0
2021,4º,"Demais Bancos, Financeiras e Instituições de Pagamento",Conglomerado,BANCO TOYOTA DO BRASIL S.A. (conglomerado),,2.0,13.0,152990.0
2021,4º,"Demais Bancos, Financeiras e Instituições de Pagamento",Banco/financeira,BANCO TRIANGULO S.A.,,10.0,40.0,1977611.0
2021,4º,"Demais Bancos, Financeiras e Instituições de Pagamento",Conglomerado,BANESTES (conglomerado),,11.0,46.0,1354013.0
2021,4º,"Demais Bancos, Financeiras e Instituições de Pagamento",Conglomerado,BANRISUL (conglomerado),22.86,116.0,556.0,5073507.0
2021,4º,"Demais Bancos, Financeiras e Instituições de Pagamento",Conglomerado,BARIGUI (conglomerado),140.74,36.0,104.0,255790.0
2021,4º,"Top 15 - Bancos, Financeiras e Instituições de Pagamento",Conglomerado,BB (conglomerado),14.39,1034.0,4686.0,71820761.0
2021,4º,"Demais Bancos, Financeiras e Instituições de Pagamento",Conglomerado,BBC (conglomerado),,1.0,1.0,5306.0
2021,4º,"Top 15 - Bancos, Financeiras e Instituições de Pagamento",Conglomerado,BMG (conglomerado),67.87,618.0,1533.0,9105226.0
2021,4º,"Demais Bancos, Financeiras e Instituições de Pagamento",Conglomerado,BMW (conglomerado),,1.0,1.0,29782.0
2021,4º,"Demais Bancos, Financeiras e Instituições de Pagamento",Conglomerado,BNP PARIBAS (conglomerado),134.9,302.0,748.0,2238538.0
2021,4º,"Demais Bancos, Financeiras e Instituições de Pagamento",Conglomerado,BNQI - FINANCEIRO (conglomerado),,29.0,62.0,
2021,4º,"Demais Bancos, Financeiras e Instituições de Pagamento",Conglomerado,BOFA MERRILL LYNCH (conglomerado),,0.0,1.0,4769.0
2021,4º,"Demais Bancos, Financeiras e Instituições de Pagamento",Banco/financeira,BPP INSTITUIÇÃO DE PAGAMENTO S.A.,16.85,32.0,61.0,1898746.0
2021,4º,"Top 15 - Bancos, Financeiras e Instituições de Pagamento",Conglomerado,BRADESCO (conglomerado),25.3,2529.0,8104.0,99921260.0
2021,4º,"Demais Bancos, Financeiras e Instituições de Pagamento",Conglomerado,BRB (conglomerado),71.83,261.0,814.0,3633478.0
2021,4º,"Top 15 - Bancos, Financeiras e Instituições de Pagamento",Conglomerado,BTG PACTUAL/BANCO PAN (conglomerado),63.08,1128.0,2756.0,17880721.0
2021,4º,"Top 15 - Bancos, Financeiras e Instituições de Pagamento",Conglomerado,C6 BANK (conglomerado),106.22,1444.0,3311.0,13594217.0
2021,4º,"Top 15 - Bancos, Financeiras e Instituições de Pagamento",Conglomerado,CAIXA ECONÔMICA FEDERAL (conglomerado),17.66,2564.0,8650.0,145144708.0
2021,4º,"Demais Bancos, Financeiras e Instituições de Pagamento",Banco/financeira,"CALCRED S.A. - CRÉDITO, FINANCIAMENTO E INVESTIMENTO",,0.0,1.0,2813.0
2021,4º,"Demais Bancos, Financeiras e Instituições de Pagamento",Banco/financeira,"CARUANA S.A. - SOCIEDADE DE CRÉDITO, FINANCIAMENTO E INVESTIMENTO",,4.0,6.0,59274.0
2021,4º,"Demais Bancos, Financeiras e Instituições de Pagamento",Conglomerado,CCB (conglomerado),,15.0,124.0,194385.0
2021,4º,"Demais Bancos, Financeiras e Instituições de Pagamento",Banco/financeira,CELCOIN INSTITUICAO DE PAGAMENTO S.A.,,4.0,14.0,0.0
2021,4º,"Demais Bancos, Financeiras e Instituições de Pagamento",Banco/financeira,CIELO S.A.,,28.0,98.0,122732.0
2021,4º,"Demais Bancos, Financeiras e Instituições de Pagamento",Conglomerado,CITIBANK (conglomerado),,1.0,16.0,18303.0
2021,4º,"Demais Bancos, Financeiras e Instituições de Pagamento",Conglomerado,COBUCCIO (conglomerado),,6.0,45.0,
2021,4º,"Demais Bancos, Financeiras e Instituições de Pagamento",Conglomerado,COLOMBO (conglomerado),,2.0,13.0,354942.0
2021,4º,"Demais Bancos, Financeiras e Instituições de Pagamento",Conglomerado,CRED-SYSTEM (conglomerado),,21.0,50.0,
2021,4º,"Demais Bancos, Financeiras e Instituições de Pagamento",Banco/financeira,CREDI-SHOP S/A - INSTITUIÇÃO DE PAGAMENTO,,0.0,1.0,724468.0
2021,4º,"Demais Bancos, Financeiras e Instituições de Pagamento",Conglomerado,CREFISA (conglomerado),24.21,69.0,185.0,2849908.0
2021,4º,"Demais Bancos, Financeiras e Instituições de Pagamento",Conglomerado,DAYCOVAL (conglomerado),90.8,120.0,492.0,1321554.0
2021,4º,"Demais Bancos, Financeiras e Instituições de Pagamento",Banco/financeira,EBANX INSTITUICAO DE PAGAMENTOS LTDA.,102.12,48.0,78.0,470025.0
2021,4º,"Demais Bancos, Financeiras e Instituições de Pagamento",Banco/financeira,FACEBOOK INSTITUIÇÃO DE PAGAMENTO DO BRASIL LTDA.,,0.0,2.0,0.0
2021,4º,"Demais Bancos, Financeiras e Instituições de Pagamento",Banco/financeira,FACTA FINANCEIRA S.A. - CRÉDITO FINANCIAMENTO E INVESTIMENTO,339.53,156.0,602.0,459457.0
2021,4º,"Demais Bancos, Financeiras e Instituições de Pagamento",Banco/financeira,"FC FINANCEIRA S.A. - CRÉDITO, FINANCIAMENTO E INVESTIMENTO",,1.0,3.0,15595.0
2021,4º,"Demais Bancos, Financeiras e Instituições de Pagamento",Banco/financeira,"FINAMAX S.A. - CREDITO, FINANCIAMENTO E INVESTIMENTO",,0.0,9.0,85821.0
2021,4º,"Demais Bancos, Financeiras e Instituições de Pagamento",Conglomerado,FINAXIS (conglomerado),,0.0,2.0,3981.0
2021,4º,"Demais Bancos, Financeiras e Instituições de Pagamento",Banco/financeira,FITBANK PAGAMENTOS ELETRONICOS S.A.,,1.0,2.0,582.0
2021,4º,"Demais Bancos, Financeiras e Instituições de Pagamento",Banco/financeira,FORTBRASIL ADMINISTRADORA DE CARTOES DE CREDITO S/A,,13.0,24.0,622170.0
2021,4º,"Demais Bancos, Financeiras e Instituições de Pagamento",Conglomerado,GAZIN (conglomerado),,0.0,2.0,40831.0
2021,4º,"Demais Bancos, Financeiras e Instituições de Pagamento",Conglomerado,GENIAL (conglomerado),,16.0,22.0,325801.0
2021,4º,"Demais Bancos, Financeiras e Instituições de Pagamento",Conglomerado,GERENCIANET (conglomerado),,4.0,21.0,260700.0
2021,4º,"Demais Bancos, Financeiras e Instituições de Pagamento",Conglomerado,GM (conglomerado),,1.0,31.0,258368.0
2021,4º,"Demais Bancos, Financeiras e Instituições de Pagamento",Banco/financeira,"GRAZZIOTIN FINANCIADORA S/A - CRÉDITO, FINANCIAMENTO E INVESTIMENTOS",,0.0,1.0,32555.0
2021,4º,"Demais Bancos, Financeiras e Instituições de Pagamento",Conglomerado,GRUPO BONSUCESSO - BS2 (conglomerado),82.51,76.0,259.0,921017.0
2021,4º,"Demais Bancos, Financeiras e Instituições de Pagamento",Conglomerado,GRUPO ZEMA (conglomerado),,1.0,8.0,463914.0
2021,4º,"Demais Bancos, Financeiras e Instituições de Pagamento",Conglomerado,HERVAL - HS (conglomerado),,7.0,13.0,206484.0
2021,4º,"Demais Bancos, Financeiras e Instituições de Pagamento",Conglomerado,HONDA (conglomerado),,5.0,19.0,417444.0
2021,4º,"Demais Bancos, Financeiras e Instituições de Pagamento",Banco/financeira,HUB PAGAMENTOS S.A,,9.0,29.0,2657176.0
2021,4º,"Demais Bancos, Financeiras e Instituições de Pagamento",Conglomerado,INDUSTRIAL DO BRASIL (conglomerado),,7.0,33.0,63656.0
2021,4º,"Top 15 - Bancos, Financeiras e Instituições de Pagamento",Conglomerado,INTER (conglomerado),53.9,818.0,1832.0,15174249.0
2021,4º,"Top 15 - Bancos, Financeiras e Instituições de Pagamento",Conglomerado,ITAU (conglomerado),12.76,1153.0,5636.0,90314397.0
2021,4º,"Demais Bancos, Financeiras e Instituições de Pagamento",Banco/financeira,IUGU INSTITUIÇÃO DE PAGAMENTO S.A.,,1.0,3.0,0.0
2021,4º,"Demais Bancos, Financeiras e Instituições de Pagamento",Banco/financeira,"JBCRED S.A. SOCIEDADE DE CREDITO, FINANCIAMENTO E INVESTIMENTO",,0.0,7.0,53834.0
2021,4º,"Demais Bancos, Financeiras e Instituições de Pagamento",Banco/financeira,"LEBES FINANCEIRA S.A. - CRÉDITO, FINANCIAMENTO E INVESTIMENTO",,1.0,8.0,263553.0
2021,4º,"Demais Bancos, Financeiras e Instituições de Pagamento",Conglomerado,LECCA (conglomerado),,4.0,9.0,29144.0
2021,4º,"Demais Bancos, Financeiras e Instituições de Pagamento",Banco/financeira,M PAGAMENTOS S.A. - CRÉDITO FINANCIAMENTO E INVESTIMENTO,,3.0,12.0,552627.0
2021,4º,"Demais Bancos, Financeiras e Instituições de Pagamento",Conglomerado,MASTER (conglomerado),952.93,122.0,236.0,128025.0
2021,4º,"Top 15 - Bancos, Financeiras e Instituições de Pagamento",Conglomerado,MERCADO CRÉDITO (conglomerado),21.45,590.0,1732.0,27495743.0
2021,4º,"Demais Bancos, Financeiras e Instituições de Pagamento",Conglomerado,MERCANTIL DO BRASIL (conglomerado),75.08,321.0,599.0,4275418.0
2021,4º,"Demais Bancos, Financeiras e Instituições de Pagamento",Conglomerado,MERCEDES-BENZ (conglomerado),,2.0,2.0,19881.0
2021,4º,"Top 15 - Bancos, Financeiras e Instituições de Pagamento",Banco/financeira,"MIDWAY S.A. - CRÉDITO, FINANCIAMENTO E INVESTIMENTO",2.63,28.0,169.0,10613765.0
2021,4º,"Demais Bancos, Financeiras e Instituições de Pagamento",Conglomerado,MODAL (conglomerado),,21.0,63.0,1489940.0
2021,4º,"Demais Bancos, Financeiras e Instituições de Pagamento",Banco/financeira,"NEGRESCO S.A. - CREDITO, FINANCIAMENTO E INVESTIMENTOS",,0.0,5.0,441953.0
2021,4º,"Demais Bancos, Financeiras e Instituições de Pagamento",Banco/financeira,NEON PAGAMENTOS S.A.,324.25,210.0,365.0,647641.0
2021,4º,"Demais Bancos, Financeiras e Instituições de Pagamento",Banco/financeira,NOVO BANCO CONTINENTAL S.A. - BANCO MÚLTIPLO,,17.0,96.0,121786.0
2021,4º,"Top 15 - Bancos, Financeiras e Instituições de Pagamento",Conglomerado,NUBANK (conglomerado),5.26,263.0,1337.0,49967783.0
2021,4º,"Demais Bancos, Financeiras e Instituições de Pagamento",Conglomerado,OMNI (conglomerado),,21.0,141.0,5228860.0
2021,4º,"Top 15 - Bancos, Financeiras e Instituições de Pagamento",Conglomerado,ORIGINAL (conglomerado),17.7,635.0,1604.0,35869197.0
2021,4º,"Top 15 - Bancos, Financeiras e Instituições de Pagamento",Conglomerado,PAGBANK-PAGSEGURO (conglomerado),15.78,345.0,1209.0,21860165.0
2021,4º,"Demais Bancos, Financeiras e Instituições de Pagamento",Conglomerado,PARANÁ BANCO (conglomerado),95.47,47.0,302.0,492284.0
2021,4º,"Demais Bancos, Financeiras e Instituições de Pagamento",Banco/financeira,"PARATI - CREDITO, FINANCIAMENTO E INVESTIMENTO S.A.",16699.13,60.0,105.0,3593.0
2021,4º,"Demais Bancos, Financeiras e Instituições de Pagamento",Banco/financeira,PAYPAL DO BRASIL SERVICOS DE PAGAMENTOS LTDA,3.65,32.0,99.0,8746269.0
2021,4º,"Demais Bancos, Financeiras e Instituições de Pagamento",Banco/financeira,"PEFISA S.A. - CRÉDITO, FINANCIAMENTO E INVESTIMENTO",13.18,95.0,153.0,7207087.0
2021,4º,"Demais Bancos, Financeiras e Instituições de Pagamento",Conglomerado,PINE (conglomerado),,3.0,5.0,12752.0
2021,4º,"Demais Bancos, Financeiras e Instituições de Pagamento",Conglomerado,PORTO SEGURO (conglomerado),28.8,92.0,224.0,3193843.0
2021,4º,"Demais Bancos, Financeiras e Instituições de Pagamento",Banco/financeira,"PORTOCRED S.A. - CREDITO, FINANCIAMENTO E INVESTIMENTO",,13.0,52.0,232901.0
2021,4º,"Demais Bancos, Financeiras e Instituições de Pagamento",Banco/financeira,"REALIZE CRÉDITO, FINANCIAMENTO E INVESTIMENTO S.A.",,12.0,86.0,5366646.0
2021,4º,"Demais Bancos, Financeiras e Instituições de Pagamento",Conglomerado,RENDIMENTO (conglomerado),,2.0,27.0,207634.0
2021,4º,"Demais Bancos, Financeiras e Instituições de Pagamento",Banco/financeira,REPOM S.A.,,1.0,2.0,264544.0
2021,4º,"Demais Bancos, Financeiras e Instituições de Pagamento",Conglomerado,RODOBENS (conglomerado),,2.0,9.0,15210.0
2021,4º,"Demais Bancos, Financeiras e Instituições de Pagamento",Conglomerado,SAFRA (conglomerado),58.24,299.0,1125.0,5133500.0
2021,4º,"Top 15 - Bancos, Financeiras e Instituições de Pagamento",Conglomerado,SANTANDER (conglomerado),24.58,1397.0,6121.0,56812607.0
2021,4º,"Demais Bancos, Financeiras e Instituições de Pagamento",Banco/financeira,"SANTINVEST S.A. - CREDITO, FINANCIAMENTO E INVESTIMENTOS",,0.0,4.0,10969.0
2021,4º,"Demais Bancos, Financeiras e Instituições de Pagamento",Conglomerado,SCANIA (conglomerado),,1.0,1.0,5294.0
2021,4º,"Demais Bancos, Financeiras e Instituições de Pagamento",Banco/financeira,"SF3 CRÉDITO, FINANCIAMENTO E INVESTIMENTO S.A.",,0.0,2.0,30369.0
2021,4º,"Demais Bancos, Financeiras e Instituições de Pagamento",Conglomerado,SIMPALA (conglomerado),,1.0,1.0,3000.0
2021,4º,"Demais Bancos, Financeiras e Instituições de Pagamento",Banco/financeira,"SOCINAL S.A. - CRÉDITO, FINANCIAMENTO E INVESTIMENTO",,4.0,16.0,2151.0
2021,4º,"Demais Bancos, Financeiras e Instituições de Pagamento",Conglomerado,SOFISA (conglomerado),,26.0,59.0,437525.0
2021,4º,"Demais Bancos, Financeiras e Instituições de Pagamento",Conglomerado,SOROCRED (conglomerado),,11.0,57.0,715574.0
2021,4º,"Demais Bancos, Financeiras e Instituições de Pagamento",Conglomerado,STONE (conglomerado),21.55,40.0,133.0,1855667.0
2021,4º,"Demais Bancos, Financeiras e Instituições de Pagamento",Banco/financeira,"TODESCREDI S/A - CRÉDITO, FINANCIAMENTO E INVESTIMENTO",,0.0,1.0,37822.0
2021,4º,"Demais Bancos, Financeiras e Instituições de Pagamento",Banco/financeira,VERDE - ADMINISTRADORA DE CARTOES DE CREDITO S.A.,,2.0,11.0,435518.0
2021,4º,"Demais Bancos, Financeiras e Instituições de Pagamento",Banco/financeira,"VIA CERTA FINANCIADORA S.A. - CRÉDITO, FINANCIAMENTO E INVESTIMENTOS",,4.0,9.0,416742.0
2021,4º,"Demais Bancos, Financeiras e Instituições de Pagamento",Conglomerado,VOLKSWAGEN (conglomerado),,13.0,101.0,344355.0
2021,4º,"Demais Bancos, Financeiras e Instituições de Pagamento",Conglomerado,VOLVO (conglomerado),,0.0,3.0,7449.0
2021,4º,"Top 15 - Bancos, Financeiras e Instituições de Pagamento",Conglomerado,VOTORANTIM (conglomerado),9.33,188.0,512.0,20145553.0
2021,4º,"Demais Bancos, Financeiras e Instituições de Pagamento",Conglomerado,WESTERN UNION (conglomerado),,1.0,6.0,1.0
2021,4º,"Demais Bancos, Financeiras e Instituições de Pagamento",Banco/financeira,"WILL FINANCEIRA S.A. CRÉDITO, FINANCIAMENTO E INVESTIMENTO",19.87,41.0,94.0,2062720.0
2021,4º,"Demais Bancos, Financeiras e Instituições de Pagamento",Conglomerado,XP (conglomerado),184.34,70.0,90.0,379732.0
2021,4º,"Demais Bancos, Financeiras e Instituições de Pagamento",Conglomerado,YAMAHA MOTOR (conglomerado),,0.0,23.0,213549.0
2022,1º,"Demais Bancos, Financeiras e Instituições de Pagamento",Conglomerado,ABC-BRASIL (conglomerado),,3.0,8.0,38792.0
2022,1º,"Demais Bancos, Financeiras e Instituições de Pagamento",Banco/financeira,ACESSO SOLUÇÕES DE PAGAMENTO S.A.,13.24,30.0,71.0,2265540.0
2022,1º,"Demais Bancos, Financeiras e Instituições de Pagamento",Conglomerado,AGIBANK (conglomerado),77.63,132.0,434.0,1700228.0
2022,1º,"Demais Bancos, Financeiras e Instituições de Pagamento",Banco/financeira,"AGORACRED S/A SOCIEDADE DE CRÉDITO, FINANCIAMENTO E INVESTIMENTO",,1.0,5.0,497481.0
2022,1º,"Demais Bancos, Financeiras e Instituições de Pagamento",Banco/financeira,"AL5 S.A. CRÉDITO, FINANCIAMENTO E INVESTIMENTO",,0.0,5.0,27283.0
2022,1º,"Demais Bancos, Financeiras e Instituições de Pagamento",Conglomerado,ALFA (conglomerado),,12.0,57.0,418830.0
2022,1º,"Demais Bancos, Financeiras e Instituições de Pagamento",Conglomerado,ANDBANK (conglomerado),,0.0,1.0,4374.0
2022,1º,"Demais Bancos, Financeiras e Instituições de Pagamento",Banco/financeira,ASAAS GESTÃO FINANCEIRA INSTITUIÇÃO DE PAGAMENTO S.A.,,3.0,16.0,296526.0
2022,1º,"Demais Bancos, Financeiras e Instituições de Pagamento",Banco/financeira,BANCO ARBI S.A.,,7.0,20.0,48842.0
2022,1º,"Demais Bancos, Financeiras e Instituições de Pagamento",Banco/financeira,BANCO B3 S.A.,,1.0,4.0,874.0
2022,1º,"Demais Bancos, Financeiras e Instituições de Pagamento",Banco/financeira,BANCO CEDULA S.A.,,0.0,2.0,18016.0
2022,1º,"Demais Bancos, Financeiras e Instituições de Pagamento",Banco/financeira,BANCO CNH INDUSTRIAL CAPITAL S.A.,,2.0,2.0,29075.0
2022,1º,"Demais Bancos, Financeiras e Instituições de Pagamento",Banco/financeira,BANCO CSF S.A.,12.63,94.0,206.0,7437471.0
2022,1º,"Demais Bancos, Financeiras e Instituições de Pagamento",Banco/financeira,BANCO DA AMAZONIA S.A.,,3.0,11.0,563256.0
2022,1º,"Demais Bancos, Financeiras e Instituições de Pagamento",Banco/financeira,BANCO DIGIMAIS S.A.,657.93,217.0,309.0,329820.0
2022,1º,"Demais Bancos, Financeiras e Instituições de Pagamento",Banco/financeira,BANCO DO ESTADO DE SERGIPE S.A.,,21.0,56.0,1106905.0
2022,1º,"Demais Bancos, Financeiras e Instituições de Pagamento",Banco/financeira,BANCO DO ESTADO DO PARÁ S.A.,,19.0,58.0,943319.0
2022,1º,"Demais Bancos, Financeiras e Instituições de Pagamento",Banco/financeira,BANCO DO NORDESTE DO BRASIL S.A.,,9.0,66.0,9079293.0
2022,1º,"Demais Bancos, Financeiras e Instituições de Pagamento",Banco/financeira,BANCO FIBRA S.A.,,1.0,2.0,163906.0
2022,1º,"Demais Bancos, Financeiras e Instituições de Pagamento",Banco/financeira,BANCO FIDIS S/A,,1.0,1.0,892.0
2022,1º,"Demais Bancos, Financeiras e Instituições de Pagamento",Banco/financeira,BANCO HSBC S.A.,,0.0,5.0,3528.0
2022,1º,"Demais Bancos, Financeiras e Instituições de Pagamento",Banco/financeira,BANCO INBURSA S.A.,,12.0,23.0,20983.0
2022,1º,"Demais Bancos, Financeiras e Instituições de Pagamento",Banco/financeira,BANCO INDUSCRED DE INVESTIMENTO S.A.,,1.0,1.0,104.0
2022,1º,"Demais Bancos, Financeiras e Instituições de Pagamento",Banco/financeira,BANCO OURINVEST S.A.,,2.0,11.0,131481.0
2022,1º,"Demais Bancos, Financeiras e Instituições de Pagamento",Banco/financeira,BANCO PAULISTA S.A.,,10.0,10.0,46760.0
2022,1º,"Demais Bancos, Financeiras e Instituições de Pagamento",Banco/financeira,BANCO RABOBANK INTERNATIONAL BRASIL S.A.,,0.0,1.0,3831.0
2022,1º,"Demais Bancos, Financeiras e Instituições de Pagamento",Banco/financeira,BANCO RNX S.A.,,0.0,1.0,2261.0
2022,1º,"Demais Bancos, Financeiras e Instituições de Pagamento",Banco/financeira,BANCO SEMEAR S.A.,,0.0,3.0,311109.0
2022,1º,"Demais Bancos, Financeiras e Instituições de Pagamento",Conglomerado,BANCO SICOOB (conglomerado),,26.0,71.0,5462202.0
2022,1º,"Demais Bancos, Financeiras e Instituições de Pagamento",Banco/financeira,BANCO TOPÁZIO S.A.,,1.0,5.0,13722.0
2022,1º,"Demais Bancos, Financeiras e Instituições de Pagamento",Conglomerado,BANCO TOYOTA DO BRASIL S.A. (conglomerado),,2.0,13.0,151938.0
2022,1º,"Demais Bancos, Financeiras e Instituições de Pagamento",Banco/financeira,BANCO TRIANGULO S.A.,,11.0,43.0,1938394.0
2022,1º,"Demais Bancos, Financeiras e Instituições de Pagamento",Conglomerado,BANESTES (conglomerado),,24.0,65.0,1367792.0
2022,1º,"Demais Bancos, Financeiras e Instituições de Pagamento",Conglomerado,BANRISUL (conglomerado),14.72,75.0,403.0,5091709.0
2022,1º,"Demais Bancos, Financeiras e Instituições de Pagamento",Conglomerado,BARIGUI (conglomerado),,26.0,93.0,309334.0
2022,1º,"Top 15 - Bancos, Financeiras e Instituições de Pagamento",Conglomerado,BB (conglomerado),12.32,891.0,3826.0,72316273.0
2022,1º,"Demais Bancos, Financeiras e Instituições de Pagamento",Banco/financeira,"BECKER FINANCEIRA S.A. - CRÉDITO, FINANCIAMENTO E INVESTIMENTO",,0.0,1.0,146480.0
2022,1º,"Demais Bancos, Financeiras e Instituições de Pagamento",Banco/financeira,"BIORC FINANCEIRA - CRÉDITO, FINANCIAMENTO E INVESTIMENTO S.A.",,0.0,1.0,18268.0
2022,1º,"Top 15 - Bancos, Financeiras e Instituições de Pagamento",Conglomerado,BMG (conglomerado),47.2,489.0,1184.0,10358318.0
2022,1º,"Demais Bancos, Financeiras e Instituições de Pagamento",Conglomerado,BMW (conglomerado),,1.0,4.0,28673.0
2022,1º,"Demais Bancos, Financeiras e Instituições de Pagamento",Conglomerado,BNP PARIBAS (conglomerado),79.87,173.0,544.0,2165958.0
2022,1º,"Demais Bancos, Financeiras e Instituições de Pagamento",Conglomerado,BNQI - FINANCEIRO (conglomerado),,29.0,108.0,
2022,1º,"Demais Bancos, Financeiras e Instituições de Pagamento",Conglomerado,BOCOM (conglomerado),,1.0,1.0,8804.0
2022,1º,"Demais Bancos, Financeiras e Instituições de Pagamento",Conglomerado,BOFA MERRILL LYNCH (conglomerado),,0.0,1.0,4697.0
2022,1º,"Demais Bancos, Financeiras e Instituições de Pagamento",Banco/financeira,BPP INSTITUIÇÃO DE PAGAMENTO S.A.,18.4,36.0,57.0,1955803.0
2022,1º,"Top 15 - Bancos, Financeiras e Instituições de Pagamento",Conglomerado,BRADESCO (conglomerado),25.22,2587.0,8047.0,102567618.0
2022,1º,"Demais Bancos, Financeiras e Instituições de Pagamento",Conglomerado,BRB (conglomerado),51.38,206.0,609.0,4008721.0
2022,1º,"Top 15 - Bancos, Financeiras e Instituições de Pagamento",Conglomerado,BTG PACTUAL/BANCO PAN (conglomerado),68.2,1290.0,2851.0,18913034.0
2022,1º,"Top 15 - Bancos, Financeiras e Instituições de Pagamento",Conglomerado,C6 BANK (conglomerado),77.99,1265.0,3045.0,16218908.0
2022,1º,"Top 15 - Bancos, Financeiras e Instituições de Pagamento",Conglomerado,CAIXA ECONÔMICA FEDERAL (conglomerado),13.17,1911.0,6566.0,145044033.0
2022,1º,"Demais Bancos, Financeiras e Instituições de Pagamento",Banco/financeira,"CARUANA S.A. - SOCIEDADE DE CRÉDITO, FINANCIAMENTO E INVESTIMENTO",,0.0,2.0,60157.0
2022,1º,"Demais Bancos, Financeiras e Instituições de Pagamento",Conglomerado,CCB (conglomerado),,5.0,83.0,183466.0
2022,1º,"Demais Bancos, Financeiras e Instituições de Pagamento",Banco/financeira,CELCOIN INSTITUICAO DE PAGAMENTO S.A.,,5.0,12.0,0.0
2022,1º,"Demais Bancos, Financeiras e Instituições de Pagamento",Banco/financeira,CIELO S.A.,,21.0,73.0,146900.0
2022,1º,"Demais Bancos, Financeiras e Instituições de Pagamento",Conglomerado,CITIBANK (conglomerado),,1.0,8.0,18222.0
2022,1º,"Demais Bancos, Financeiras e Instituições de Pagamento",Conglomerado,COBUCCIO (conglomerado),,8.0,40.0,
2022,1º,"Demais Bancos, Financeiras e Instituições de Pagamento",Conglomerado,COLOMBO (conglomerado),,0.0,6.0,374111.0
2022,1º,"Demais Bancos, Financeiras e Instituições de Pagamento",Conglomerado,CRED-SYSTEM (conglomerado),,22.0,66.0,
2022,1º,"Demais Bancos, Financeiras e Instituições de Pagamento",Banco/financeira,CREDI-SHOP S/A - INSTITUIÇÃO DE PAGAMENTO,,0.0,3.0,718253.0
2022,1º,"Demais Bancos, Financeiras e Instituições de Pagamento",Conglomerado,CREFISA (conglomerado),52.61,160.0,376.0,3040767.0
2022,1º,"Demais Bancos, Financeiras e Instituições de Pagamento",Conglomerado,DAYCOVAL (conglomerado),150.03,205.0,600.0,1366381.0
2022,1º,"Demais Bancos, Financeiras e Instituições de Pagamento",Banco/financeira,EBANX INSTITUICAO DE PAGAMENTOS LTDA.,173.53,93.0,207.0,535917.0
2022,1º,"Demais Bancos, Financeiras e Instituições de Pagamento",Banco/financeira,FACEBOOK INSTITUIÇÃO DE PAGAMENTO DO BRASIL LTDA.,,0.0,1.0,0.0
2022,1º,"Demais Bancos, Financeiras e Instituições de Pagamento",Banco/financeira,FACTA FINANCEIRA S.A. - CRÉDITO FINANCIAMENTO E INVESTIMENTO,134.16,75.0,353.0,559026.0
2022,1º,"Demais Bancos, Financeiras e Instituições de Pagamento",Banco/financeira,"FC FINANCEIRA S.A. - CRÉDITO, FINANCIAMENTO E INVESTIMENTO",,1.0,1.0,17470.0
2022,1º,"Demais Bancos, Financeiras e Instituições de Pagamento",Banco/financeira,"FINAMAX S.A. - CREDITO, FINANCIAMENTO E INVESTIMENTO",,1.0,2.0,85967.0
2022,1º,"Demais Bancos, Financeiras e Instituições de Pagamento",Banco/financeira,FORTBRASIL ADMINISTRADORA DE CARTOES DE CREDITO S/A,,1.0,4.0,653498.0
2022,1º,"Demais Bancos, Financeiras e Instituições de Pagamento",Conglomerado,GENIAL (conglomerado),,11.0,14.0,452120.0
2022,1º,"Demais Bancos, Financeiras e Instituições de Pagamento",Conglomerado,GERENCIANET (conglomerado),,6.0,20.0,296726.0
2022,1º,"Demais Bancos, Financeiras e Instituições de Pagamento",Conglomerado,GM (conglomerado),,3.0,21.0,245739.0
2022,1º,"Demais Bancos, Financeiras e Instituições de Pagamento",Banco/financeira,GREEN NET INSTITUIÇÃO DE PAGAMENTO LTDA,,0.0,1.0,0.0
2022,1º,"Demais Bancos, Financeiras e Instituições de Pagamento",Conglomerado,GRUPO BONSUCESSO - BS2 (conglomerado),74.59,71.0,207.0,951797.0
2022,1º,"Demais Bancos, Financeiras e Instituições de Pagamento",Conglomerado,GRUPO ZEMA (conglomerado),,4.0,12.0,471569.0
2022,1º,"Demais Bancos, Financeiras e Instituições de Pagamento",Conglomerado,HERVAL - HS (conglomerado),,1.0,7.0,203133.0
2022,1º,"Demais Bancos, Financeiras e Instituições de Pagamento",Conglomerado,HONDA (conglomerado),,3.0,11.0,397644.0
2022,1º,"Demais Bancos, Financeiras e Instituições de Pagamento",Banco/financeira,HUB PAGAMENTOS S.A,,18.0,46.0,2891451.0
2022,1º,"Demais Bancos, Financeiras e Instituições de Pagamento",Banco/financeira,ICBC DO BRASIL BANCO MÚLTIPLO S.A.,,0.0,2.0,208.0
2022,1º,"Demais Bancos, Financeiras e Instituições de Pagamento",Conglomerado,INDUSTRIAL DO BRASIL (conglomerado),,5.0,23.0,65379.0
2022,1º,"Top 15 - Bancos, Financeiras e Instituições de Pagamento",Conglomerado,INTER (conglomerado),48.85,833.0,1720.0,17049709.0
2022,1º,"Top 15 - Bancos, Financeiras e Instituições de Pagamento",Conglomerado,ITAU (conglomerado),12.26,1136.0,5422.0,92631221.0
2022,1º,"Demais Bancos, Financeiras e Instituições de Pagamento",Banco/financeira,IUGU INSTITUIÇÃO DE PAGAMENTO S.A.,,7.0,14.0,1381.0
2022,1º,"Demais Bancos, Financeiras e Instituições de Pagamento",Banco/financeira,"JBCRED S.A. SOCIEDADE DE CREDITO, FINANCIAMENTO E INVESTIMENTO",,0.0,9.0,57183.0
2022,1º,"Demais Bancos, Financeiras e Instituições de Pagamento",Conglomerado,JP MORGAN CHASE (conglomerado),,0.0,3.0,4029.0
2022,1º,"Demais Bancos, Financeiras e Instituições de Pagamento",Banco/financeira,"KREDILIG S.A. - CRÉDITO, FINANCIAMENTO E INVESTIMENTO",,0.0,2.0,331957.0
2022,1º,"Demais Bancos, Financeiras e Instituições de Pagamento",Banco/financeira,"LEBES FINANCEIRA S.A. - CRÉDITO, FINANCIAMENTO E INVESTIMENTO",,0.0,2.0,284124.0
2022,1º,"Demais Bancos, Financeiras e Instituições de Pagamento",Banco/financeira,"LECCA CRÉDITO, FINANCIAMENTO E INVESTIMENTO S/A",,2.0,3.0,27174.0
2022,1º,"Demais Bancos, Financeiras e Instituições de Pagamento",Banco/financeira,M PAGAMENTOS S.A. - CRÉDITO FINANCIAMENTO E INVESTIMENTO,,6.0,12.0,667419.0
2022,1º,"Demais Bancos, Financeiras e Instituições de Pagamento",Conglomerado,MASTER (conglomerado),601.71,88.0,185.0,146248.0
2022,1º,"Top 15 - Bancos, Financeiras e Instituições de Pagamento",Conglomerado,MERCADO CRÉDITO (conglomerado),24.96,800.0,2202.0,32050707.0
2022,1º,"Demais Bancos, Financeiras e Instituições de Pagamento",Conglomerado,MERCANTIL DO BRASIL (conglomerado),53.16,255.0,503.0,4796822.0
2022,1º,"Demais Bancos, Financeiras e Instituições de Pagamento",Conglomerado,MERCEDES-BENZ (conglomerado),,0.0,1.0,19627.0
2022,1º,"Top 15 - Bancos, Financeiras e Instituições de Pagamento",Banco/financeira,"MIDWAY S.A. - CRÉDITO, FINANCIAMENTO E INVESTIMENTO",2.87,31.0,164.0,10786244.0
2022,1º,"Demais Bancos, Financeiras e Instituições de Pagamento",Conglomerado,MODAL (conglomerado),,25.0,66.0,1589489.0
2022,1º,"Demais Bancos, Financeiras e Instituições de Pagamento",Banco/financeira,"NEGRESCO S.A. - CREDITO, FINANCIAMENTO E INVESTIMENTOS",,1.0,9.0,448030.0
2022,1º,"Demais Bancos, Financeiras e Instituições de Pagamento",Conglomerado,NEON (conglomerado),441.13,385.0,528.0,872741.0
2022,1º,"Demais Bancos, Financeiras e Instituições de Pagamento",Banco/financeira,NOVO BANCO CONTINENTAL S.A. - BANCO MÚLTIPLO,,3.0,45.0,198099.0
2022,1º,"Top 15 - Bancos, Financeiras e Instituições de Pagamento",Conglomerado,NUBANK (conglomerado),7.48,410.0,1541.0,54748336.0
2022,1º,"Demais Bancos, Financeiras e Instituições de Pagamento",Conglomerado,OMNI (conglomerado),,23.0,141.0,5019455.0
2022,1º,"Top 15 - Bancos, Financeiras e Instituições de Pagamento",Conglomerado,ORIGINAL (conglomerado),21.59,822.0,1925.0,38069786.0
2022,1º,"Top 15 - Bancos, Financeiras e Instituições de Pagamento",Conglomerado,PAGBANK-PAGSEGURO (conglomerado),14.87,345.0,1268.0,23191620.0
2022,1º,"Demais Bancos, Financeiras e Instituições de Pagamento",Conglomerado,PARANÁ BANCO (conglomerado),,21.0,194.0,505065.0
2022,1º,"Demais Bancos, Financeiras e Instituições de Pagamento",Banco/financeira,"PARATI - CREDITO, FINANCIAMENTO E INVESTIMENTO S.A.",,24.0,69.0,45080.0
2022,1º,"Demais Bancos, Financeiras e Instituições de Pagamento",Banco/financeira,PAYPAL DO BRASIL SERVICOS DE PAGAMENTOS LTDA,3.58,34.0,114.0,9476077.0
2022,1º,"Demais Bancos, Financeiras e Instituições de Pagamento",Banco/financeira,"PEFISA S.A. - CRÉDITO, FINANCIAMENTO E INVESTIMENTO",10.57,82.0,130.0,7753628.0
2022,1º,"Demais Bancos, Financeiras e Instituições de Pagamento",Conglomerado,PINE (conglomerado),,1.0,3.0,13027.0
2022,1º,"Demais Bancos, Financeiras e Instituições de Pagamento",Conglomerado,PORTO SEGURO (conglomerado),30.2,100.0,241.0,3310348.0
2022,1º,"Demais Bancos, Financeiras e Instituições de Pagamento",Banco/financeira,"PORTOCRED S.A. - CREDITO, FINANCIAMENTO E INVESTIMENTO",,16.0,44.0,138135.0
2022,1º,"Demais Bancos, Financeiras e Instituições de Pagamento",Banco/financeira,QUERO-QUERO VERDECARD INSTITUIÇÃO DE PAGAMENTO S.A.,,4.0,17.0,389143.0
2022,1º,"Demais Bancos, Financeiras e Instituições de Pagamento",Banco/financeira,"REALIZE CRÉDITO, FINANCIAMENTO E INVESTIMENTO S.A.",,10.0,82.0,5636382.0
2022,1º,"Demais Bancos, Financeiras e Instituições de Pagamento",Conglomerado,RECARGAPAY (conglomerado),,25.0,74.0,
2022,1º,"Demais Bancos, Financeiras e Instituições de Pagamento",Conglomerado,RENDIMENTO (conglomerado),,3.0,21.0,215526.0
2022,1º,"Demais Bancos, Financeiras e Instituições de Pagamento",Banco/financeira,REPOM S.A.,,0.0,1.0,267987.0
2022,1º,"Demais Bancos, Financeiras e Instituições de Pagamento",Conglomerado,RODOBENS (conglomerado),,1.0,3.0,15610.0
2022,1º,"Demais Bancos, Financeiras e Instituições de Pagamento",Banco/financeira,"RPW S/A SOCIEDADE DE CRÉDITO, FINANCIAMENTO E INVESTIMENTO",,0.0,1.0,2385.0
2022,1º,"Demais Bancos, Financeiras e Instituições de Pagamento",Conglomerado,SAFRA (conglomerado),33.93,189.0,873.0,5570140.0
2022,1º,"Top 15 - Bancos, Financeiras e Instituições de Pagamento",Conglomerado,SANTANDER (conglomerado),27.37,1589.0,6113.0,58048730.0
2022,1º,"Demais Bancos, Financeiras e Instituições de Pagamento",Conglomerado,SENFF (conglomerado),,1.0,4.0,193066.0
2022,1º,"Demais Bancos, Financeiras e Instituições de Pagamento",Banco/financeira,"SF3 CRÉDITO, FINANCIAMENTO E INVESTIMENTO S.A.",,0.0,2.0,30878.0
2022,1º,"Demais Bancos, Financeiras e Instituições de Pagamento",Conglomerado,SICREDI (conglomerado),,0.0,1.0,6566416.0
2022,1º,"Demais Bancos, Financeiras e Instituições de Pagamento",Banco/financeira,SOCIAL BANK BANCO MÚLTIPLO S/A,,7.0,15.0,1346.0
2022,1º,"Demais Bancos, Financeiras e Instituições de Pagamento",Conglomerado,SOCIETE GENERALE (conglomerado),,1.0,3.0,480.0
2022,1º,"Demais Bancos, Financeiras e Instituições de Pagamento",Banco/financeira,"SOCINAL S.A. - CRÉDITO, FINANCIAMENTO E INVESTIMENTO",,5.0,16.0,2230.0
2022,1º,"Demais Bancos, Financeiras e Instituições de Pagamento",Conglomerado,SOFISA (conglomerado),,17.0,61.0,465763.0
2022,1º,"Demais Bancos, Financeiras e Instituições de Pagamento",Conglomerado,SOROCRED (conglomerado),,14.0,53.0,294357.0
2022,1º,"Demais Bancos, Financeiras e Instituições de Pagamento",Conglomerado,STONE (conglomerado),54.99,116.0,265.0,2109401.0
2022,1º,"Demais Bancos, Financeiras e Instituições de Pagamento",Banco/financeira,"TENTOS S.A. CRÉDITO, FINANCIAMENTO E INVESTIMENTO",,0.0,1.0,282.0
2022,1º,"Demais Bancos, Financeiras e Instituições de Pagamento",Banco/financeira,"TODESCREDI S/A - CRÉDITO, FINANCIAMENTO E INVESTIMENTO",,0.0,1.0,36500.0
2022,1º,"Demais Bancos, Financeiras e Instituições de Pagamento",Conglomerado,UBS (conglomerado),,0.0,1.0,0.0
2022,1º,"Demais Bancos, Financeiras e Instituições de Pagamento",Banco/financeira,"VIA CERTA FINANCIADORA S.A. - CRÉDITO, FINANCIAMENTO E INVESTIMENTOS",,2.0,6.0,426258.0
2022,1º,"Demais Bancos, Financeiras e Instituições de Pagamento",Conglomerado,VOITER (conglomerado),,1.0,4.0,164166.0
2022,1º,"Demais Bancos, Financeiras e Instituições de Pagamento",Conglomerado,VOLKSWAGEN (conglomerado),,14.0,57.0,327452.0
2022,1º,"Demais Bancos, Financeiras e Instituições de Pagamento",Conglomerado,VOLVO (conglomerado),,0.0,1.0,7774.0
2022,1º,"Top 15 - Bancos, Financeiras e Instituições de Pagamento",Conglomerado,VOTORANTIM (conglomerado),8.17,179.0,502.0,21892612.0
2022,1º,"Demais Bancos, Financeiras e Instituições de Pagamento",Conglomerado,WESTERN UNION (conglomerado),,4.0,8.0,1.0
2022,1º,"Demais Bancos, Financeiras e Instituições de Pagamento",Banco/financeira,"WILL FINANCEIRA S.A. CRÉDITO, FINANCIAMENTO E INVESTIMENTO",,23.0,80.0,2452408.0
2022,1º,"Demais Bancos, Financeiras e Instituições de Pagamento",Conglomerado,XP (conglomerado),166.42,81.0,111.0,486698.0
2022,1º,"Demais Bancos, Financeiras e Instituições de Pagamento",Conglomerado,YAMAHA MOTOR (conglomerado),,2.0,15.0,213551.0
2022,3º,"Demais Bancos, Financeiras e Instituições de Pagamento",Conglomerado,ABC-BRASIL (conglomerado),,4.0,14.0,50720.0
2022,3º,"Demais Bancos, Financeiras e Instituições de Pagamento",Conglomerado,ABN AMRO (conglomerado),,0.0,1.0,0.0
2022,3º,"Demais Bancos, Financeiras e Instituições de Pagamento",Banco/financeira,ACESSO SOLUÇÕES DE PAGAMENTO S.A.,14.7,75.0,212.0,5098671.0
2022,3º,"Demais Bancos, Financeiras e Instituições de Pagamento",Conglomerado,AGIBANK (conglomerado),96.0,182.0,539.0,1895683.0
2022,3º,"Demais Bancos, Financeiras e Instituições de Pagamento",Banco/financeira,"AGORACRED S/A SOCIEDADE DE CRÉDITO, FINANCIAMENTO E INVESTIMENTO",,4.0,10.0,534795.0
2022,3º,"Demais Bancos, Financeiras e Instituições de Pagamento",Banco/financeira,"AL5 S.A. CRÉDITO, FINANCIAMENTO E INVESTIMENTO",,10.0,15.0,30959.0
2022,3º,"Demais Bancos, Financeiras e Instituições de Pagamento",Conglomerado,ALFA (conglomerado),,23.0,80.0,436746.0
2022,3º,"Demais Bancos, Financeiras e Instituições de Pagamento",Banco/financeira,AME DIGITAL BRASIL INSTITUICAO DE PAGAMENTO LTDA,,6.0,127.0,0.0
2022,3º,"Demais Bancos, Financeiras e Instituições de Pagamento",Conglomerado,ANDBANK (conglomerado),,0.0,4.0,4302.0
2022,3º,"Demais Bancos, Financeiras e Instituições de Pagamento",Banco/financeira,ASAAS GESTÃO FINANCEIRA INSTITUIÇÃO DE PAGAMENTO S.A.,,8.0,55.0,404447.0
2022,3º,"Demais Bancos, Financeiras e Instituições de Pagamento",Banco/financeira,BANCO ARBI S.A.,,14.0,22.0,84526.0
2022,3º,"Demais Bancos, Financeiras e Instituições de Pagamento",Banco/financeira,BANCO B3 S.A.,,0.0,2.0,896.0
2022,3º,"Demais Bancos, Financeiras e Instituições de Pagamento",Banco/financeira,BANCO CATERPILLAR S.A.,,1.0,1.0,3325.0
2022,3º,"Demais Bancos, Financeiras e Instituições de Pagamento",Banco/financeira,BANCO CEDULA S.A.,,0.0,2.0,18010.0
2022,3º,"Demais Bancos, Financeiras e Instituições de Pagamento",Banco/financeira,BANCO CNH INDUSTRIAL CAPITAL S.A.,,0.0,4.0,28887.0
2022,3º,"Demais Bancos, Financeiras e Instituições de Pagamento",Banco/financeira,BANCO CSF S.A.,9.98,77.0,192.0,7707988.0
2022,3º,"Demais Bancos, Financeiras e Instituições de Pagamento",Banco/financeira,BANCO DA AMAZONIA S.A.,,6.0,23.0,507169.0
2022,3º,"Demais Bancos, Financeiras e Instituições de Pagamento",Banco/financeira,BANCO DE LA NACION ARGENTINA,,0.0,2.0,267.0
2022,3º,"Demais Bancos, Financeiras e Instituições de Pagamento",Banco/financeira,BANCO DE LAGE LANDEN BRASIL S.A.,,0.0,1.0,35292.0
2022,3º,"Demais Bancos, Financeiras e Instituições de Pagamento",Banco/financeira,BANCO DIGIMAIS S.A.,424.8,132.0,196.0,310734.0
2022,3º,"Demais Bancos, Financeiras e Instituições de Pagamento",Banco/financeira,BANCO DO ESTADO DE SERGIPE S.A.,164.66,139.0,216.0,844129.0
2022,3º,"Demais Bancos, Financeiras e Instituições de Pagamento",Banco/financeira,BANCO DO ESTADO DO PARÁ S.A.,56.38,56.0,107.0,993127.0
2022,3º,"Demais Bancos, Financeiras e Instituições de Pagamento",Banco/financeira,BANCO DO NORDESTE DO BRASIL S.A.,,9.0,98.0,9294372.0
2022,3º,"Demais Bancos, Financeiras e Instituições de Pagamento",Banco/financeira,BANCO FATOR S.A.,,1.0,1.0,13172.0
2022,3º,"Demais Bancos, Financeiras e Instituições de Pagamento",Banco/financeira,BANCO FIBRA S.A.,,0.0,1.0,163544.0
2022,3º,"Demais Bancos, Financeiras e Instituições de Pagamento",Banco/financeira,BANCO HSBC S.A.,,0.0,12.0,3858.0
2022,3º,"Demais Bancos, Financeiras e Instituições de Pagamento",Banco/financeira,BANCO INBURSA S.A.,,10.0,25.0,27585.0
2022,3º,"Demais Bancos, Financeiras e Instituições de Pagamento",Banco/financeira,BANCO JOHN DEERE S.A.,,0.0,1.0,13559.0
2022,3º,"Demais Bancos, Financeiras e Instituições de Pagamento",Banco/financeira,BANCO MIZUHO DO BRASIL S.A.,,1.0,3.0,1249.0
2022,3º,"Demais Bancos, Financeiras e Instituições de Pagamento",Banco/financeira,BANCO OURINVEST S.A.,,6.0,21.0,257799.0
2022,3º,"Demais Bancos, Financeiras e Instituições de Pagamento",Banco/financeira,BANCO PAULISTA S.A.,,13.0,17.0,57603.0
2022,3º,"Demais Bancos, Financeiras e Instituições de Pagamento",Banco/financeira,BANCO RABOBANK INTERNATIONAL BRASIL S.A.,,0.0,1.0,3872.0
2022,3º,"Demais Bancos, Financeiras e Instituições de Pagamento",Banco/financeira,BANCO RIBEIRAO PRETO S.A.,,2.0,2.0,4456.0
2022,3º,"Demais Bancos, Financeiras e Instituições de Pagamento",Banco/financeira,BANCO RNX S.A.,,0.0,1.0,2452.0
2022,3º,"Demais Bancos, Financeiras e Instituições de Pagamento",Banco/financeira,BANCO SEMEAR S.A.,,4.0,20.0,315587.0
2022,3º,"Demais Bancos, Financeiras e Instituições de Pagamento",Conglomerado,BANCO SICOOB (conglomerado),17.47,102.0,225.0,5835765.0
2022,3º,"Demais Bancos, Financeiras e Instituições de Pagamento",Banco/financeira,BANCO TOPÁZIO S.A.,,7.0,23.0,12749.0
2022,3º,"Demais Bancos, Financeiras e Instituições de Pagamento",Conglomerado,BANCO TOYOTA DO BRASIL S.A. (conglomerado),,4.0,28.0,154520.0
2022,3º,"Demais Bancos, Financeiras e Instituições de Pagamento",Banco/financeira,BANCO TRIANGULO S.A.,,8.0,42.0,1740049.0
2022,3º,"Demais Bancos, Financeiras e Instituições de Pagamento",Conglomerado,BANESTES (conglomerado),25.51,36.0,93.0,1410675.0
2022,3º,"Demais Bancos, Financeiras e Instituições de Pagamento",Conglomerado,BANRISUL (conglomerado),7.31,38.0,296.0,5198088.0
2022,3º,"Demais Bancos, Financeiras e Instituições de Pagamento",Conglomerado,BARIGUI (conglomerado),,20.0,105.0,349049.0
2022,3º,"Top 15 - Bancos, Financeiras e Instituições de Pagamento",Conglomerado,BB (conglomerado),12.64,930.0,4309.0,73557524.0
2022,3º,"Demais Bancos, Financeiras e Instituições de Pagamento",Conglomerado,BBC (conglomerado),,3.0,9.0,5872.0
2022,3º,"Demais Bancos, Financeiras e Instituições de Pagamento",Banco/financeira,"BIORC FINANCEIRA - CRÉDITO, FINANCIAMENTO E INVESTIMENTO S.A.",,0.0,1.0,17785.0
2022,3º,"Top 15 - Bancos, Financeiras e Instituições de Pagamento",Conglomerado,BMG (conglomerado),46.87,542.0,1540.0,11561565.0
2022,3º,"Demais Bancos, Financeiras e Instituições de Pagamento",Conglomerado,BMW (conglomerado),,0.0,4.0,31181.0
2022,3º,"Demais Bancos, Financeiras e Instituições de Pagamento",Conglomerado,BNP PARIBAS (conglomerado),42.48,87.0,440.0,2047673.0
2022,3º,"Demais Bancos, Financeiras e Instituições de Pagamento",Conglomerado,BNQI - FINANCEIRO (conglomerado),,29.0,73.0,
2022,3º,"Top 15 - Bancos, Financeiras e Instituições de Pagamento",Conglomerado,BRADESCO (conglomerado),25.18,2564.0,8722.0,101788328.0
2022,3º,"Demais Bancos, Financeiras e Instituições de Pagamento",Conglomerado,BRB (conglomerado),46.81,269.0,710.0,5745833.0
2022,3º,"Demais Bancos, Financeiras e Instituições de Pagamento",Banco/financeira,"BRK S.A. CRÉDITO, FINANCIAMENTO E INVESTIMENTO",,0.0,1.0,23238.0
2022,3º,"Top 15 - Bancos, Financeiras e Instituições de Pagamento",Conglomerado,BTG PACTUAL/BANCO PAN (conglomerado),76.14,1559.0,3075.0,20473165.0
2022,3º,"Top 15 - Bancos, Financeiras e Instituições de Pagamento",Conglomerado,C6 BANK (conglomerado),50.18,1070.0,3330.0,21320772.0
2022,3º,"Top 15 - Bancos, Financeiras e Instituições de Pagamento",Conglomerado,CAIXA ECONÔMICA FEDERAL (conglomerado),17.19,2550.0,8346.0,148308904.0
2022,3º,"Demais Bancos, Financeiras e Instituições de Pagamento",Conglomerado,CAIXA GERAL (conglomerado),,2.0,5.0,982.0
2022,3º,"Demais Bancos, Financeiras e Instituições de Pagamento",Banco/financeira,"CALCRED S.A. - CRÉDITO, FINANCIAMENTO E INVESTIMENTO",,3.0,8.0,163794.0
2022,3º,"Demais Bancos, Financeiras e Instituições de Pagamento",Banco/financeira,"CARUANA S.A. - SOCIEDADE DE CRÉDITO, FINANCIAMENTO E INVESTIMENTO",,6.0,12.0,58790.0
2022,3º,"Demais Bancos, Financeiras e Instituições de Pagamento",Conglomerado,CCB (conglomerado),,4.0,83.0,160508.0
2022,3º,"Demais Bancos, Financeiras e Instituições de Pagamento",Banco/financeira,CELCOIN INSTITUICAO DE PAGAMENTO S.A.,,5.0,23.0,0.0
2022,3º,"Demais Bancos, Financeiras e Instituições de Pagamento",Banco/financeira,"CENTROCRED S.A. CRÉDITO, FINANCIAMENTO E INVESTIMENTOS",,1.0,1.0,110863.0
2022,3º,"Demais Bancos, Financeiras e Instituições de Pagamento",Banco/financeira,CIELO S.A. - INSTITUIÇÃO DE PAGAMENTO,,21.0,87.0,194142.0
2022,3º,"Demais Bancos, Financeiras e Instituições de Pagamento",Conglomerado,CITIBANK (conglomerado),,4.0,25.0,18558.0
2022,3º,"Demais Bancos, Financeiras e Instituições de Pagamento",Conglomerado,COBUCCIO (conglomerado),,10.0,47.0,
2022,3º,"Demais Bancos, Financeiras e Instituições de Pagamento",Conglomerado,COLOMBO (conglomerado),,1.0,9.0,322307.0
2022,3º,"Demais Bancos, Financeiras e Instituições de Pagamento",Banco/financeira,COOPER CARD INSTITUIÇÃO DE PAGAMENTO LTDA.,,0.0,2.0,378360.0
2022,3º,"Demais Bancos, Financeiras e Instituições de Pagamento",Banco/financeira,CREDI-SHOP S/A - INSTITUIÇÃO DE PAGAMENTO,,0.0,2.0,701423.0
2022,3º,"Demais Bancos, Financeiras e Instituições de Pagamento",Conglomerado,CREDIT SUISSE (conglomerado),,0.0,4.0,5997.0
2022,3º,"Demais Bancos, Financeiras e Instituições de Pagamento",Conglomerado,CREDSYSTEM (conglomerado),,18.0,95.0,
2022,3º,"Demais Bancos, Financeiras e Instituições de Pagamento",Conglomerado,CREFISA (conglomerado),22.94,75.0,271.0,3268995.0
2022,3º,"Demais Bancos, Financeiras e Instituições de Pagamento",Conglomerado,DAYCOVAL (conglomerado),110.61,173.0,680.0,1564046.0
2022,3º,"Demais Bancos, Financeiras e Instituições de Pagamento",Banco/financeira,DOCK INSTITUIÇÃO DE PAGAMENTO S.A.,,23.0,57.0,1997904.0
2022,3º,"Demais Bancos, Financeiras e Instituições de Pagamento",Banco/financeira,EBANX INSTITUICAO DE PAGAMENTOS LTDA.,70.09,39.0,114.0,556387.0
2022,3º,"Demais Bancos, Financeiras e Instituições de Pagamento",Banco/financeira,EWALLY INSTITUIÇÃO DE PAGAMENTO S.A.,,4.0,9.0,0.0
2022,3º,"Demais Bancos, Financeiras e Instituições de Pagamento",Banco/financeira,FACEBOOK INSTITUIÇÃO DE PAGAMENTO DO BRASIL LTDA.,,1.0,6.0,0.0
2022,3º,"Demais Bancos, Financeiras e Instituições de Pagamento",Banco/financeira,FACTA FINANCEIRA S.A. - CRÉDITO FINANCIAMENTO E INVESTIMENTO,113.04,79.0,262.0,698817.0
2022,3º,"Demais Bancos, Financeiras e Instituições de Pagamento",Banco/financeira,"FC FINANCEIRA S.A. - CRÉDITO, FINANCIAMENTO E INVESTIMENTO",,1.0,14.0,25394.0
2022,3º,"Demais Bancos, Financeiras e Instituições de Pagamento",Banco/financeira,"FINAMAX S.A. - CREDITO, FINANCIAMENTO E INVESTIMENTO",,1.0,9.0,84947.0
2022,3º,"Demais Bancos, Financeiras e Instituições de Pagamento",Banco/financeira,FITBANK PAGAMENTOS ELETRONICOS S.A.,,5.0,8.0,18359.0
2022,3º,"Demais Bancos, Financeiras e Instituições de Pagamento",Banco/financeira,FLAGSHIP INSTITUICAO DE PAGAMENTOS LTDA,,7.0,15.0,0.0
2022,3º,"Demais Bancos, Financeiras e Instituições de Pagamento",Banco/financeira,FORTBRASIL INSTITUIÇÃO DE PAGAMENTO S/A,,7.0,23.0,697417.0
2022,3º,"Demais Bancos, Financeiras e Instituições de Pagamento",Conglomerado,GAZIN (conglomerado),,0.0,2.0,49647.0
2022,3º,"Demais Bancos, Financeiras e Instituições de Pagamento",Conglomerado,GENIAL (conglomerado),,9.0,20.0,657765.0
2022,3º,"Demais Bancos, Financeiras e Instituições de Pagamento",Conglomerado,GERENCIANET (conglomerado),,13.0,59.0,334816.0
2022,3º,"Demais Bancos, Financeiras e Instituições de Pagamento",Conglomerado,GM (conglomerado),,4.0,30.0,227309.0
2022,3º,"Demais Bancos, Financeiras e Instituições de Pagamento",Banco/financeira,GRANITO INSTITUIÇÃO DE PAGAMENTO S.A.,,4.0,12.0,0.0
2022,3º,"Demais Bancos, Financeiras e Instituições de Pagamento",Conglomerado,GRUPO BONSUCESSO - BS2 (conglomerado),323.09,111.0,334.0,343552.0
2022,3º,"Demais Bancos, Financeiras e Instituições de Pagamento",Conglomerado,GRUPO ZEMA (conglomerado),,1.0,26.0,505005.0
2022,3º,"Demais Bancos, Financeiras e Instituições de Pagamento",Conglomerado,HERVAL - HS (conglomerado),,5.0,15.0,211524.0
2022,3º,"Demais Bancos, Financeiras e Instituições de Pagamento",Conglomerado,HONDA (conglomerado),,9.0,35.0,385212.0
2022,3º,"Demais Bancos, Financeiras e Instituições de Pagamento",Banco/financeira,HUB INSTITUIÇÃO DE PAGAMENTO S.A.,,26.0,104.0,9935547.0
2022,3º,"Demais Bancos, Financeiras e Instituições de Pagamento",Conglomerado,INDUSTRIAL DO BRASIL (conglomerado),,7.0,33.0,69360.0
2022,3º,"Top 15 - Bancos, Financeiras e Instituições de Pagamento",Conglomerado,INTER (conglomerado),36.81,782.0,2143.0,21243511.0
2022,3º,"Top 15 - Bancos, Financeiras e Instituições de Pagamento",Conglomerado,ITAU (conglomerado),14.4,1375.0,5858.0,95481328.0
2022,3º,"Demais Bancos, Financeiras e Instituições de Pagamento",Banco/financeira,IUGU INSTITUIÇÃO DE PAGAMENTO S.A.,,10.0,15.0,2010.0
2022,3º,"Demais Bancos, Financeiras e Instituições de Pagamento",Banco/financeira,"JBCRED S.A. SOCIEDADE DE CREDITO, FINANCIAMENTO E INVESTIMENTO",,1.0,16.0,60558.0
2022,3º,"Demais Bancos, Financeiras e Instituições de Pagamento",Conglomerado,JP MORGAN CHASE (conglomerado),,0.0,4.0,3672.0
2022,3º,"Demais Bancos, Financeiras e Instituições de Pagamento",Banco/financeira,"KREDILIG S.A. - CRÉDITO, FINANCIAMENTO E INVESTIMENTO",,1.0,5.0,314082.0
2022,3º,"Demais Bancos, Financeiras e Instituições de Pagamento",Banco/financeira,"LEBES FINANCEIRA S.A. - CRÉDITO, FINANCIAMENTO E INVESTIMENTO",,5.0,13.0,304471.0
2022,3º,"Demais Bancos, Financeiras e Instituições de Pagamento",Banco/financeira,"LECCA CRÉDITO, FINANCIAMENTO E INVESTIMENTO S/A",,4.0,13.0,24016.0
2022,3º,"Demais Bancos, Financeiras e Instituições de Pagamento",Banco/financeira,M PAGAMENTOS S.A. - CRÉDITO FINANCIAMENTO E INVESTIMENTO,,4.0,14.0,711941.0
2022,3º,"Demais Bancos, Financeiras e Instituições de Pagamento",Banco/financeira,MAG INSTITUICAO DE PAGAMENTO LTDA,,0.0,1.0,0.0
2022,3º,"Demais Bancos, Financeiras e Instituições de Pagamento",Conglomerado,MASTER (conglomerado),373.13,98.0,207.0,262641.0
2022,3º,"Top 15 - Bancos, Financeiras e Instituições de Pagamento",Conglomerado,MERCADO CRÉDITO (conglomerado),22.21,875.0,2363.0,39392090.0
2022,3º,"Demais Bancos, Financeiras e Instituições de Pagamento",Conglomerado,MERCANTIL DO BRASIL (conglomerado),58.42,323.0,624.0,5528253.0
2022,3º,"Demais Bancos, Financeiras e Instituições de Pagamento",Conglomerado,MERCEDES-BENZ (conglomerado),,3.0,11.0,19302.0
2022,3º,"Demais Bancos, Financeiras e Instituições de Pagamento",Banco/financeira,"MIDWAY S.A. - CRÉDITO, FINANCIAMENTO E INVESTIMENTO",5.11,56.0,239.0,10958007.0
2022,3º,"Demais Bancos, Financeiras e Instituições de Pagamento",Conglomerado,MODAL (conglomerado),25.21,44.0,93.0,1745259.0
2022,3º,"Demais Bancos, Financeiras e Instituições de Pagamento",Conglomerado,NACIONAL (conglomerado),,0.0,1.0,61.0
2022,3º,"Demais Bancos, Financeiras e Instituições de Pagamento",Banco/financeira,"NEGRESCO S.A. - CREDITO, FINANCIAMENTO E INVESTIMENTOS",,1.0,6.0,466545.0
2022,3º,"Top 15 - Bancos, Financeiras e Instituições de Pagamento",Conglomerado,NEON (conglomerado),15.59,239.0,466.0,15325349.0
2022,3º,"Demais Bancos, Financeiras e Instituições de Pagamento",Banco/financeira,NOVO BANCO CONTINENTAL S.A. - BANCO MÚLTIPLO,,1.0,37.0,374760.0
2022,3º,"Top 15 - Bancos, Financeiras e Instituições de Pagamento",Conglomerado,NUBANK (conglomerado),9.76,633.0,2378.0,64841518.0
2022,3º,"Demais Bancos, Financeiras e Instituições de Pagamento",Conglomerado,OMNI (conglomerado),10.33,45.0,196.0,4352219.0
2022,3º,"Top 15 - Bancos, Financeiras e Instituições de Pagamento",Conglomerado,ORIGINAL (conglomerado),17.35,732.0,2205.0,42173653.0
2022,3º,"Top 15 - Bancos, Financeiras e Instituições de Pagamento",Conglomerado,PAGBANK-PAGSEGURO (conglomerado),19.73,512.0,1483.0,25948408.0
2022,3º,"Demais Bancos, Financeiras e Instituições de Pagamento",Banco/financeira,PAGUEVELOZ INSTITUIÇÃO DE PAGAMENTO LTDA.,,9.0,17.0,0.0
2022,3º,"Demais Bancos, Financeiras e Instituições de Pagamento",Conglomerado,PARANÁ BANCO (conglomerado),,13.0,157.0,534173.0
2022,3º,"Demais Bancos, Financeiras e Instituições de Pagamento",Banco/financeira,"PARATI - CREDITO, FINANCIAMENTO E INVESTIMENTO S.A.",,23.0,74.0,45764.0
2022,3º,"Demais Bancos, Financeiras e Instituições de Pagamento",Banco/financeira,PAYPAL DO BRASIL SERVICOS DE PAGAMENTOS LTDA,15.77,49.0,173.0,3106019.0
2022,3º,"Demais Bancos, Financeiras e Instituições de Pagamento",Banco/financeira,"PEFISA S.A. - CRÉDITO, FINANCIAMENTO E INVESTIMENTO",13.1,117.0,212.0,8928230.0
2022,3º,"Demais Bancos, Financeiras e Instituições de Pagamento",Banco/financeira,PINBANK BRASIL INSTITUIÇÃO DE PAGAMENTO S.A.,,0.0,1.0,0.0
2022,3º,"Demais Bancos, Financeiras e Instituições de Pagamento",Conglomerado,PINE (conglomerado),,1.0,9.0,50060.0
2022,3º,"Demais Bancos, Financeiras e Instituições de Pagamento",Conglomerado,PORTO SEGURO (conglomerado),41.51,123.0,318.0,2962999.0
2022,3º,"Demais Bancos, Financeiras e Instituições de Pagamento",Banco/financeira,"PORTOCRED S.A. - CREDITO, FINANCIAMENTO E INVESTIMENTO",286.17,34.0,84.0,118808.0
2022,3º,"Demais Bancos, Financeiras e Instituições de Pagamento",Banco/financeira,QUERO-QUERO VERDECARD INSTITUIÇÃO DE PAGAMENTO S.A.,,6.0,20.0,388826.0
2022,3º,"Demais Bancos, Financeiras e Instituições de Pagamento",Banco/financeira,"REALIZE CRÉDITO, FINANCIAMENTO E INVESTIMENTO S.A.",,18.0,128.0,5730050.0
2022,3º,"Demais Bancos, Financeiras e Instituições de Pagamento",Conglomerado,RECARGAPAY (conglomerado),7.64,59.0,140.0,7714549.0
2022,3º,"Demais Bancos, Financeiras e Instituições de Pagamento",Conglomerado,RENDIMENTO (conglomerado),,13.0,34.0,242571.0
2022,3º,"Demais Bancos, Financeiras e Instituições de Pagamento",Banco/financeira,REPOM S.A.,,9.0,12.0,269770.0
2022,3º,"Demais Bancos, Financeiras e Instituições de Pagamento",Conglomerado,RODOBENS (conglomerado),,2.0,15.0,21663.0
2022,3º,"Demais Bancos, Financeiras e Instituições de Pagamento",Banco/financeira,"RPW S/A SOCIEDADE DE CRÉDITO, FINANCIAMENTO E INVESTIMENTO",,0.0,1.0,14817.0
2022,3º,"Demais Bancos, Financeiras e Instituições de Pagamento",Conglomerado,SAFRA (conglomerado),59.27,332.0,1087.0,5601301.0
2022,3º,"Top 15 - Bancos, Financeiras e Instituições de Pagamento",Conglomerado,SANTANDER (conglomerado),28.54,1740.0,6612.0,60961566.0
2022,3º,"Demais Bancos, Financeiras e Instituições de Pagamento",Banco/financeira,"SANTINVEST S.A. - CREDITO, FINANCIAMENTO E INVESTIMENTOS",,1.0,5.0,11605.0
2022,3º,"Demais Bancos, Financeiras e Instituições de Pagamento",Conglomerado,SCANIA (conglomerado),,1.0,1.0,5399.0
2022,3º,"Demais Bancos, Financeiras e Instituições de Pagamento",Conglomerado,SENFF (conglomerado),,8.0,26.0,263286.0
2022,3º,"Demais Bancos, Financeiras e Instituições de Pagamento",Banco/financeira,"SF3 CRÉDITO, FINANCIAMENTO E INVESTIMENTO S.A.",,1.0,4.0,31739.0
2022,3º,"Demais Bancos, Financeiras e Instituições de Pagamento",Banco/financeira,SHPP BRASIL INSTITUIÇÃO DE PAGAMENTO E SERVIÇOS DE PAGAMENTOS LTDA.,,5.0,14.0,0.0
2022,3º,"Demais Bancos, Financeiras e Instituições de Pagamento",Conglomerado,SICREDI (conglomerado),,0.0,9.0,7148115.0
2022,3º,"Demais Bancos, Financeiras e Instituições de Pagamento",Conglomerado,SIMPALA (conglomerado),,1.0,1.0,4670.0
2022,3º,"Demais Bancos, Financeiras e Instituições de Pagamento",Banco/financeira,SOCIAL BANK BANCO MÚLTIPLO S/A,,17.0,19.0,1321.0
2022,3º,"Demais Bancos, Financeiras e Instituições de Pagamento",Banco/financeira,SOCIAL BANK INSTITUIÇÃO DE PAGAMENTO S.A,,2.0,2.0,283011.0
2022,3º,"Demais Bancos, Financeiras e Instituições de Pagamento",Conglomerado,SOCIETE GENERALE (conglomerado),,0.0,1.0,428.0
2022,3º,"Demais Bancos, Financeiras e Instituições de Pagamento",Banco/financeira,"SOCINAL S.A. - CRÉDITO, FINANCIAMENTO E INVESTIMENTO",,3.0,23.0,2234.0
2022,3º,"Demais Bancos, Financeiras e Instituições de Pagamento",Conglomerado,SOFISA (conglomerado),68.21,40.0,96.0,586409.0
2022,3º,"Demais Bancos, Financeiras e Instituições de Pagamento",Conglomerado,SOROCRED (conglomerado),,16.0,88.0,635124.0
2022,3º,"Demais Bancos, Financeiras e Instituições de Pagamento",Banco/financeira,STATE STREET BRASIL S.A. - BANCO COMERCIAL,,0.0,1.0,1.0
2022,3º,"Demais Bancos, Financeiras e Instituições de Pagamento",Conglomerado,STONE (conglomerado),55.91,145.0,696.0,2593141.0
2022,3º,"Demais Bancos, Financeiras e Instituições de Pagamento",Conglomerado,SUMUP (conglomerado),,0.0,2.0,
2022,3º,"Demais Bancos, Financeiras e Instituições de Pagamento",Banco/financeira,U4CRYPTO INSTITUIÇÃO DE PAGAMENTO SA,,11.0,20.0,0.0
2022,3º,"Demais Bancos, Financeiras e Instituições de Pagamento",Conglomerado,UBS (conglomerado),,0.0,1.0,0.0
2022,3º,"Demais Bancos, Financeiras e Instituições de Pagamento",Banco/financeira,"VIA CERTA FINANCIADORA S.A. - CRÉDITO, FINANCIAMENTO E INVESTIMENTOS",,2.0,9.0,459801.0
2022,3º,"Demais Bancos, Financeiras e Instituições de Pagamento",Conglomerado,VOITER (conglomerado),,0.0,7.0,201484.0
2022,3º,"Demais Bancos, Financeiras e Instituições de Pagamento",Conglomerado,VOLKSWAGEN (conglomerado),,14.0,110.0,324006.0
2022,3º,"Demais Bancos, Financeiras e Instituições de Pagamento",Conglomerado,VOLVO (conglomerado),,0.0,1.0,8510.0
2022,3º,"Top 15 - Bancos, Financeiras e Instituições de Pagamento",Conglomerado,VOTORANTIM (conglomerado),20.82,293.0,861.0,14072909.0
2022,3º,"Demais Bancos, Financeiras e Instituições de Pagamento",Conglomerado,VR (conglomerado),,3.0,4.0,77.0
2022,3º,"Demais Bancos, Financeiras e Instituições de Pagamento",Conglomerado,WESTERN UNION (conglomerado),,4.0,8.0,1.0
2022,3º,"Demais Bancos, Financeiras e Instituições de Pagamento",Conglomerado,WILL (conglomerado),60.5,200.0,489.0,3305651.0
2022,3º,"Demais Bancos, Financeiras e Instituições de Pagamento",Banco/financeira,WORLDPAY DO BRASIL INSTITUICAO DE PAGAMENTO LTDA,,0.0,1.0,55.0
2022,3º,"Demais Bancos, Financeiras e Instituições de Pagamento",Conglomerado,XP (conglomerado),110.18,91.0,135.0,825881.0
2022,3º,"Demais Bancos, Financeiras e Instituições de Pagamento",Conglomerado,YAMAHA MOTOR (conglomerado),,2.0,39.0,215003.0
2022,4º,"Demais Bancos, Financeiras e Instituições de Pagamento",Conglomerado,ABC-BRASIL (conglomerado),,11.0,17.0,55693.0
2022,4º,"Demais Bancos, Financeiras e Instituições de Pagamento",Banco/financeira,ACESSO SOLUÇÕES DE PAGAMENTO S.A. - INSTITUIÇÃO DE PAGAMENTO,15.52,86.0,179.0,5538591.0
2022,4º,"Demais Bancos, Financeiras e Instituições de Pagamento",Banco/financeira,ACG INSTITUIÇÃO DE PAGAMENTO S.A.,,1.0,2.0,51711.0
2022,4º,"Demais Bancos, Financeiras e Instituições de Pagamento",Conglomerado,AFINZ (conglomerado),,17.0,62.0,483968.0
2022,4º,"Demais Bancos, Financeiras e Instituições de Pagamento",Conglomerado,AGIBANK (conglomerado),112.41,224.0,545.0,1992640.0
2022,4º,"Demais Bancos, Financeiras e Instituições de Pagamento",Banco/financeira,"AGORACRED S/A SOCIEDADE DE CRÉDITO, FINANCIAMENTO E INVESTIMENTO",,2.0,8.0,549291.0
2022,4º,"Demais Bancos, Financeiras e Instituições de Pagamento",Banco/financeira,"AL5 S.A. CRÉDITO, FINANCIAMENTO E INVESTIMENTO",,5.0,5.0,31644.0
2022,4º,"Demais Bancos, Financeiras e Instituições de Pagamento",Conglomerado,ALFA (conglomerado),,7.0,36.0,439630.0
2022,4º,"Top 15 - Bancos, Financeiras e Instituições de Pagamento",Banco/financeira,AME DIGITAL BRASIL INSTITUICAO DE PAGAMENTO LTDA,1.28,40.0,92.0,31101626.0
2022,4º,"Demais Bancos, Financeiras e Instituições de Pagamento",Conglomerado,ANDBANK (conglomerado),,0.0,5.0,31197.0
2022,4º,"Demais Bancos, Financeiras e Instituições de Pagamento",Conglomerado,ASAAS (conglomerado),,15.0,62.0,0.0
2022,4º,"Demais Bancos, Financeiras e Instituições de Pagamento",Banco/financeira,BANCO ARBI S.A.,,6.0,15.0,89501.0
2022,4º,"Demais Bancos, Financeiras e Instituições de Pagamento",Banco/financeira,BANCO B3 S.A.,,1.0,4.0,1160.0
2022,4º,"Demais Bancos, Financeiras e Instituições de Pagamento",Banco/financeira,BANCO CNH INDUSTRIAL CAPITAL S.A.,,0.0,7.0,29965.0
2022,4º,"Demais Bancos, Financeiras e Instituições de Pagamento",Banco/financeira,BANCO CSF S.A.,6.31,51.0,165.0,8070375.0
2022,4º,"Demais Bancos, Financeiras e Instituições de Pagamento",Banco/financeira,BANCO DA AMAZONIA S.A.,,2.0,9.0,587752.0
2022,4º,"Demais Bancos, Financeiras e Instituições de Pagamento",Banco/financeira,BANCO DIGIMAIS S.A.,170.35,56.0,141.0,328722.0
2022,4º,"Demais Bancos, Financeiras e Instituições de Pagamento",Banco/financeira,BANCO DO ESTADO DE SERGIPE S.A.,,29.0,74.0,1128708.0
2022,4º,"Demais Bancos, Financeiras e Instituições de Pagamento",Banco/financeira,BANCO DO ESTADO DO PARÁ S.A.,33.68,34.0,65.0,1009445.0
2022,4º,"Demais Bancos, Financeiras e Instituições de Pagamento",Banco/financeira,BANCO DO NORDESTE DO BRASIL S.A.,,7.0,61.0,9384798.0
2022,4º,"Demais Bancos, Financeiras e Instituições de Pagamento",Banco/financeira,BANCO HSBC S.A.,,0.0,7.0,4057.0
2022,4º,"Demais Bancos, Financeiras e Instituições de Pagamento",Banco/financeira,BANCO INBURSA S.A.,,16.0,27.0,39104.0
2022,4º,"Demais Bancos, Financeiras e Instituições de Pagamento",Banco/financeira,BANCO JOHN DEERE S.A.,,0.0,1.0,13833.0
2022,4º,"Demais Bancos, Financeiras e Instituições de Pagamento",Banco/financeira,BANCO MONEO S.A.,,0.0,1.0,1135.0
2022,4º,"Demais Bancos, Financeiras e Instituições de Pagamento",Banco/financeira,BANCO OURINVEST S.A.,,1.0,11.0,307501.0
2022,4º,"Demais Bancos, Financeiras e Instituições de Pagamento",Banco/financeira,BANCO PAULISTA S.A.,,11.0,19.0,86056.0
2022,4º,"Demais Bancos, Financeiras e Instituições de Pagamento",Banco/financeira,BANCO RABOBANK INTERNATIONAL BRASIL S.A.,,0.0,1.0,3898.0
2022,4º,"Demais Bancos, Financeiras e Instituições de Pagamento",Banco/financeira,BANCO RIBEIRAO PRETO S.A.,,0.0,1.0,4759.0
2022,4º,"Demais Bancos, Financeiras e Instituições de Pagamento",Banco/financeira,BANCO SEMEAR S.A.,,0.0,7.0,312515.0
2022,4º,"Demais Bancos, Financeiras e Instituições de Pagamento",Conglomerado,BANCO SICOOB (conglomerado),8.44,51.0,143.0,6040091.0
2022,4º,"Demais Bancos, Financeiras e Instituições de Pagamento",Banco/financeira,BANCO SUMITOMO MITSUI BRASILEIRO S.A.,,0.0,1.0,1180.0
2022,4º,"Demais Bancos, Financeiras e Instituições de Pagamento",Banco/financeira,BANCO TOPÁZIO S.A.,,4.0,15.0,12744.0
2022,4º,"Demais Bancos, Financeiras e Instituições de Pagamento",Conglomerado,BANCO TOYOTA DO BRASIL S.A. (conglomerado),,0.0,10.0,155246.0
2022,4º,"Demais Bancos, Financeiras e Instituições de Pagamento",Banco/financeira,BANCO TRIANGULO S.A.,,7.0,33.0,1744811.0
2022,4º,"Demais Bancos, Financeiras e Instituições de Pagamento",Banco/financeira,BANCO TRICURY S.A.,,0.0,1.0,972.0
2022,4º,"Demais Bancos, Financeiras e Instituições de Pagamento",Conglomerado,BANESTES (conglomerado),,25.0,52.0,1427677.0
2022,4º,"Demais Bancos, Financeiras e Instituições de Pagamento",Conglomerado,BANRISUL (conglomerado),6.33,33.0,383.0,5213189.0
2022,4º,"Demais Bancos, Financeiras e Instituições de Pagamento",Conglomerado,BARIGUI (conglomerado),84.3,30.0,76.0,355853.0
2022,4º,"Top 15 - Bancos, Financeiras e Instituições de Pagamento",Conglomerado,BB (conglomerado),8.22,610.0,3435.0,74126665.0
2022,4º,"Demais Bancos, Financeiras e Instituições de Pagamento",Conglomerado,BBC (conglomerado),,1.0,10.0,6609.0
2022,4º,"Demais Bancos, Financeiras e Instituições de Pagamento",Banco/financeira,"BECKER FINANCEIRA S.A. - CRÉDITO, FINANCIAMENTO E INVESTIMENTO",,0.0,1.0,198148.0
2022,4º,"Demais Bancos, Financeiras e Instituições de Pagamento",Banco/financeira,"BIORC FINANCEIRA - CRÉDITO, FINANCIAMENTO E INVESTIMENTO S.A.",,1.0,2.0,254.0
2022,4º,"Demais Bancos, Financeiras e Instituições de Pagamento",Conglomerado,BMG (conglomerado),53.88,661.0,1693.0,12267412.0
2022,4º,"Demais Bancos, Financeiras e Instituições de Pagamento",Conglomerado,BMW (conglomerado),,1.0,3.0,32997.0
2022,4º,"Demais Bancos, Financeiras e Instituições de Pagamento",Conglomerado,BNP PARIBAS (conglomerado),32.84,63.0,391.0,1917938.0
2022,4º,"Demais Bancos, Financeiras e Instituições de Pagamento",Conglomerado,BNQI - FINANCEIRO (conglomerado),,29.0,77.0,0.0
2022,4º,"Demais Bancos, Financeiras e Instituições de Pagamento",Conglomerado,BOFA MERRILL LYNCH (conglomerado),,0.0,2.0,4928.0
2022,4º,"Top 15 - Bancos, Financeiras e Instituições de Pagamento",Conglomerado,BRADESCO (conglomerado),21.64,2225.0,6878.0,102814534.0
2022,4º,"Demais Bancos, Financeiras e Instituições de Pagamento",Conglomerado,BRB (conglomerado),38.57,233.0,657.0,6040929.0
2022,4º,"Demais Bancos, Financeiras e Instituições de Pagamento",Banco/financeira,"BRK S.A. CRÉDITO, FINANCIAMENTO E INVESTIMENTO",,0.0,2.0,25477.0
2022,4º,"Top 15 - Bancos, Financeiras e Instituições de Pagamento",Conglomerado,BTG PACTUAL/BANCO PAN (conglomerado),76.13,1613.0,3093.0,21185674.0
2022,4º,"Top 15 - Bancos, Financeiras e Instituições de Pagamento",Conglomerado,C6 BANK (conglomerado),33.13,759.0,2678.0,22905869.0
2022,4º,"Top 15 - Bancos, Financeiras e Instituições de Pagamento",Conglomerado,CAIXA ECONÔMICA FEDERAL (conglomerado),12.08,1790.0,6142.0,148128348.0
2022,4º,"Demais Bancos, Financeiras e Instituições de Pagamento",Conglomerado,CAIXA GERAL (conglomerado),,1.0,2.0,1006.0
2022,4º,"Demais Bancos, Financeiras e Instituições de Pagamento",Banco/financeira,"CALCRED S.A. - CRÉDITO, FINANCIAMENTO E INVESTIMENTO",,2.0,2.0,181452.0
2022,4º,"Demais Bancos, Financeiras e Instituições de Pagamento",Banco/financeira,"CARUANA S.A. - SOCIEDADE DE CRÉDITO, FINANCIAMENTO E INVESTIMENTO",,2.0,8.0,59548.0
2022,4º,"Demais Bancos, Financeiras e Instituições de Pagamento",Conglomerado,CCB (conglomerado),,5.0,42.0,153165.0
2022,4º,"Demais Bancos, Financeiras e Instituições de Pagamento",Banco/financeira,CELCOIN INSTITUICAO DE PAGAMENTO S.A.,,18.0,25.0,0.0
2022,4º,"Demais Bancos, Financeiras e Instituições de Pagamento",Banco/financeira,"CENTROCRED S.A. CRÉDITO, FINANCIAMENTO E INVESTIMENTOS",,0.0,1.0,110120.0
2022,4º,"Demais Bancos, Financeiras e Instituições de Pagamento",Banco/financeira,CIELO S.A. - INSTITUIÇÃO DE PAGAMENTO,,14.0,68.0,213990.0
2022,4º,"Demais Bancos, Financeiras e Instituições de Pagamento",Conglomerado,CITIBANK (conglomerado),,2.0,19.0,18935.0
2022,4º,"Demais Bancos, Financeiras e Instituições de Pagamento",Banco/financeira,CLOUDWALK INSTITUIÇÃO DE PAGAMENTO E SERVICOS LTDA,,7.0,30.0,0.0
2022,4º,"Demais Bancos, Financeiras e Instituições de Pagamento",Conglomerado,COBUCCIO (conglomerado),,16.0,69.0,752805.0
2022,4º,"Demais Bancos, Financeiras e Instituições de Pagamento",Conglomerado,COLOMBO (conglomerado),,1.0,4.0,322448.0
2022,4º,"Demais Bancos, Financeiras e Instituições de Pagamento",Banco/financeira,COOPER CARD INSTITUIÇÃO DE PAGAMENTO LTDA.,,1.0,2.0,392951.0
2022,4º,"Demais Bancos, Financeiras e Instituições de Pagamento",Conglomerado,CREDSYSTEM (conglomerado),,5.0,34.0,4235510.0
2022,4º,"Demais Bancos, Financeiras e Instituições de Pagamento",Conglomerado,CREFISA (conglomerado),23.81,84.0,312.0,3526710.0
2022,4º,"Demais Bancos, Financeiras e Instituições de Pagamento",Conglomerado,DAYCOVAL (conglomerado),103.22,180.0,796.0,1743806.0
2022,4º,"Demais Bancos, Financeiras e Instituições de Pagamento",Banco/financeira,DOCK INSTITUIÇÃO DE PAGAMENTO S.A.,,20.0,34.0,2013085.0
2022,4º,"Demais Bancos, Financeiras e Instituições de Pagamento",Banco/financeira,EBANX INSTITUICAO DE PAGAMENTOS LTDA.,,27.0,67.0,559116.0
2022,4º,"Demais Bancos, Financeiras e Instituições de Pagamento",Banco/financeira,EWALLY INSTITUIÇÃO DE PAGAMENTO S.A.,,2.0,5.0,0.0
2022,4º,"Demais Bancos, Financeiras e Instituições de Pagamento",Banco/financeira,FACEBOOK INSTITUIÇÃO DE PAGAMENTO DO BRASIL LTDA.,,1.0,2.0,0.0
2022,4º,"Demais Bancos, Financeiras e Instituições de Pagamento",Banco/financeira,FACTA FINANCEIRA S.A. - CRÉDITO FINANCIAMENTO E INVESTIMENTO,396.37,352.0,676.0,888045.0
2022,4º,"Demais Bancos, Financeiras e Instituições de Pagamento",Banco/financeira,"FC FINANCEIRA S.A. - CRÉDITO, FINANCIAMENTO E INVESTIMENTO",,15.0,22.0,21602.0
2022,4º,"Demais Bancos, Financeiras e Instituições de Pagamento",Banco/financeira,"FINAMAX S.A. - CREDITO, FINANCIAMENTO E INVESTIMENTO",,1.0,3.0,83736.0
2022,4º,"Demais Bancos, Financeiras e Instituições de Pagamento",Conglomerado,FINAXIS (conglomerado),,0.0,1.0,3907.0
2022,4º,"Demais Bancos, Financeiras e Instituições de Pagamento",Banco/financeira,FISERV DO BRASIL  INSTITUIÇÃO DE PAGAMENTO LTDA,,0.0,2.0,93.0
2022,4º,"Demais Bancos, Financeiras e Instituições de Pagamento",Banco/financeira,FITBANK INSTITUIÇÃO DE PAGAMENTOS ELETRÔNICOS S.A.,,4.0,5.0,29083.0
2022,4º,"Demais Bancos, Financeiras e Instituições de Pagamento",Banco/financeira,FLAGSHIP INSTITUICAO DE PAGAMENTOS LTDA,,1.0,7.0,73806.0
2022,4º,"Demais Bancos, Financeiras e Instituições de Pagamento",Banco/financeira,FORTBRASIL INSTITUIÇÃO DE PAGAMENTO S/A,,4.0,16.0,624574.0
2022,4º,"Demais Bancos, Financeiras e Instituições de Pagamento",Conglomerado,GAZIN (conglomerado),,0.0,1.0,52007.0
2022,4º,"Demais Bancos, Financeiras e Instituições de Pagamento",Conglomerado,GENIAL (conglomerado),,9.0,13.0,734186.0
2022,4º,"Demais Bancos, Financeiras e Instituições de Pagamento",Conglomerado,GERENCIANET (conglomerado),,8.0,23.0,345269.0
2022,4º,"Demais Bancos, Financeiras e Instituições de Pagamento",Conglomerado,GM (conglomerado),,1.0,15.0,221613.0
2022,4º,"Demais Bancos, Financeiras e Instituições de Pagamento",Banco/financeira,GRANITO INSTITUIÇÃO DE PAGAMENTO S.A.,,3.0,5.0,60.0
2022,4º,"Demais Bancos, Financeiras e Instituições de Pagamento",Conglomerado,GRUPO BONSUCESSO - BS2 (conglomerado),375.26,122.0,215.0,325107.0
2022,4º,"Demais Bancos, Financeiras e Instituições de Pagamento",Conglomerado,GRUPO ZEMA (conglomerado),,1.0,17.0,537686.0
2022,4º,"Demais Bancos, Financeiras e Instituições de Pagamento",Conglomerado,HERVAL - HS (conglomerado),,1.0,11.0,218105.0
2022,4º,"Demais Bancos, Financeiras e Instituições de Pagamento",Conglomerado,HONDA (conglomerado),,6.0,21.0,358758.0
2022,4º,"Demais Bancos, Financeiras e Instituições de Pagamento",Banco/financeira,HUB INSTITUIÇÃO DE PAGAMENTO S.A.,3.26,36.0,102.0,11021807.0
2022,4º,"Demais Bancos, Financeiras e Instituições de Pagamento",Conglomerado,INDUSTRIAL DO BRASIL (conglomerado),,4.0,19.0,69669.0
2022,4º,"Top 15 - Bancos, Financeiras e Instituições de Pagamento",Conglomerado,INTER (conglomerado),36.9,857.0,1711.0,23219194.0
2022,4º,"Top 15 - Bancos, Financeiras e Instituições de Pagamento",Conglomerado,ITAU (conglomerado),15.26,1492.0,6109.0,97712980.0
2022,4º,"Demais Bancos, Financeiras e Instituições de Pagamento",Banco/financeira,IUGU INSTITUIÇÃO DE PAGAMENTO S.A.,,8.0,16.0,2365.0
2022,4º,"Demais Bancos, Financeiras e Instituições de Pagamento",Banco/financeira,"JBCRED S.A. SOCIEDADE DE CREDITO, FINANCIAMENTO E INVESTIMENTO",,0.0,10.0,60391.0
2022,4º,"Demais Bancos, Financeiras e Instituições de Pagamento",Conglomerado,JP MORGAN CHASE (conglomerado),,0.0,1.0,0.0
2022,4º,"Demais Bancos, Financeiras e Instituições de Pagamento",Banco/financeira,"KREDILIG S.A. - CRÉDITO, FINANCIAMENTO E INVESTIMENTO",,1.0,4.0,319580.0
2022,4º,"Demais Bancos, Financeiras e Instituições de Pagamento",Banco/financeira,"LEBES FINANCEIRA S.A. - CRÉDITO, FINANCIAMENTO E INVESTIMENTO",,5.0,12.0,334203.0
2022,4º,"Demais Bancos, Financeiras e Instituições de Pagamento",Banco/financeira,"LECCA CRÉDITO, FINANCIAMENTO E INVESTIMENTO S/A",,1.0,6.0,27489.0
2022,4º,"Demais Bancos, Financeiras e Instituições de Pagamento",Banco/financeira,M PAGAMENTOS S.A. - CRÉDITO FINANCIAMENTO E INVESTIMENTO,,1.0,13.0,519067.0
2022,4º,"Demais Bancos, Financeiras e Instituições de Pagamento",Conglomerado,MASTER (conglomerado),638.66,265.0,512.0,414928.0
2022,4º,"Top 15 - Bancos, Financeiras e Instituições de Pagamento",Conglomerado,MERCADO CRÉDITO (conglomerado),18.07,779.0,1924.0,43102757.0
2022,4º,"Demais Bancos, Financeiras e Instituições de Pagamento",Conglomerado,MERCANTIL DO BRASIL (conglomerado),48.4,279.0,557.0,5764031.0
2022,4º,"Demais Bancos, Financeiras e Instituições de Pagamento",Conglomerado,MERCEDES-BENZ (conglomerado),,2.0,8.0,19240.0
2022,4º,"Demais Bancos, Financeiras e Instituições de Pagamento",Banco/financeira,"MIDWAY S.A. - CRÉDITO, FINANCIAMENTO E INVESTIMENTO",4.06,33.0,149.0,8108375.0
2022,4º,"Demais Bancos, Financeiras e Instituições de Pagamento",Conglomerado,MODAL (conglomerado),,25.0,64.0,1789775.0
2022,4º,"Demais Bancos, Financeiras e Instituições de Pagamento",Banco/financeira,"NEGRESCO S.A. - CREDITO, FINANCIAMENTO E INVESTIMENTOS",,0.0,1.0,478360.0
2022,4º,"Top 15 - Bancos, Financeiras e Instituições de Pagamento",Conglomerado,NEON (conglomerado),11.75,195.0,412.0,16586111.0
2022,4º,"Demais Bancos, Financeiras e Instituições de Pagamento",Banco/financeira,NOVO BANCO CONTINENTAL S.A. - BANCO MÚLTIPLO,,0.0,23.0,544311.0
2022,4º,"Top 15 - Bancos, Financeiras e Instituições de Pagamento",Conglomerado,NUBANK (conglomerado),6.9,477.0,1946.0,69077761.0
2022,4º,"Demais Bancos, Financeiras e Instituições de Pagamento",Conglomerado,OMNI (conglomerado),,22.0,113.0,4408458.0
2022,4º,"Top 15 - Bancos, Financeiras e Instituições de Pagamento",Conglomerado,ORIGINAL (conglomerado),14.35,689.0,1788.0,47994411.0
2022,4º,"Top 15 - Bancos, Financeiras e Instituições de Pagamento",Conglomerado,PAGBANK-PAGSEGURO (conglomerado),23.52,652.0,1454.0,27716605.0
2022,4º,"Demais Bancos, Financeiras e Instituições de Pagamento",Banco/financeira,PAGUEVELOZ INSTITUIÇÃO DE PAGAMENTO LTDA.,,8.0,17.0,0.0
2022,4º,"Demais Bancos, Financeiras e Instituições de Pagamento",Conglomerado,PARANÁ BANCO (conglomerado),,22.0,168.0,546784.0
2022,4º,"Demais Bancos, Financeiras e Instituições de Pagamento",Banco/financeira,"PARATI - CREDITO, FINANCIAMENTO E INVESTIMENTO S.A.",,27.0,88.0,95648.0
2022,4º,"Demais Bancos, Financeiras e Instituições de Pagamento",Banco/financeira,PAYPAL DO BRASIL SERVICOS DE PAGAMENTOS LTDA,189.44,34.0,80.0,179473.0
2022,4º,"Demais Bancos, Financeiras e Instituições de Pagamento",Banco/financeira,"PEFISA S.A. - CRÉDITO, FINANCIAMENTO E INVESTIMENTO",11.43,106.0,176.0,9273360.0
2022,4º,"Demais Bancos, Financeiras e Instituições de Pagamento",Banco/financeira,PINBANK BRASIL INSTITUIÇÃO DE PAGAMENTO S.A.,,1.0,1.0,0.0
2022,4º,"Demais Bancos, Financeiras e Instituições de Pagamento",Conglomerado,PINE (conglomerado),,0.0,3.0,119595.0
2022,4º,"Demais Bancos, Financeiras e Instituições de Pagamento",Conglomerado,PORTO SEGURO (conglomerado),59.1,177.0,408.0,2994558.0
2022,4º,"Demais Bancos, Financeiras e Instituições de Pagamento",Banco/financeira,"PORTOCRED S.A. - CREDITO, FINANCIAMENTO E INVESTIMENTO",,12.0,42.0,118063.0
2022,4º,"Demais Bancos, Financeiras e Instituições de Pagamento",Banco/financeira,QUERO-QUERO VERDECARD INSTITUIÇÃO DE PAGAMENTO S.A.,,0.0,11.0,580387.0
2022,4º,"Demais Bancos, Financeiras e Instituições de Pagamento",Banco/financeira,"REALIZE CRÉDITO, FINANCIAMENTO E INVESTIMENTO S.A.",,13.0,93.0,5561332.0
2022,4º,"Demais Bancos, Financeiras e Instituições de Pagamento",Conglomerado,RECARGAPAY (conglomerado),7.01,53.0,100.0,7559390.0
2022,4º,"Demais Bancos, Financeiras e Instituições de Pagamento",Conglomerado,RENDIMENTO (conglomerado),,2.0,18.0,259475.0
2022,4º,"Demais Bancos, Financeiras e Instituições de Pagamento",Banco/financeira,REPOM S.A.,,2.0,2.0,270013.0
2022,4º,"Demais Bancos, Financeiras e Instituições de Pagamento",Conglomerado,RODOBENS (conglomerado),,2.0,17.0,27298.0
2022,4º,"Demais Bancos, Financeiras e Instituições de Pagamento",Conglomerado,SAFRA (conglomerado),63.88,369.0,1052.0,5775583.0
2022,4º,"Top 15 - Bancos, Financeiras e Instituições de Pagamento",Conglomerado,SANTANDER (conglomerado),21.05,1306.0,6018.0,62028657.0
2022,4º,"Demais Bancos, Financeiras e Instituições de Pagamento",Banco/financeira,"SANTINVEST S.A. - CREDITO, FINANCIAMENTO E INVESTIMENTOS",,0.0,6.0,11724.0
2022,4º,"Demais Bancos, Financeiras e Instituições de Pagamento",Conglomerado,SENFF (conglomerado),,5.0,22.0,474751.0
2022,4º,"Demais Bancos, Financeiras e Instituições de Pagamento",Banco/financeira,"SF3 CRÉDITO, FINANCIAMENTO E INVESTIMENTO S.A.",,0.0,1.0,19076.0
2022,4º,"Demais Bancos, Financeiras e Instituições de Pagamento",Banco/financeira,SHPP BRASIL INSTITUIÇÃO DE PAGAMENTO E SERVIÇOS DE PAGAMENTOS LTDA.,,21.0,76.0,0.0
2022,4º,"Demais Bancos, Financeiras e Instituições de Pagamento",Conglomerado,SICREDI (conglomerado),,0.0,1.0,7410928.0
2022,4º,"Demais Bancos, Financeiras e Instituições de Pagamento",Conglomerado,SINOSSERRA (conglomerado),,2.0,3.0,9868.0
2022,4º,"Demais Bancos, Financeiras e Instituições de Pagamento",Banco/financeira,SOCIAL BANK BANCO MÚLTIPLO S/A,,7.0,9.0,1258.0
2022,4º,"Demais Bancos, Financeiras e Instituições de Pagamento",Banco/financeira,SOCIAL BANK INSTITUIÇÃO DE PAGAMENTO S.A,,4.0,5.0,301235.0
2022,4º,"Demais Bancos, Financeiras e Instituições de Pagamento",Banco/financeira,"SOCINAL S.A. - CRÉDITO, FINANCIAMENTO E INVESTIMENTO",,27.0,56.0,2471.0
2022,4º,"Demais Bancos, Financeiras e Instituições de Pagamento",Conglomerado,SOFISA (conglomerado),,23.0,67.0,672226.0
2022,4º,"Demais Bancos, Financeiras e Instituições de Pagamento",Banco/financeira,STARA FINANCEIRA S.A. - CRÉDITO FINANCIAMENTO E INVESTIMENTO,,0.0,1.0,771.0
2022,4º,"Demais Bancos, Financeiras e Instituições de Pagamento",Conglomerado,STONE (conglomerado),14.82,42.0,160.0,2832151.0
2022,4º,"Demais Bancos, Financeiras e Instituições de Pagamento",Banco/financeira,STRIPE BRASIL SOLUCOES DE PAGAMENTO INSTITUICAO DE PAGAMENTO LTDA,,0.0,4.0,74.0
2022,4º,"Demais Bancos, Financeiras e Instituições de Pagamento",Conglomerado,SUMUP (conglomerado),,10.0,20.0,113.0
2022,4º,"Demais Bancos, Financeiras e Instituições de Pagamento",Banco/financeira,U4C INSTITUIÇÃO DE PAGAMENTO S.A.,,3.0,7.0,0.0
2022,4º,"Demais Bancos, Financeiras e Instituições de Pagamento",Banco/financeira,"VIA CERTA FINANCIADORA S.A. - CRÉDITO, FINANCIAMENTO E INVESTIMENTOS",,2.0,8.0,467431.0
2022,4º,"Demais Bancos, Financeiras e Instituições de Pagamento",Conglomerado,VOITER (conglomerado),,1.0,3.0,265635.0
2022,4º,"Demais Bancos, Financeiras e Instituições de Pagamento",Conglomerado,VOLKSWAGEN (conglomerado),,14.0,84.0,325412.0
2022,4º,"Top 15 - Bancos, Financeiras e Instituições de Pagamento",Conglomerado,VOTORANTIM (conglomerado),13.05,190.0,528.0,14551717.0
2022,4º,"Demais Bancos, Financeiras e Instituições de Pagamento",Conglomerado,VR (conglomerado),,0.0,2.0,77.0
2022,4º,"Demais Bancos, Financeiras e Instituições de Pagamento",Conglomerado,WESTERN UNION (conglomerado),,5.0,9.0,1.0
2022,4º,"Demais Bancos, Financeiras e Instituições de Pagamento",Conglomerado,WILL (conglomerado),36.34,134.0,280.0,3686960.0
2022,4º,"Demais Bancos, Financeiras e Instituições de Pagamento",Conglomerado,XP (conglomerado),85.29,118.0,167.0,1383442.0
2022,4º,"Demais Bancos, Financeiras e Instituições de Pagamento",Conglomerado,YAMAHA MOTOR (conglomerado),,1.0,12.0,191613.0
2023,1º,"Demais Bancos, Financeiras e Instituições de Pagamento",Conglomerado,ABC-BRASIL (conglomerado),,6.0,16.0,64343.0
2023,1º,"Demais Bancos, Financeiras e Instituições de Pagamento",Banco/financeira,ACESSO SOLUÇÕES DE PAGAMENTO S.A. - INSTITUIÇÃO DE PAGAMENTO,32.53,154.0,264.0,4733146.0
2023,1º,"Demais Bancos, Financeiras e Instituições de Pagamento",Banco/financeira,ACG INSTITUIÇÃO DE PAGAMENTO S.A.,,2.0,2.0,52498.0
2023,1º,"Demais Bancos, Financeiras e Instituições de Pagamento",Conglomerado,AFINZ (conglomerado),,16.0,82.0,448382.0
2023,1º,"Demais Bancos, Financeiras e Instituições de Pagamento",Conglomerado,AGIBANK (conglomerado),87.85,184.0,634.0,2094424.0
2023,1º,"Demais Bancos, Financeiras e Instituições de Pagamento",Banco/financeira,"AGORACRED S/A SOCIEDADE DE CRÉDITO, FINANCIAMENTO E INVESTIMENTO",,4.0,11.0,566952.0
2023,1º,"Demais Bancos, Financeiras e Instituições de Pagamento",Banco/financeira,"AL5 S.A. CRÉDITO, FINANCIAMENTO E INVESTIMENTO",,0.0,1.0,31961.0
2023,1º,"Demais Bancos, Financeiras e Instituições de Pagamento",Conglomerado,ALFA (conglomerado),,10.0,33.0,434430.0
2023,1º,"Top 15 - Bancos, Financeiras e Instituições de Pagamento",Conglomerado,AME DIGITAL (conglomerado),4.53,147.0,325.0,32410096.0
2023,1º,"Demais Bancos, Financeiras e Instituições de Pagamento",Conglomerado,ANDBANK (conglomerado),,0.0,7.0,52096.0
2023,1º,"Demais Bancos, Financeiras e Instituições de Pagamento",Conglomerado,ASAAS (conglomerado),,12.0,61.0,530769.0
2023,1º,"Demais Bancos, Financeiras e Instituições de Pagamento",Banco/financeira,BANCO ARBI S.A.,,20.0,35.0,192451.0
2023,1º,"Demais Bancos, Financeiras e Instituições de Pagamento",Banco/financeira,BANCO B3 S.A.,,0.0,1.0,1287.0
2023,1º,"Demais Bancos, Financeiras e Instituições de Pagamento",Banco/financeira,BANCO CNH INDUSTRIAL CAPITAL S.A.,,1.0,1.0,30751.0
2023,1º,"Demais Bancos, Financeiras e Instituições de Pagamento",Banco/financeira,BANCO CSF S.A.,8.65,72.0,213.0,8314091.0
2023,1º,"Demais Bancos, Financeiras e Instituições de Pagamento",Banco/financeira,BANCO DA AMAZONIA S.A.,,3.0,9.0,594332.0
2023,1º,"Demais Bancos, Financeiras e Instituições de Pagamento",Banco/financeira,BANCO DE LA NACION ARGENTINA,,0.0,2.0,275.0
2023,1º,"Demais Bancos, Financeiras e Instituições de Pagamento",Banco/financeira,BANCO DE LAGE LANDEN BRASIL S.A.,,0.0,1.0,37165.0
2023,1º,"Demais Bancos, Financeiras e Instituições de Pagamento",Banco/financeira,BANCO DIGIMAIS S.A.,187.09,51.0,132.0,272596.0
2023,1º,"Demais Bancos, Financeiras e Instituições de Pagamento",Banco/financeira,BANCO DO ESTADO DE SERGIPE S.A.,28.37,32.0,84.0,1127678.0
2023,1º,"Demais Bancos, Financeiras e Instituições de Pagamento",Banco/financeira,BANCO DO ESTADO DO PARÁ S.A.,44.16,45.0,80.0,1018860.0
2023,1º,"Demais Bancos, Financeiras e Instituições de Pagamento",Banco/financeira,BANCO DO NORDESTE DO BRASIL S.A.,,3.0,56.0,9476405.0
2023,1º,"Demais Bancos, Financeiras e Instituições de Pagamento",Banco/financeira,BANCO FATOR S.A.,,0.0,2.0,167.0
2023,1º,"Demais Bancos, Financeiras e Instituições de Pagamento",Banco/financeira,BANCO FIBRA S.A.,,3.0,5.0,164041.0
2023,1º,"Demais Bancos, Financeiras e Instituições de Pagamento",Banco/financeira,BANCO FIDIS S/A,,1.0,2.0,1421.0
2023,1º,"Demais Bancos, Financeiras e Instituições de Pagamento",Banco/financeira,BANCO HSBC S.A.,,0.0,9.0,4236.0
2023,1º,"Demais Bancos, Financeiras e Instituições de Pagamento",Banco/financeira,BANCO INBURSA S.A.,,27.0,44.0,46891.0
2023,1º,"Demais Bancos, Financeiras e Instituições de Pagamento",Banco/financeira,BANCO JOHN DEERE S.A.,,0.0,5.0,13986.0
2023,1º,"Demais Bancos, Financeiras e Instituições de Pagamento",Banco/financeira,BANCO LUSO BRASILEIRO S.A.,,1.0,1.0,3739.0
2023,1º,"Demais Bancos, Financeiras e Instituições de Pagamento",Banco/financeira,BANCO OURINVEST S.A.,,11.0,22.0,370087.0
2023,1º,"Demais Bancos, Financeiras e Instituições de Pagamento",Banco/financeira,BANCO PACCAR S.A.,,0.0,2.0,1110.0
2023,1º,"Demais Bancos, Financeiras e Instituições de Pagamento",Banco/financeira,BANCO PAULISTA S.A.,,8.0,13.0,96979.0
2023,1º,"Demais Bancos, Financeiras e Instituições de Pagamento",Banco/financeira,BANCO RIBEIRAO PRETO S.A.,,0.0,2.0,5016.0
2023,1º,"Demais Bancos, Financeiras e Instituições de Pagamento",Banco/financeira,BANCO SEMEAR S.A.,,2.0,7.0,304475.0
2023,1º,"Demais Bancos, Financeiras e Instituições de Pagamento",Conglomerado,BANCO SICOOB (conglomerado),7.91,49.0,152.0,6191619.0
2023,1º,"Demais Bancos, Financeiras e Instituições de Pagamento",Banco/financeira,BANCO TOPÁZIO S.A.,,4.0,19.0,12707.0
2023,1º,"Demais Bancos, Financeiras e Instituições de Pagamento",Conglomerado,BANCO TOYOTA DO BRASIL S.A. (conglomerado),,1.0,13.0,155619.0
2023,1º,"Demais Bancos, Financeiras e Instituições de Pagamento",Banco/financeira,BANCO TRIANGULO S.A.,,5.0,28.0,1752326.0
2023,1º,"Demais Bancos, Financeiras e Instituições de Pagamento",Banco/financeira,BANCO XCMG BRASIL S.A.,,0.0,2.0,231.0
2023,1º,"Demais Bancos, Financeiras e Instituições de Pagamento",Conglomerado,BANESTES (conglomerado),,17.0,47.0,1393196.0
2023,1º,"Demais Bancos, Financeiras e Instituições de Pagamento",Conglomerado,BANRISUL (conglomerado),6.68,35.0,315.0,5232565.0
2023,1º,"Demais Bancos, Financeiras e Instituições de Pagamento",Conglomerado,BARIGUI (conglomerado),,19.0,58.0,360181.0
2023,1º,"Top 15 - Bancos, Financeiras e Instituições de Pagamento",Conglomerado,BB (conglomerado),8.59,637.0,3751.0,74150080.0
2023,1º,"Demais Bancos, Financeiras e Instituições de Pagamento",Conglomerado,BBC (conglomerado),,4.0,9.0,7061.0
2023,1º,"Demais Bancos, Financeiras e Instituições de Pagamento",Banco/financeira,BBVA BRASIL BANCO DE INVESTIMENTO S.A.,,0.0,1.0,0.0
2023,1º,"Demais Bancos, Financeiras e Instituições de Pagamento",Banco/financeira,"BECKER FINANCEIRA S.A. - CRÉDITO, FINANCIAMENTO E INVESTIMENTO",,1.0,2.0,213541.0
2023,1º,"Demais Bancos, Financeiras e Instituições de Pagamento",Banco/financeira,BEETELLERPAY INSTITUICAO DE PAGAMENTO LTDA,,0.0,1.0,0.0
2023,1º,"Demais Bancos, Financeiras e Instituições de Pagamento",Conglomerado,BMG (conglomerado),63.04,813.0,1908.0,12894925.0
2023,1º,"Demais Bancos, Financeiras e Instituições de Pagamento",Conglomerado,BMW (conglomerado),,2.0,7.0,34135.0
2023,1º,"Demais Bancos, Financeiras e Instituições de Pagamento",Conglomerado,BNP PARIBAS (conglomerado),41.87,72.0,442.0,1719497.0
2023,1º,"Demais Bancos, Financeiras e Instituições de Pagamento",Conglomerado,BNQI - FINANCEIRO (conglomerado),11.97,78.0,127.0,6512048.0
2023,1º,"Top 15 - Bancos, Financeiras e Instituições de Pagamento",Conglomerado,BRADESCO (conglomerado),23.05,2390.0,7785.0,103666074.0
2023,1º,"Demais Bancos, Financeiras e Instituições de Pagamento",Conglomerado,BRB (conglomerado),44.83,279.0,746.0,6222360.0
2023,1º,"Top 15 - Bancos, Financeiras e Instituições de Pagamento",Conglomerado,BTG PACTUAL/BANCO PAN (conglomerado),71.87,1608.0,3112.0,22371033.0
2023,1º,"Top 15 - Bancos, Financeiras e Instituições de Pagamento",Conglomerado,C6 BANK (conglomerado),29.09,733.0,2783.0,25197319.0
2023,1º,"Top 15 - Bancos, Financeiras e Instituições de Pagamento",Conglomerado,CAIXA ECONÔMICA FEDERAL (conglomerado),11.25,1687.0,6183.0,149855561.0
2023,1º,"Demais Bancos, Financeiras e Instituições de Pagamento",Conglomerado,CAIXA GERAL (conglomerado),,0.0,2.0,1064.0
2023,1º,"Demais Bancos, Financeiras e Instituições de Pagamento",Banco/financeira,"CALCRED S.A. - CRÉDITO, FINANCIAMENTO E INVESTIMENTO",,2.0,4.0,135369.0
2023,1º,"Demais Bancos, Financeiras e Instituições de Pagamento",Banco/financeira,"CARUANA S.A. - SOCIEDADE DE CRÉDITO, FINANCIAMENTO E INVESTIMENTO",,3.0,6.0,55750.0
2023,1º,"Demais Bancos, Financeiras e Instituições de Pagamento",Conglomerado,CCB (conglomerado),,2.0,32.0,149473.0
2023,1º,"Demais Bancos, Financeiras e Instituições de Pagamento",Banco/financeira,CELCOIN INSTITUICAO DE PAGAMENTO S.A.,,15.0,36.0,0.0
2023,1º,"Demais Bancos, Financeiras e Instituições de Pagamento",Banco/financeira,"CENTROCRED S.A. CRÉDITO, FINANCIAMENTO E INVESTIMENTOS",,0.0,1.0,116243.0
2023,1º,"Demais Bancos, Financeiras e Instituições de Pagamento",Banco/financeira,CIELO S.A. - INSTITUIÇÃO DE PAGAMENTO,,10.0,46.0,235959.0
2023,1º,"Demais Bancos, Financeiras e Instituições de Pagamento",Conglomerado,CITIBANK (conglomerado),,0.0,15.0,19096.0
2023,1º,"Demais Bancos, Financeiras e Instituições de Pagamento",Banco/financeira,CLOUDWALK INSTITUIÇÃO DE PAGAMENTO E SERVICOS LTDA,,5.0,33.0,0.0
2023,1º,"Demais Bancos, Financeiras e Instituições de Pagamento",Conglomerado,COBUCCIO (conglomerado),,11.0,67.0,816368.0
2023,1º,"Demais Bancos, Financeiras e Instituições de Pagamento",Conglomerado,COLOMBO (conglomerado),,2.0,4.0,331344.0
2023,1º,"Demais Bancos, Financeiras e Instituições de Pagamento",Banco/financeira,COOPER CARD INSTITUIÇÃO DE PAGAMENTO LTDA.,,1.0,2.0,406946.0
2023,1º,"Demais Bancos, Financeiras e Instituições de Pagamento",Banco/financeira,CREDI-SHOP S/A - INSTITUIÇÃO DE PAGAMENTO,,0.0,1.0,689530.0
2023,1º,"Demais Bancos, Financeiras e Instituições de Pagamento",Conglomerado,CREDSYSTEM (conglomerado),,16.0,68.0,4331263.0
2023,1º,"Demais Bancos, Financeiras e Instituições de Pagamento",Conglomerado,CREFISA (conglomerado),24.13,90.0,415.0,3728568.0
2023,1º,"Demais Bancos, Financeiras e Instituições de Pagamento",Conglomerado,DAYCOVAL (conglomerado),101.28,192.0,752.0,1895613.0
2023,1º,"Demais Bancos, Financeiras e Instituições de Pagamento",Banco/financeira,DOCK INSTITUIÇÃO DE PAGAMENTO S.A.,19.19,39.0,56.0,2031355.0
2023,1º,"Demais Bancos, Financeiras e Instituições de Pagamento",Banco/financeira,EBANX INSTITUICAO DE PAGAMENTOS LTDA.,,29.0,55.0,544172.0
2023,1º,"Demais Bancos, Financeiras e Instituições de Pagamento",Banco/financeira,EWALLY INSTITUIÇÃO DE PAGAMENTO S.A.,,3.0,4.0,0.0
2023,1º,"Demais Bancos, Financeiras e Instituições de Pagamento",Banco/financeira,FACEBOOK INSTITUIÇÃO DE PAGAMENTO DO BRASIL LTDA.,,1.0,3.0,0.0
2023,1º,"Demais Bancos, Financeiras e Instituições de Pagamento",Banco/financeira,FACTA FINANCEIRA S.A. - CRÉDITO FINANCIAMENTO E INVESTIMENTO,854.46,845.0,1249.0,988923.0
2023,1º,"Demais Bancos, Financeiras e Instituições de Pagamento",Banco/financeira,"FINAMAX S.A. - CREDITO, FINANCIAMENTO E INVESTIMENTO",,1.0,3.0,82763.0
2023,1º,"Demais Bancos, Financeiras e Instituições de Pagamento",Conglomerado,FISERV (conglomerado),,2.0,14.0,118.0
2023,1º,"Demais Bancos, Financeiras e Instituições de Pagamento",Banco/financeira,FITBANK INSTITUIÇÃO DE PAGAMENTOS ELETRÔNICOS S.A.,,2.0,8.0,39884.0
2023,1º,"Demais Bancos, Financeiras e Instituições de Pagamento",Banco/financeira,FLAGSHIP INSTITUICAO DE PAGAMENTOS LTDA,,3.0,7.0,88708.0
2023,1º,"Demais Bancos, Financeiras e Instituições de Pagamento",Banco/financeira,FORIS GFS BR INSTITUICAO DE PAGAMENTO LTDA,,1.0,1.0,0.0
2023,1º,"Demais Bancos, Financeiras e Instituições de Pagamento",Banco/financeira,FORTBRASIL INSTITUIÇÃO DE PAGAMENTO S/A,,2.0,16.0,691639.0
2023,1º,"Demais Bancos, Financeiras e Instituições de Pagamento",Conglomerado,GAZIN (conglomerado),,0.0,1.0,57665.0
2023,1º,"Demais Bancos, Financeiras e Instituições de Pagamento",Conglomerado,GENIAL (conglomerado),,8.0,16.0,795982.0
2023,1º,"Demais Bancos, Financeiras e Instituições de Pagamento",Conglomerado,GERENCIANET (conglomerado),,5.0,41.0,359266.0
2023,1º,"Demais Bancos, Financeiras e Instituições de Pagamento",Conglomerado,GM (conglomerado),,1.0,18.0,216210.0
2023,1º,"Demais Bancos, Financeiras e Instituições de Pagamento",Banco/financeira,GOOGLE PAY BRASIL INSTITUICAO DE PAGAMENTO LTDA.,,0.0,1.0,0.0
2023,1º,"Demais Bancos, Financeiras e Instituições de Pagamento",Banco/financeira,GRANITO INSTITUIÇÃO DE PAGAMENTO S.A.,,2.0,10.0,60.0
2023,1º,"Demais Bancos, Financeiras e Instituições de Pagamento",Conglomerado,GRUPO BONSUCESSO - BS2 (conglomerado),152.99,50.0,115.0,326810.0
2023,1º,"Demais Bancos, Financeiras e Instituições de Pagamento",Conglomerado,GRUPO ZEMA (conglomerado),,6.0,39.0,336898.0
2023,1º,"Demais Bancos, Financeiras e Instituições de Pagamento",Conglomerado,HERVAL - HS (conglomerado),,5.0,11.0,220208.0
2023,1º,"Demais Bancos, Financeiras e Instituições de Pagamento",Conglomerado,HONDA (conglomerado),,1.0,16.0,347914.0
2023,1º,"Demais Bancos, Financeiras e Instituições de Pagamento",Banco/financeira,HUB INSTITUIÇÃO DE PAGAMENTO S.A.,,24.0,115.0,11795581.0
2023,1º,"Demais Bancos, Financeiras e Instituições de Pagamento",Conglomerado,INDUSTRIAL DO BRASIL (conglomerado),,1.0,11.0,71959.0
2023,1º,"Top 15 - Bancos, Financeiras e Instituições de Pagamento",Conglomerado,INTER (conglomerado),33.24,825.0,1871.0,24813684.0
2023,1º,"Top 15 - Bancos, Financeiras e Instituições de Pagamento",Conglomerado,ITAU (conglomerado),15.8,1565.0,6716.0,99015603.0
2023,1º,"Demais Bancos, Financeiras e Instituições de Pagamento",Banco/financeira,IUGU INSTITUIÇÃO DE PAGAMENTO S.A.,,11.0,35.0,0.0
2023,1º,"Demais Bancos, Financeiras e Instituições de Pagamento",Banco/financeira,"JBCRED S.A. SOCIEDADE DE CREDITO, FINANCIAMENTO E INVESTIMENTO",,2.0,9.0,61184.0
2023,1º,"Demais Bancos, Financeiras e Instituições de Pagamento",Conglomerado,JP MORGAN CHASE (conglomerado),,1.0,5.0,3803.0
2023,1º,"Demais Bancos, Financeiras e Instituições de Pagamento",Banco/financeira,"KREDILIG S.A. - CRÉDITO, FINANCIAMENTO E INVESTIMENTO",,1.0,23.0,324705.0
2023,1º,"Demais Bancos, Financeiras e Instituições de Pagamento",Banco/financeira,"LEBES FINANCEIRA S.A. - CRÉDITO, FINANCIAMENTO E INVESTIMENTO",,6.0,11.0,362225.0
2023,1º,"Demais Bancos, Financeiras e Instituições de Pagamento",Banco/financeira,"LECCA CRÉDITO, FINANCIAMENTO E INVESTIMENTO S/A",,9.0,14.0,29984.0
2023,1º,"Demais Bancos, Financeiras e Instituições de Pagamento",Banco/financeira,M PAGAMENTOS S.A. - CRÉDITO FINANCIAMENTO E INVESTIMENTO,,1.0,11.0,494307.0
2023,1º,"Demais Bancos, Financeiras e Instituições de Pagamento",Conglomerado,MASTER (conglomerado),647.82,296.0,530.0,456914.0
2023,1º,"Top 15 - Bancos, Financeiras e Instituições de Pagamento",Conglomerado,MERCADO CRÉDITO (conglomerado),14.21,648.0,1726.0,45574673.0
2023,1º,"Demais Bancos, Financeiras e Instituições de Pagamento",Conglomerado,MERCANTIL DO BRASIL (conglomerado),61.46,381.0,768.0,6198860.0
2023,1º,"Demais Bancos, Financeiras e Instituições de Pagamento",Conglomerado,MERCEDES-BENZ (conglomerado),,4.0,9.0,19060.0
2023,1º,"Demais Bancos, Financeiras e Instituições de Pagamento",Banco/financeira,"MIDWAY S.A. - CRÉDITO, FINANCIAMENTO E INVESTIMENTO",4.1,34.0,200.0,8278225.0
2023,1º,"Demais Bancos, Financeiras e Instituições de Pagamento",Conglomerado,MODAL (conglomerado),,25.0,63.0,1829058.0
2023,1º,"Demais Bancos, Financeiras e Instituições de Pagamento",Banco/financeira,"NEGRESCO S.A. - CREDITO, FINANCIAMENTO E INVESTIMENTOS",,0.0,14.0,492746.0
2023,1º,"Top 15 - Bancos, Financeiras e Instituições de Pagamento",Conglomerado,NEON (conglomerado),12.2,227.0,487.0,18595324.0
2023,1º,"Demais Bancos, Financeiras e Instituições de Pagamento",Banco/financeira,NOVO BANCO CONTINENTAL S.A. - BANCO MÚLTIPLO,,1.0,17.0,554447.0
2023,1º,"Top 15 - Bancos, Financeiras e Instituições de Pagamento",Conglomerado,NUBANK (conglomerado),6.58,482.0,2104.0,73168970.0
2023,1º,"Demais Bancos, Financeiras e Instituições de Pagamento",Conglomerado,OMNI (conglomerado),,26.0,126.0,4330468.0
2023,1º,"Top 15 - Bancos, Financeiras e Instituições de Pagamento",Conglomerado,ORIGINAL (conglomerado),10.96,535.0,1570.0,48804853.0
2023,1º,"Top 15 - Bancos, Financeiras e Instituições de Pagamento",Conglomerado,PAGBANK-PAGSEGURO (conglomerado),27.23,781.0,1560.0,28673310.0
2023,1º,"Demais Bancos, Financeiras e Instituições de Pagamento",Banco/financeira,PAGUEVELOZ INSTITUIÇÃO DE PAGAMENTO LTDA.,,13.0,22.0,2199517.0
2023,1º,"Demais Bancos, Financeiras e Instituições de Pagamento",Conglomerado,PARANÁ BANCO (conglomerado),,15.0,149.0,570146.0
2023,1º,"Demais Bancos, Financeiras e Instituições de Pagamento",Banco/financeira,PAY4FUN INSTITUICAO DE PAGAMENTO S.A.,,2.0,7.0,417188.0
2023,1º,"Demais Bancos, Financeiras e Instituições de Pagamento",Banco/financeira,PAYPAL DO BRASIL INSTITUIÇÃO DE PAGAMENTO LTDA.,,15.0,56.0,183462.0
2023,1º,"Demais Bancos, Financeiras e Instituições de Pagamento",Banco/financeira,"PEFISA S.A. - CRÉDITO, FINANCIAMENTO E INVESTIMENTO",12.68,123.0,221.0,9698315.0
2023,1º,"Demais Bancos, Financeiras e Instituições de Pagamento",Banco/financeira,PINBANK BRASIL INSTITUIÇÃO DE PAGAMENTO S.A.,,0.0,1.0,0.0
2023,1º,"Demais Bancos, Financeiras e Instituições de Pagamento",Conglomerado,PINE (conglomerado),,3.0,6.0,198006.0
2023,1º,"Demais Bancos, Financeiras e Instituições de Pagamento",Conglomerado,PORTO SEGURO (conglomerado),64.64,194.0,399.0,3000851.0
2023,1º,"Demais Bancos, Financeiras e Instituições de Pagamento",Banco/financeira,"QISTA S.A. - CRÉDITO, FINANCIAMENTO E INVESTIMENTO",,5.0,24.0,24076.0
2023,1º,"Demais Bancos, Financeiras e Instituições de Pagamento",Banco/financeira,QUERO-QUERO VERDECARD INSTITUIÇÃO DE PAGAMENTO S.A.,,3.0,10.0,589859.0
2023,1º,"Demais Bancos, Financeiras e Instituições de Pagamento",Banco/financeira,"REALIZE CRÉDITO, FINANCIAMENTO E INVESTIMENTO S.A.",,26.0,141.0,5414397.0
2023,1º,"Demais Bancos, Financeiras e Instituições de Pagamento",Conglomerado,RECARGAPAY (conglomerado),7.55,58.0,121.0,7673622.0
2023,1º,"Demais Bancos, Financeiras e Instituições de Pagamento",Conglomerado,RENDIMENTO (conglomerado),,2.0,10.0,277080.0
2023,1º,"Demais Bancos, Financeiras e Instituições de Pagamento",Banco/financeira,REPOM S.A.,,1.0,1.0,270149.0
2023,1º,"Demais Bancos, Financeiras e Instituições de Pagamento",Conglomerado,RODOBENS (conglomerado),,0.0,13.0,29530.0
2023,1º,"Demais Bancos, Financeiras e Instituições de Pagamento",Banco/financeira,"RPW S/A SOCIEDADE DE CRÉDITO, FINANCIAMENTO E INVESTIMENTO",,0.0,1.0,16467.0
2023,1º,"Demais Bancos, Financeiras e Instituições de Pagamento",Conglomerado,SAFRA (conglomerado),51.08,298.0,1029.0,5832922.0
2023,1º,"Top 15 - Bancos, Financeiras e Instituições de Pagamento",Conglomerado,SANTANDER (conglomerado),16.62,1050.0,5859.0,63141189.0
2023,1º,"Demais Bancos, Financeiras e Instituições de Pagamento",Banco/financeira,"SANTINVEST S.A. - CREDITO, FINANCIAMENTO E INVESTIMENTOS",,0.0,2.0,12000.0
2023,1º,"Demais Bancos, Financeiras e Instituições de Pagamento",Conglomerado,SCANIA (conglomerado),,1.0,7.0,5790.0
2023,1º,"Demais Bancos, Financeiras e Instituições de Pagamento",Conglomerado,SENFF (conglomerado),,10.0,34.0,520417.0
2023,1º,"Demais Bancos, Financeiras e Instituições de Pagamento",Banco/financeira,SERVNET INSTITUIÇÃO DE PAGAMENTO LTDA.,,0.0,3.0,0.0
2023,1º,"Demais Bancos, Financeiras e Instituições de Pagamento",Banco/financeira,"SF3 CRÉDITO, FINANCIAMENTO E INVESTIMENTO S.A.",,1.0,2.0,18905.0
2023,1º,"Demais Bancos, Financeiras e Instituições de Pagamento",Banco/financeira,SHPP BRASIL INSTITUIÇÃO DE PAGAMENTO E SERVIÇOS DE PAGAMENTOS LTDA.,,27.0,99.0,495787.0
2023,1º,"Demais Bancos, Financeiras e Instituições de Pagamento",Conglomerado,SICREDI (conglomerado),,14.0,74.0,7649988.0
2023,1º,"Demais Bancos, Financeiras e Instituições de Pagamento",Conglomerado,SOCIAL BANK (conglomerado),,4.0,10.0,242958.0
2023,1º,"Demais Bancos, Financeiras e Instituições de Pagamento",Conglomerado,SOCIETE GENERALE (conglomerado),,0.0,1.0,393.0
2023,1º,"Demais Bancos, Financeiras e Instituições de Pagamento",Banco/financeira,"SOCINAL S.A. - CRÉDITO, FINANCIAMENTO E INVESTIMENTO",,14.0,34.0,2614.0
2023,1º,"Demais Bancos, Financeiras e Instituições de Pagamento",Conglomerado,SOFISA (conglomerado),,26.0,54.0,751292.0
2023,1º,"Demais Bancos, Financeiras e Instituições de Pagamento",Conglomerado,STONE (conglomerado),,26.0,154.0,3547088.0
2023,1º,"Demais Bancos, Financeiras e Instituições de Pagamento",Banco/financeira,STRIPE BRASIL SOLUCOES DE PAGAMENTO INSTITUICAO DE PAGAMENTO LTDA,,1.0,3.0,84.0
2023,1º,"Demais Bancos, Financeiras e Instituições de Pagamento",Conglomerado,SUMUP (conglomerado),,15.0,32.0,125.0
2023,1º,"Demais Bancos, Financeiras e Instituições de Pagamento",Banco/financeira,SWAP MEIOS DE PAGAMENTOS INSTITUICAO DE PAGAMENTO S.A.,,4.0,5.0,1075405.0
2023,1º,"Demais Bancos, Financeiras e Instituições de Pagamento",Banco/financeira,U4C INSTITUIÇÃO DE PAGAMENTO S.A.,,1.0,2.0,0.0
2023,1º,"Demais Bancos, Financeiras e Instituições de Pagamento",Banco/financeira,"VIA CERTA FINANCIADORA S.A. - CRÉDITO, FINANCIAMENTO E INVESTIMENTOS",,10.0,31.0,467863.0
2023,1º,"Demais Bancos, Financeiras e Instituições de Pagamento",Conglomerado,VOITER (conglomerado),,4.0,6.0,264546.0
2023,1º,"Demais Bancos, Financeiras e Instituições de Pagamento",Conglomerado,VOLKSWAGEN (conglomerado),,20.0,76.0,328709.0
2023,1º,"Demais Bancos, Financeiras e Instituições de Pagamento",Conglomerado,VOLVO (conglomerado),,0.0,1.0,8971.0
2023,1º,"Top 15 - Bancos, Financeiras e Instituições de Pagamento",Conglomerado,VOTORANTIM (conglomerado),17.59,243.0,634.0,13813626.0
2023,1º,"Demais Bancos, Financeiras e Instituições de Pagamento",Conglomerado,VR (conglomerado),,7.0,9.0,79.0
2023,1º,"Demais Bancos, Financeiras e Instituições de Pagamento",Conglomerado,WESTERN UNION (conglomerado),,3.0,9.0,1.0
2023,1º,"Demais Bancos, Financeiras e Instituições de Pagamento",Conglomerado,WILL (conglomerado),30.91,125.0,241.0,4043198.0
2023,1º,"Demais Bancos, Financeiras e Instituições de Pagamento",Conglomerado,XP (conglomerado),150.01,223.0,310.0,1486516.0
2023,1º,"Demais Bancos, Financeiras e Instituições de Pagamento",Conglomerado,YAMAHA MOTOR (conglomerado),,1.0,13.0,202665.0
2023,2º,"Demais Bancos, Financeiras e Instituições de Pagamento",Conglomerado,ABC-BRASIL (conglomerado),,7.0,11.0,72904.0
2023,2º,"Demais Bancos, Financeiras e Instituições de Pagamento",Conglomerado,ABN AMRO (conglomerado),,0.0,1.0,0.0
2023,2º,"Demais Bancos, Financeiras e Instituições de Pagamento",Banco/financeira,ACESSO SOLUÇÕES DE PAGAMENTO S.A. - INSTITUIÇÃO DE PAGAMENTO,50.49,175.0,308.0,3465479.0
2023,2º,"Demais Bancos, Financeiras e Instituições de Pagamento",Banco/financeira,ACG INSTITUIÇÃO DE PAGAMENTO S.A.,,0.0,1.0,55900.0
2023,2º,"Demais Bancos, Financeiras e Instituições de Pagamento",Conglomerado,AFINZ (conglomerado),,10.0,49.0,461441.0
2023,2º,"Demais Bancos, Financeiras e Instituições de Pagamento",Conglomerado,AGIBANK (conglomerado),137.67,303.0,879.0,2200784.0
2023,2º,"Demais Bancos, Financeiras e Instituições de Pagamento",Banco/financeira,"AGORACRED S/A SOCIEDADE DE CRÉDITO, FINANCIAMENTO E INVESTIMENTO",,3.0,8.0,584349.0
2023,2º,"Demais Bancos, Financeiras e Instituições de Pagamento",Banco/financeira,"AL5 S.A. CRÉDITO, FINANCIAMENTO E INVESTIMENTO",,4.0,8.0,30063.0
2023,2º,"Demais Bancos, Financeiras e Instituições de Pagamento",Conglomerado,ALFA (conglomerado),,7.0,61.0,440020.0
2023,2º,"Top 15 - Bancos, Financeiras e Instituições de Pagamento",Conglomerado,AME DIGITAL (conglomerado),2.44,80.0,199.0,32678718.0
2023,2º,"Demais Bancos, Financeiras e Instituições de Pagamento",Conglomerado,ANDBANK (conglomerado),,0.0,6.0,57008.0
2023,2º,"Demais Bancos, Financeiras e Instituições de Pagamento",Conglomerado,ASAAS (conglomerado),,19.0,64.0,599479.0
2023,2º,"Demais Bancos, Financeiras e Instituições de Pagamento",Banco/financeira,BANCO ARBI S.A.,,6.0,16.0,228614.0
2023,2º,"Demais Bancos, Financeiras e Instituições de Pagamento",Banco/financeira,BANCO B3 S.A.,,0.0,1.0,1310.0
2023,2º,"Demais Bancos, Financeiras e Instituições de Pagamento",Banco/financeira,BANCO CNH INDUSTRIAL CAPITAL S.A.,,0.0,3.0,31225.0
2023,2º,"Demais Bancos, Financeiras e Instituições de Pagamento",Banco/financeira,BANCO CSF S.A.,6.65,55.0,223.0,8263514.0
2023,2º,"Demais Bancos, Financeiras e Instituições de Pagamento",Banco/financeira,BANCO DA AMAZONIA S.A.,,0.0,2.0,602464.0
2023,2º,"Demais Bancos, Financeiras e Instituições de Pagamento",Banco/financeira,BANCO DIGIMAIS S.A.,171.59,45.0,105.0,262251.0
2023,2º,"Demais Bancos, Financeiras e Instituições de Pagamento",Banco/financeira,BANCO DO ESTADO DE SERGIPE S.A.,,21.0,62.0,1132356.0
2023,2º,"Demais Bancos, Financeiras e Instituições de Pagamento",Banco/financeira,BANCO DO ESTADO DO PARÁ S.A.,33.41,35.0,77.0,1047539.0
2023,2º,"Demais Bancos, Financeiras e Instituições de Pagamento",Banco/financeira,BANCO DO NORDESTE DO BRASIL S.A.,,4.0,55.0,9584627.0
2023,2º,"Demais Bancos, Financeiras e Instituições de Pagamento",Banco/financeira,BANCO FATOR S.A.,,0.0,1.0,164.0
2023,2º,"Demais Bancos, Financeiras e Instituições de Pagamento",Banco/financeira,BANCO FIBRA S.A.,,2.0,4.0,164314.0
2023,2º,"Demais Bancos, Financeiras e Instituições de Pagamento",Banco/financeira,BANCO FIDIS S/A,,1.0,3.0,1440.0
2023,2º,"Demais Bancos, Financeiras e Instituições de Pagamento",Banco/financeira,BANCO HSBC S.A.,,0.0,8.0,4500.0
2023,2º,"Demais Bancos, Financeiras e Instituições de Pagamento",Banco/financeira,BANCO INBURSA S.A.,1059.17,83.0,126.0,78363.0
2023,2º,"Demais Bancos, Financeiras e Instituições de Pagamento",Banco/financeira,BANCO JOHN DEERE S.A.,,0.0,2.0,13002.0
2023,2º,"Demais Bancos, Financeiras e Instituições de Pagamento",Banco/financeira,BANCO KEB HANA DO BRASIL S.A.,,0.0,1.0,922.0
2023,2º,"Demais Bancos, Financeiras e Instituições de Pagamento",Banco/financeira,BANCO LUSO BRASILEIRO S.A.,,1.0,1.0,3593.0
2023,2º,"Demais Bancos, Financeiras e Instituições de Pagamento",Banco/financeira,BANCO OURINVEST S.A.,,4.0,15.0,449065.0
2023,2º,"Demais Bancos, Financeiras e Instituições de Pagamento",Banco/financeira,BANCO PAULISTA S.A.,,11.0,30.0,118103.0
2023,2º,"Demais Bancos, Financeiras e Instituições de Pagamento",Banco/financeira,BANCO SEMEAR S.A.,,11.0,20.0,290921.0
2023,2º,"Demais Bancos, Financeiras e Instituições de Pagamento",Conglomerado,BANCO SICOOB (conglomerado),,25.0,107.0,6382543.0
2023,2º,"Demais Bancos, Financeiras e Instituições de Pagamento",Banco/financeira,BANCO TOPÁZIO S.A.,,2.0,14.0,12653.0
2023,2º,"Demais Bancos, Financeiras e Instituições de Pagamento",Conglomerado,BANCO TOYOTA DO BRASIL S.A. (conglomerado),,3.0,11.0,157427.0
2023,2º,"Demais Bancos, Financeiras e Instituições de Pagamento",Banco/financeira,BANCO TRIANGULO S.A.,,7.0,29.0,1770416.0
2023,2º,"Demais Bancos, Financeiras e Instituições de Pagamento",Conglomerado,BANESTES (conglomerado),,19.0,54.0,1409374.0
2023,2º,"Demais Bancos, Financeiras e Instituições de Pagamento",Conglomerado,BANRISUL (conglomerado),,28.0,362.0,5257422.0
2023,2º,"Demais Bancos, Financeiras e Instituições de Pagamento",Conglomerado,BARIGUI (conglomerado),,16.0,56.0,357486.0
2023,2º,"Top 15 - Bancos, Financeiras e Instituições de Pagamento",Conglomerado,BB (conglomerado),9.46,706.0,4599.0,74579521.0
2023,2º,"Demais Bancos, Financeiras e Instituições de Pagamento",Conglomerado,BBC (conglomerado),,1.0,10.0,7407.0
2023,2º,"Demais Bancos, Financeiras e Instituições de Pagamento",Banco/financeira,"BECKER FINANCEIRA S.A. - CRÉDITO, FINANCIAMENTO E INVESTIMENTO",,0.0,7.0,227857.0
2023,2º,"Demais Bancos, Financeiras e Instituições de Pagamento",Banco/financeira,BLU INSTITUIÇÃO DE PAGAMENTO LTDA.,,0.0,2.0,37440.0
2023,2º,"Demais Bancos, Financeiras e Instituições de Pagamento",Conglomerado,BMG (conglomerado),49.01,640.0,1716.0,13057008.0
2023,2º,"Demais Bancos, Financeiras e Instituições de Pagamento",Conglomerado,BMW (conglomerado),,0.0,3.0,38311.0
2023,2º,"Demais Bancos, Financeiras e Instituições de Pagamento",Conglomerado,BNP PARIBAS (conglomerado),28.4,42.0,354.0,1478371.0
2023,2º,"Demais Bancos, Financeiras e Instituições de Pagamento",Conglomerado,BNQI - FINANCEIRO (conglomerado),9.57,58.0,122.0,6060439.0
2023,2º,"Demais Bancos, Financeiras e Instituições de Pagamento",Conglomerado,BOCOM (conglomerado),,0.0,1.0,8876.0
2023,2º,"Demais Bancos, Financeiras e Instituições de Pagamento",Conglomerado,BOFA MERRILL LYNCH (conglomerado),,0.0,1.0,4920.0
2023,2º,"Top 15 - Bancos, Financeiras e Instituições de Pagamento",Conglomerado,BRADESCO (conglomerado),30.9,3229.0,9098.0,104486688.0
2023,2º,"Demais Bancos, Financeiras e Instituições de Pagamento",Conglomerado,BRB (conglomerado),51.35,323.0,885.0,6289968.0
2023,2º,"Top 15 - Bancos, Financeiras e Instituições de Pagamento",Conglomerado,BTG PACTUAL/BANCO PAN (conglomerado),43.58,1004.0,2275.0,23036225.0
2023,2º,"Top 15 - Bancos, Financeiras e Instituições de Pagamento",Conglomerado,C6 BANK (conglomerado),24.13,649.0,2507.0,26886189.0
2023,2º,"Top 15 - Bancos, Financeiras e Instituições de Pagamento",Conglomerado,CAIXA ECONÔMICA FEDERAL (conglomerado),12.51,1882.0,6482.0,150374233.0
2023,2º,"Demais Bancos, Financeiras e Instituições de Pagamento",Conglomerado,CAIXA GERAL (conglomerado),,0.0,1.0,1109.0
2023,2º,"Demais Bancos, Financeiras e Instituições de Pagamento",Banco/financeira,"CALCRED S.A. - CRÉDITO, FINANCIAMENTO E INVESTIMENTO",,0.0,5.0,126382.0
2023,2º,"Demais Bancos, Financeiras e Instituições de Pagamento",Banco/financeira,"CARUANA S.A. - SOCIEDADE DE CRÉDITO, FINANCIAMENTO E INVESTIMENTO",,6.0,11.0,56717.0
2023,2º,"Demais Bancos, Financeiras e Instituições de Pagamento",Conglomerado,CCB (conglomerado),,1.0,41.0,145626.0
2023,2º,"Demais Bancos, Financeiras e Instituições de Pagamento",Banco/financeira,CELCOIN INSTITUICAO DE PAGAMENTO S.A.,,23.0,33.0,230941.0
2023,2º,"Demais Bancos, Financeiras e Instituições de Pagamento",Banco/financeira,CIELO S.A. - INSTITUIÇÃO DE PAGAMENTO,,15.0,60.0,437138.0
2023,2º,"Demais Bancos, Financeiras e Instituições de Pagamento",Conglomerado,CITIBANK (conglomerado),,0.0,13.0,18266.0
2023,2º,"Demais Bancos, Financeiras e Instituições de Pagamento",Banco/financeira,CLOUDWALK INSTITUIÇÃO DE PAGAMENTO E SERVICOS LTDA,,13.0,56.0,146956.0
2023,2º,"Demais Bancos, Financeiras e Instituições de Pagamento",Conglomerado,COBUCCIO (conglomerado),,16.0,68.0,880119.0
2023,2º,"Demais Bancos, Financeiras e Instituições de Pagamento",Conglomerado,COLOMBO (conglomerado),,3.0,12.0,336626.0
2023,2º,"Demais Bancos, Financeiras e Instituições de Pagamento",Banco/financeira,COOPER CARD INSTITUIÇÃO DE PAGAMENTO LTDA.,,1.0,4.0,297008.0
2023,2º,"Demais Bancos, Financeiras e Instituições de Pagamento",Banco/financeira,CREDI-SHOP S/A - INSTITUIÇÃO DE PAGAMENTO,,0.0,2.0,684548.0
2023,2º,"Demais Bancos, Financeiras e Instituições de Pagamento",Conglomerado,CREDSYSTEM (conglomerado),,12.0,57.0,4249731.0
2023,2º,"Demais Bancos, Financeiras e Instituições de Pagamento",Conglomerado,CREFISA (conglomerado),22.8,89.0,337.0,3902345.0
2023,2º,"Demais Bancos, Financeiras e Instituições de Pagamento",Banco/financeira,CUMBUCA INSTITUIÇÃO DE PAGAMENTO LTDA.,,2.0,2.0,0.0
2023,2º,"Demais Bancos, Financeiras e Instituições de Pagamento",Conglomerado,DAYCOVAL (conglomerado),100.79,199.0,703.0,1974273.0
2023,2º,"Demais Bancos, Financeiras e Instituições de Pagamento",Banco/financeira,DEUTSCHE BANK S.A. - BANCO ALEMAO,,0.0,1.0,1864.0
2023,2º,"Demais Bancos, Financeiras e Instituições de Pagamento",Banco/financeira,DOCK INSTITUIÇÃO DE PAGAMENTO S.A.,34.71,71.0,102.0,2044933.0
2023,2º,"Demais Bancos, Financeiras e Instituições de Pagamento",Banco/financeira,EBANX INSTITUICAO DE PAGAMENTOS LTDA.,2549.73,560.0,619.0,219631.0
2023,2º,"Demais Bancos, Financeiras e Instituições de Pagamento",Banco/financeira,EWALLY INSTITUIÇÃO DE PAGAMENTO S.A.,,2.0,4.0,0.0
2023,2º,"Demais Bancos, Financeiras e Instituições de Pagamento",Banco/financeira,FACEBOOK INSTITUIÇÃO DE PAGAMENTO DO BRASIL LTDA.,,0.0,3.0,0.0
2023,2º,"Demais Bancos, Financeiras e Instituições de Pagamento",Banco/financeira,FACTA FINANCEIRA S.A. - CRÉDITO FINANCIAMENTO E INVESTIMENTO,236.99,263.0,594.0,1109746.0
2023,2º,"Demais Bancos, Financeiras e Instituições de Pagamento",Banco/financeira,"FINAMAX S.A. - CREDITO, FINANCIAMENTO E INVESTIMENTO",,3.0,7.0,82932.0
2023,2º,"Demais Bancos, Financeiras e Instituições de Pagamento",Conglomerado,FISERV (conglomerado),,2.0,7.0,123.0
2023,2º,"Demais Bancos, Financeiras e Instituições de Pagamento",Banco/financeira,FITBANK INSTITUIÇÃO DE PAGAMENTOS ELETRÔNICOS S.A.,,3.0,22.0,35860.0
2023,2º,"Demais Bancos, Financeiras e Instituições de Pagamento",Banco/financeira,FLAGSHIP INSTITUICAO DE PAGAMENTOS LTDA,,7.0,12.0,77173.0
2023,2º,"Demais Bancos, Financeiras e Instituições de Pagamento",Banco/financeira,FORIS GFS BR INSTITUICAO DE PAGAMENTO LTDA,,0.0,1.0,0.0
2023,2º,"Demais Bancos, Financeiras e Instituições de Pagamento",Banco/financeira,FORTBRASIL INSTITUIÇÃO DE PAGAMENTO S/A,,6.0,16.0,717317.0
2023,2º,"Demais Bancos, Financeiras e Instituições de Pagamento",Conglomerado,GAZIN (conglomerado),,0.0,1.0,68114.0
2023,2º,"Demais Bancos, Financeiras e Instituições de Pagamento",Conglomerado,GENIAL (conglomerado),,9.0,16.0,889137.0
2023,2º,"Demais Bancos, Financeiras e Instituições de Pagamento",Conglomerado,GERENCIANET (conglomerado),,5.0,32.0,375492.0
2023,2º,"Demais Bancos, Financeiras e Instituições de Pagamento",Conglomerado,GM (conglomerado),,2.0,22.0,216876.0
2023,2º,"Demais Bancos, Financeiras e Instituições de Pagamento",Banco/financeira,GOOGLE PAY BRASIL INSTITUICAO DE PAGAMENTO LTDA.,,0.0,1.0,0.0
2023,2º,"Demais Bancos, Financeiras e Instituições de Pagamento",Banco/financeira,GRANITO INSTITUIÇÃO DE PAGAMENTO S.A.,,2.0,5.0,60.0
2023,2º,"Demais Bancos, Financeiras e Instituições de Pagamento",Banco/financeira,"GRAZZIOTIN FINANCEIRA S/A - CRÉDITO, FINANCIAMENTO E INVESTIMENTOS",,0.0,2.0,90789.0
2023,2º,"Demais Bancos, Financeiras e Instituições de Pagamento",Conglomerado,GRUPO BONSUCESSO - BS2 (conglomerado),100.03,44.0,129.0,439835.0
2023,2º,"Demais Bancos, Financeiras e Instituições de Pagamento",Conglomerado,GRUPO ZEMA (conglomerado),,3.0,21.0,388102.0
2023,2º,"Demais Bancos, Financeiras e Instituições de Pagamento",Conglomerado,HERVAL - HS (conglomerado),,2.0,9.0,220843.0
2023,2º,"Demais Bancos, Financeiras e Instituições de Pagamento",Conglomerado,HONDA (conglomerado),,8.0,22.0,357314.0
2023,2º,"Demais Bancos, Financeiras e Instituições de Pagamento",Banco/financeira,HUB INSTITUIÇÃO DE PAGAMENTO S.A.,2.57,32.0,88.0,12412291.0
2023,2º,"Demais Bancos, Financeiras e Instituições de Pagamento",Conglomerado,INDUSTRIAL DO BRASIL (conglomerado),,3.0,21.0,74458.0
2023,2º,"Top 15 - Bancos, Financeiras e Instituições de Pagamento",Conglomerado,INTER (conglomerado),29.38,776.0,1942.0,26405463.0
2023,2º,"Top 15 - Bancos, Financeiras e Instituições de Pagamento",Conglomerado,ITAU (conglomerado),20.27,2026.0,8062.0,99936353.0
2023,2º,"Demais Bancos, Financeiras e Instituições de Pagamento",Banco/financeira,IUGU INSTITUIÇÃO DE PAGAMENTO S.A.,437.46,112.0,168.0,256018.0
2023,2º,"Demais Bancos, Financeiras e Instituições de Pagamento",Banco/financeira,"JBCRED S.A. SOCIEDADE DE CREDITO, FINANCIAMENTO E INVESTIMENTO",,2.0,7.0,62724.0
2023,2º,"Demais Bancos, Financeiras e Instituições de Pagamento",Conglomerado,JP MORGAN CHASE (conglomerado),,0.0,3.0,3859.0
2023,2º,"Demais Bancos, Financeiras e Instituições de Pagamento",Banco/financeira,"KREDILIG S.A. - CRÉDITO, FINANCIAMENTO E INVESTIMENTO",,1.0,12.0,334911.0
2023,2º,"Demais Bancos, Financeiras e Instituições de Pagamento",Banco/financeira,"LEBES FINANCEIRA S.A. - CRÉDITO, FINANCIAMENTO E INVESTIMENTO",,9.0,14.0,393789.0
2023,2º,"Demais Bancos, Financeiras e Instituições de Pagamento",Banco/financeira,"LECCA CRÉDITO, FINANCIAMENTO E INVESTIMENTO S/A",,9.0,16.0,29058.0
2023,2º,"Demais Bancos, Financeiras e Instituições de Pagamento",Banco/financeira,M PAGAMENTOS S.A. - CRÉDITO FINANCIAMENTO E INVESTIMENTO,,0.0,11.0,559937.0
2023,2º,"Demais Bancos, Financeiras e Instituições de Pagamento",Conglomerado,MASTER (conglomerado),496.22,267.0,557.0,538062.0
2023,2º,"Top 15 - Bancos, Financeiras e Instituições de Pagamento",Conglomerado,MERCADO CRÉDITO (conglomerado),9.83,466.0,1474.0,47390877.0
2023,2º,"Demais Bancos, Financeiras e Instituições de Pagamento",Conglomerado,MERCANTIL DO BRASIL (conglomerado),45.39,304.0,738.0,6697004.0
2023,2º,"Demais Bancos, Financeiras e Instituições de Pagamento",Conglomerado,MERCEDES-BENZ (conglomerado),,0.0,4.0,18568.0
2023,2º,"Demais Bancos, Financeiras e Instituições de Pagamento",Banco/financeira,"MIDWAY S.A. - CRÉDITO, FINANCIAMENTO E INVESTIMENTO",3.75,30.0,187.0,7998000.0
2023,2º,"Demais Bancos, Financeiras e Instituições de Pagamento",Conglomerado,MODAL (conglomerado),,19.0,55.0,1859696.0
2023,2º,"Demais Bancos, Financeiras e Instituições de Pagamento",Banco/financeira,"NEGRESCO S.A. - CREDITO, FINANCIAMENTO E INVESTIMENTOS",,0.0,12.0,504283.0
2023,2º,"Top 15 - Bancos, Financeiras e Instituições de Pagamento",Conglomerado,NEON (conglomerado),11.88,239.0,574.0,20103935.0
2023,2º,"Demais Bancos, Financeiras e Instituições de Pagamento",Banco/financeira,NOVO BANCO CONTINENTAL S.A. - BANCO MÚLTIPLO,,1.0,25.0,680379.0
2023,2º,"Top 15 - Bancos, Financeiras e Instituições de Pagamento",Conglomerado,NUBANK (conglomerado),7.82,608.0,2458.0,77665209.0
2023,2º,"Demais Bancos, Financeiras e Instituições de Pagamento",Conglomerado,NVIO BRASIL (conglomerado),,0.0,1.0,0.0
2023,2º,"Demais Bancos, Financeiras e Instituições de Pagamento",Conglomerado,OMNI (conglomerado),,15.0,124.0,4021173.0
2023,2º,"Top 15 - Bancos, Financeiras e Instituições de Pagamento",Conglomerado,ORIGINAL (conglomerado),7.51,378.0,1261.0,50266862.0
2023,2º,"Top 15 - Bancos, Financeiras e Instituições de Pagamento",Conglomerado,PAGBANK-PAGSEGURO (conglomerado),22.47,662.0,1420.0,29451137.0
2023,2º,"Demais Bancos, Financeiras e Instituições de Pagamento",Banco/financeira,PAGPRIME INSTITUICAO DE PAGAMENTO LTDA,,0.0,2.0,0.0
2023,2º,"Demais Bancos, Financeiras e Instituições de Pagamento",Banco/financeira,PAGUEVELOZ INSTITUIÇÃO DE PAGAMENTO LTDA.,12.69,43.0,60.0,3387173.0
2023,2º,"Demais Bancos, Financeiras e Instituições de Pagamento",Conglomerado,PARANÁ BANCO (conglomerado),,15.0,138.0,607800.0
2023,2º,"Demais Bancos, Financeiras e Instituições de Pagamento",Banco/financeira,PAY4FUN INSTITUICAO DE PAGAMENTO S.A.,,5.0,7.0,433565.0
2023,2º,"Demais Bancos, Financeiras e Instituições de Pagamento",Banco/financeira,PAYPAL DO BRASIL INSTITUIÇÃO DE PAGAMENTO LTDA.,,8.0,52.0,189367.0
2023,2º,"Demais Bancos, Financeiras e Instituições de Pagamento",Banco/financeira,"PEFISA S.A. - CRÉDITO, FINANCIAMENTO E INVESTIMENTO",10.67,109.0,236.0,10212314.0
2023,2º,"Demais Bancos, Financeiras e Instituições de Pagamento",Conglomerado,PINBANK (conglomerado),,3.0,3.0,43066.0
2023,2º,"Demais Bancos, Financeiras e Instituições de Pagamento",Conglomerado,PINE (conglomerado),,2.0,9.0,578845.0
2023,2º,"Demais Bancos, Financeiras e Instituições de Pagamento",Conglomerado,PORTO SEGURO (conglomerado),44.31,137.0,338.0,3091473.0
2023,2º,"Demais Bancos, Financeiras e Instituições de Pagamento",Banco/financeira,QESH INSTITUICAO DE PAGAMENTO LTDA,,0.0,2.0,0.0
2023,2º,"Demais Bancos, Financeiras e Instituições de Pagamento",Banco/financeira,"QISTA S.A. - CRÉDITO, FINANCIAMENTO E INVESTIMENTO",,2.0,10.0,27929.0
2023,2º,"Demais Bancos, Financeiras e Instituições de Pagamento",Banco/financeira,QUERO-QUERO VERDECARD INSTITUIÇÃO DE PAGAMENTO S.A.,,3.0,13.0,614324.0
2023,2º,"Demais Bancos, Financeiras e Instituições de Pagamento",Banco/financeira,"REALIZE CRÉDITO, FINANCIAMENTO E INVESTIMENTO S.A.",,22.0,151.0,5562874.0
2023,2º,"Demais Bancos, Financeiras e Instituições de Pagamento",Conglomerado,RECARGAPAY (conglomerado),10.66,63.0,142.0,5909596.0
2023,2º,"Demais Bancos, Financeiras e Instituições de Pagamento",Conglomerado,RENDIMENTO (conglomerado),,6.0,14.0,235286.0
2023,2º,"Demais Bancos, Financeiras e Instituições de Pagamento",Banco/financeira,REPOM S.A.,,0.0,1.0,270531.0
2023,2º,"Demais Bancos, Financeiras e Instituições de Pagamento",Conglomerado,RODOBENS (conglomerado),,3.0,16.0,30980.0
2023,2º,"Demais Bancos, Financeiras e Instituições de Pagamento",Conglomerado,SAFRA (conglomerado),42.86,250.0,966.0,5831957.0
2023,2º,"Top 15 - Bancos, Financeiras e Instituições de Pagamento",Conglomerado,SANTANDER (conglomerado),18.27,1176.0,6077.0,64360563.0
2023,2º,"Demais Bancos, Financeiras e Instituições de Pagamento",Banco/financeira,"SANTINVEST S.A. - CREDITO, FINANCIAMENTO E INVESTIMENTOS",,0.0,2.0,12431.0
2023,2º,"Demais Bancos, Financeiras e Instituições de Pagamento",Conglomerado,SENFF (conglomerado),,11.0,48.0,517476.0
2023,2º,"Demais Bancos, Financeiras e Instituições de Pagamento",Banco/financeira,SERVNET INSTITUIÇÃO DE PAGAMENTO LTDA.,,1.0,1.0,0.0
2023,2º,"Demais Bancos, Financeiras e Instituições de Pagamento",Banco/financeira,"SF3 CRÉDITO, FINANCIAMENTO E INVESTIMENTO S.A.",,0.0,2.0,18647.0
2023,2º,"Demais Bancos, Financeiras e Instituições de Pagamento",Banco/financeira,SHPP BRASIL INSTITUIÇÃO DE PAGAMENTO E SERVIÇOS DE PAGAMENTOS LTDA.,,18.0,73.0,839845.0
2023,2º,"Demais Bancos, Financeiras e Instituições de Pagamento",Conglomerado,SICREDI (conglomerado),,18.0,60.0,7953919.0
2023,2º,"Demais Bancos, Financeiras e Instituições de Pagamento",Conglomerado,SIMPALA (conglomerado),,1.0,1.0,6176.0
2023,2º,"Demais Bancos, Financeiras e Instituições de Pagamento",Conglomerado,SINOSSERRA (conglomerado),,0.0,1.0,10393.0
2023,2º,"Demais Bancos, Financeiras e Instituições de Pagamento",Conglomerado,SOCIAL BANK (conglomerado),,8.0,13.0,7277.0
2023,2º,"Demais Bancos, Financeiras e Instituições de Pagamento",Banco/financeira,"SOCINAL S.A. - CRÉDITO, FINANCIAMENTO E INVESTIMENTO",,12.0,30.0,2743.0
2023,2º,"Demais Bancos, Financeiras e Instituições de Pagamento",Conglomerado,SOFISA (conglomerado),45.5,37.0,93.0,813068.0
2023,2º,"Demais Bancos, Financeiras e Instituições de Pagamento",Banco/financeira,STARA FINANCEIRA S.A. - CRÉDITO FINANCIAMENTO E INVESTIMENTO,,0.0,1.0,723.0
2023,2º,"Demais Bancos, Financeiras e Instituições de Pagamento",Conglomerado,STONE (conglomerado),,25.0,150.0,4614872.0
2023,2º,"Demais Bancos, Financeiras e Instituições de Pagamento",Banco/financeira,STRIPE BRASIL SOLUCOES DE PAGAMENTO INSTITUICAO DE PAGAMENTO LTDA,,1.0,4.0,76.0
2023,2º,"Demais Bancos, Financeiras e Instituições de Pagamento",Conglomerado,SUMUP (conglomerado),,19.0,40.0,130.0
2023,2º,"Demais Bancos, Financeiras e Instituições de Pagamento",Banco/financeira,SWAP MEIOS DE PAGAMENTOS INSTITUICAO DE PAGAMENTO S.A.,,6.0,16.0,1311438.0
2023,2º,"Demais Bancos, Financeiras e Instituições de Pagamento",Banco/financeira,"TODESCREDI S/A - CRÉDITO, FINANCIAMENTO E INVESTIMENTO",,0.0,2.0,35204.0
2023,2º,"Demais Bancos, Financeiras e Instituições de Pagamento",Banco/financeira,U4C INSTITUIÇÃO DE PAGAMENTO S.A.,,3.0,3.0,0.0
2023,2º,"Demais Bancos, Financeiras e Instituições de Pagamento",Banco/financeira,UZZIPAY INSTITUIÇÃO DE PAGAMENTO S.A.,,0.0,2.0,0.0
2023,2º,"Demais Bancos, Financeiras e Instituições de Pagamento",Banco/financeira,"VIA CERTA FINANCIADORA S.A. - CRÉDITO, FINANCIAMENTO E INVESTIMENTOS",,4.0,37.0,465414.0
2023,2º,"Demais Bancos, Financeiras e Instituições de Pagamento",Conglomerado,VOITER (conglomerado),,1.0,8.0,101664.0
2023,2º,"Demais Bancos, Financeiras e Instituições de Pagamento",Conglomerado,VOLKSWAGEN (conglomerado),,28.0,100.0,339745.0
2023,2º,"Demais Bancos, Financeiras e Instituições de Pagamento",Conglomerado,VOLVO (conglomerado),,0.0,4.0,9224.0
2023,2º,"Top 15 - Bancos, Financeiras e Instituições de Pagamento",Conglomerado,VOTORANTIM (conglomerado),9.94,140.0,559.0,14084175.0
2023,2º,"Demais Bancos, Financeiras e Instituições de Pagamento",Conglomerado,VR (conglomerado),,1.0,3.0,81.0
2023,2º,"Demais Bancos, Financeiras e Instituições de Pagamento",Conglomerado,WESTERN UNION (conglomerado),,1.0,6.0,1.0
2023,2º,"Demais Bancos, Financeiras e Instituições de Pagamento",Conglomerado,WILL (conglomerado),25.6,118.0,238.0,4608664.0
2023,2º,"Demais Bancos, Financeiras e Instituições de Pagamento",Conglomerado,XP (conglomerado),54.0,204.0,286.0,3777299.0
2023,2º,"Demais Bancos, Financeiras e Instituições de Pagamento",Conglomerado,YAMAHA MOTOR (conglomerado),,1.0,20.0,218248.0
2023,3º,"Demais Bancos, Financeiras e Instituições de Pagamento",Conglomerado,ABC-BRASIL (conglomerado),,3.0,12.0,59729.0
2023,3º,"Demais Bancos, Financeiras e Instituições de Pagamento",Banco/financeira,ACESSO SOLUÇÕES DE PAGAMENTO S.A. - INSTITUIÇÃO DE PAGAMENTO,31.39,101.0,185.0,3216690.0
2023,3º,"Demais Bancos, Financeiras e Instituições de Pagamento",Banco/financeira,ACG INSTITUIÇÃO DE PAGAMENTO S.A.,,1.0,1.0,60581.0
2023,3º,"Demais Bancos, Financeiras e Instituições de Pagamento",Banco/financeira,ACQIO ADQUIRENCIA INSTITUICAO DE PAGAMENTO S.A.,,1.0,1.0,0.0
2023,3º,"Demais Bancos, Financeiras e Instituições de Pagamento",Conglomerado,AFINZ (conglomerado),,24.0,83.0,419782.0
2023,3º,"Demais Bancos, Financeiras e Instituições de Pagamento",Conglomerado,AGIBANK (conglomerado),154.31,370.0,1024.0,2397638.0
2023,3º,"Demais Bancos, Financeiras e Instituições de Pagamento",Banco/financeira,"AGORACRED S/A SOCIEDADE DE CRÉDITO, FINANCIAMENTO E INVESTIMENTO",,7.0,9.0,607987.0
2023,3º,"Demais Bancos, Financeiras e Instituições de Pagamento",Banco/financeira,"AL5 S.A. CRÉDITO, FINANCIAMENTO E INVESTIMENTO",,0.0,4.0,19414.0
2023,3º,"Demais Bancos, Financeiras e Instituições de Pagamento",Conglomerado,ALFA (conglomerado),,15.0,72.0,441009.0
2023,3º,"Top 15 - Bancos, Financeiras e Instituições de Pagamento",Conglomerado,AME DIGITAL (conglomerado),1.67,55.0,186.0,32779759.0
2023,3º,"Demais Bancos, Financeiras e Instituições de Pagamento",Conglomerado,ANDBANK (conglomerado),,0.0,8.0,63627.0
2023,3º,"Demais Bancos, Financeiras e Instituições de Pagamento",Conglomerado,ASAAS (conglomerado),,18.0,82.0,677938.0
2023,3º,"Demais Bancos, Financeiras e Instituições de Pagamento",Banco/financeira,BANCO ARBI S.A.,,5.0,18.0,243635.0
2023,3º,"Demais Bancos, Financeiras e Instituições de Pagamento",Banco/financeira,BANCO B3 S.A.,,0.0,2.0,1255.0
2023,3º,"Demais Bancos, Financeiras e Instituições de Pagamento",Banco/financeira,BANCO CNH INDUSTRIAL CAPITAL S.A.,,0.0,1.0,31966.0
2023,3º,"Demais Bancos, Financeiras e Instituições de Pagamento",Banco/financeira,BANCO CSF S.A.,8.96,75.0,251.0,8369521.0
2023,3º,"Demais Bancos, Financeiras e Instituições de Pagamento",Banco/financeira,BANCO DA AMAZONIA S.A.,,5.0,11.0,608474.0
2023,3º,"Demais Bancos, Financeiras e Instituições de Pagamento",Banco/financeira,BANCO DE LAGE LANDEN BRASIL S.A.,,0.0,1.0,37364.0
2023,3º,"Demais Bancos, Financeiras e Instituições de Pagamento",Banco/financeira,BANCO DIGIMAIS S.A.,219.82,62.0,130.0,282038.0
2023,3º,"Demais Bancos, Financeiras e Instituições de Pagamento",Banco/financeira,BANCO DO ESTADO DE SERGIPE S.A.,,23.0,66.0,1130568.0
2023,3º,"Demais Bancos, Financeiras e Instituições de Pagamento",Banco/financeira,BANCO DO ESTADO DO PARÁ S.A.,41.77,44.0,87.0,1053175.0
2023,3º,"Demais Bancos, Financeiras e Instituições de Pagamento",Banco/financeira,BANCO DO NORDESTE DO BRASIL S.A.,,4.0,53.0,9685140.0
2023,3º,"Demais Bancos, Financeiras e Instituições de Pagamento",Banco/financeira,BANCO FIBRA S.A.,,1.0,4.0,164758.0
2023,3º,"Demais Bancos, Financeiras e Instituições de Pagamento",Banco/financeira,BANCO FIDIS S/A,,0.0,1.0,1458.0
2023,3º,"Demais Bancos, Financeiras e Instituições de Pagamento",Banco/financeira,BANCO HSBC S.A.,,0.0,4.0,4980.0
2023,3º,"Demais Bancos, Financeiras e Instituições de Pagamento",Banco/financeira,BANCO INBURSA S.A.,821.6,94.0,175.0,114410.0
2023,3º,"Demais Bancos, Financeiras e Instituições de Pagamento",Banco/financeira,BANCO JOHN DEERE S.A.,,0.0,4.0,13218.0
2023,3º,"Demais Bancos, Financeiras e Instituições de Pagamento",Banco/financeira,BANCO OURINVEST S.A.,,6.0,18.0,546495.0
2023,3º,"Demais Bancos, Financeiras e Instituições de Pagamento",Banco/financeira,BANCO PAULISTA S.A.,,3.0,17.0,115128.0
2023,3º,"Demais Bancos, Financeiras e Instituições de Pagamento",Banco/financeira,BANCO PSA FINANCE BRASIL S.A.,,0.0,3.0,0.0
2023,3º,"Demais Bancos, Financeiras e Instituições de Pagamento",Banco/financeira,BANCO RABOBANK INTERNATIONAL BRASIL S.A.,,0.0,2.0,3832.0
2023,3º,"Demais Bancos, Financeiras e Instituições de Pagamento",Banco/financeira,BANCO RNX S.A.,,1.0,2.0,2324.0
2023,3º,"Demais Bancos, Financeiras e Instituições de Pagamento",Banco/financeira,BANCO SEMEAR S.A.,,6.0,13.0,269061.0
2023,3º,"Demais Bancos, Financeiras e Instituições de Pagamento",Conglomerado,BANCO SICOOB (conglomerado),6.56,43.0,170.0,6548532.0
2023,3º,"Demais Bancos, Financeiras e Instituições de Pagamento",Banco/financeira,BANCO TOPÁZIO S.A.,,2.0,12.0,12516.0
2023,3º,"Demais Bancos, Financeiras e Instituições de Pagamento",Conglomerado,BANCO TOYOTA DO BRASIL S.A. (conglomerado),,4.0,19.0,160314.0
2023,3º,"Demais Bancos, Financeiras e Instituições de Pagamento",Banco/financeira,BANCO TRIANGULO S.A.,,7.0,25.0,1758026.0
2023,3º,"Demais Bancos, Financeiras e Instituições de Pagamento",Conglomerado,BANESTES (conglomerado),22.69,32.0,79.0,1410038.0
2023,3º,"Demais Bancos, Financeiras e Instituições de Pagamento",Conglomerado,BANRISUL (conglomerado),8.9,47.0,369.0,5280863.0
2023,3º,"Demais Bancos, Financeiras e Instituições de Pagamento",Conglomerado,BARIGUI (conglomerado),,16.0,74.0,349651.0
2023,3º,"Top 15 - Bancos, Financeiras e Instituições de Pagamento",Conglomerado,BB (conglomerado),8.99,675.0,4538.0,75080276.0
2023,3º,"Demais Bancos, Financeiras e Instituições de Pagamento",Conglomerado,BBC (conglomerado),,0.0,5.0,7895.0
2023,3º,"Demais Bancos, Financeiras e Instituições de Pagamento",Banco/financeira,BBVA BRASIL BANCO DE INVESTIMENTO S.A.,,1.0,1.0,0.0
2023,3º,"Demais Bancos, Financeiras e Instituições de Pagamento",Banco/financeira,"BECKER FINANCEIRA S.A. - CRÉDITO, FINANCIAMENTO E INVESTIMENTO",,0.0,4.0,236233.0
2023,3º,"Demais Bancos, Financeiras e Instituições de Pagamento",Conglomerado,BLU - FINANCEIRO (conglomerado),,0.0,2.0,39218.0
2023,3º,"Demais Bancos, Financeiras e Instituições de Pagamento",Conglomerado,BMG (conglomerado),34.23,452.0,1334.0,13202229.0
2023,3º,"Demais Bancos, Financeiras e Instituições de Pagamento",Conglomerado,BMW (conglomerado),,2.0,2.0,41733.0
2023,3º,"Demais Bancos, Financeiras e Instituições de Pagamento",Conglomerado,BNP PARIBAS (conglomerado),,9.0,71.0,1305617.0
2023,3º,"Demais Bancos, Financeiras e Instituições de Pagamento",Conglomerado,BNQI - FINANCEIRO (conglomerado),,28.0,77.0,6243589.0
2023,3º,"Demais Bancos, Financeiras e Instituições de Pagamento",Conglomerado,BOCOM (conglomerado),,0.0,1.0,8946.0
2023,3º,"Demais Bancos, Financeiras e Instituições de Pagamento",Conglomerado,BOFA MERRILL LYNCH (conglomerado),,0.0,1.0,4957.0
2023,3º,"Top 15 - Bancos, Financeiras e Instituições de Pagamento",Conglomerado,BRADESCO (conglomerado),29.02,3052.0,8679.0,105159414.0
2023,3º,"Demais Bancos, Financeiras e Instituições de Pagamento",Conglomerado,BRB (conglomerado),71.76,461.0,947.0,6423795.0
2023,3º,"Top 15 - Bancos, Financeiras e Instituições de Pagamento",Conglomerado,BTG PACTUAL/BANCO PAN (conglomerado),38.41,867.0,2091.0,22568804.0
2023,3º,"Top 15 - Bancos, Financeiras e Instituições de Pagamento",Conglomerado,C6 BANK (conglomerado),20.44,573.0,2279.0,28029631.0
2023,3º,"Top 15 - Bancos, Financeiras e Instituições de Pagamento",Conglomerado,CAIXA ECONÔMICA FEDERAL (conglomerado),11.58,1750.0,5643.0,151006762.0
2023,3º,"Demais Bancos, Financeiras e Instituições de Pagamento",Banco/financeira,"CALCRED S.A. - CRÉDITO, FINANCIAMENTO E INVESTIMENTO",,5.0,13.0,142713.0
2023,3º,"Demais Bancos, Financeiras e Instituições de Pagamento",Banco/financeira,"CARUANA S.A. - SOCIEDADE DE CRÉDITO, FINANCIAMENTO E INVESTIMENTO",,5.0,8.0,52694.0
2023,3º,"Demais Bancos, Financeiras e Instituições de Pagamento",Conglomerado,CCB (conglomerado),,5.0,33.0,140415.0
2023,3º,"Demais Bancos, Financeiras e Instituições de Pagamento",Banco/financeira,CELCOIN INSTITUICAO DE PAGAMENTO S.A.,39.24,60.0,72.0,1528776.0
2023,3º,"Demais Bancos, Financeiras e Instituições de Pagamento",Banco/financeira,"CENTROCRED S.A. CRÉDITO, FINANCIAMENTO E INVESTIMENTOS",,0.0,6.0,120927.0
2023,3º,"Demais Bancos, Financeiras e Instituições de Pagamento",Banco/financeira,CIELO S.A. - INSTITUIÇÃO DE PAGAMENTO,,14.0,47.0,489057.0
2023,3º,"Demais Bancos, Financeiras e Instituições de Pagamento",Conglomerado,CITIBANK (conglomerado),,0.0,9.0,19341.0
2023,3º,"Demais Bancos, Financeiras e Instituições de Pagamento",Banco/financeira,CLOUDWALK INSTITUIÇÃO DE PAGAMENTO E SERVICOS LTDA,,11.0,57.0,605544.0
2023,3º,"Demais Bancos, Financeiras e Instituições de Pagamento",Conglomerado,COBUCCIO (conglomerado),48.19,52.0,137.0,1079010.0
2023,3º,"Demais Bancos, Financeiras e Instituições de Pagamento",Conglomerado,COLOMBO (conglomerado),,2.0,18.0,328606.0
2023,3º,"Demais Bancos, Financeiras e Instituições de Pagamento",Banco/financeira,CONTA PRONTA INSTITUICAO DE PAGAMENTO LTDA,,0.0,1.0,27453.0
2023,3º,"Demais Bancos, Financeiras e Instituições de Pagamento",Banco/financeira,COOPER CARD INSTITUIÇÃO DE PAGAMENTO LTDA.,,0.0,9.0,300269.0
2023,3º,"Demais Bancos, Financeiras e Instituições de Pagamento",Banco/financeira,CREDI-SHOP S/A - INSTITUIÇÃO DE PAGAMENTO,,0.0,4.0,681175.0
2023,3º,"Demais Bancos, Financeiras e Instituições de Pagamento",Conglomerado,CREDSYSTEM (conglomerado),,16.0,61.0,4343050.0
2023,3º,"Demais Bancos, Financeiras e Instituições de Pagamento",Conglomerado,CREFISA (conglomerado),21.65,91.0,380.0,4203058.0
2023,3º,"Demais Bancos, Financeiras e Instituições de Pagamento",Banco/financeira,CUMBUCA INSTITUIÇÃO DE PAGAMENTO LTDA.,,0.0,1.0,0.0
2023,3º,"Demais Bancos, Financeiras e Instituições de Pagamento",Conglomerado,DAYCOVAL (conglomerado),90.26,188.0,646.0,2082869.0
2023,3º,"Demais Bancos, Financeiras e Instituições de Pagamento",Banco/financeira,DLOCAL BRASIL INSTITUIÇÃO DE PAGAMENTO S.A.,,3.0,9.0,966667.0
2023,3º,"Demais Bancos, Financeiras e Instituições de Pagamento",Conglomerado,DMCARD (conglomerado),,0.0,1.0,514.0
2023,3º,"Demais Bancos, Financeiras e Instituições de Pagamento",Banco/financeira,DOCK INSTITUIÇÃO DE PAGAMENTO S.A.,20.13,97.0,119.0,4817080.0
2023,3º,"Demais Bancos, Financeiras e Instituições de Pagamento",Banco/financeira,EBANX INSTITUICAO DE PAGAMENTOS LTDA.,427.96,43.0,61.0,100476.0
2023,3º,"Demais Bancos, Financeiras e Instituições de Pagamento",Banco/financeira,EWALLY INSTITUIÇÃO DE PAGAMENTO S.A.,,3.0,10.0,0.0
2023,3º,"Demais Bancos, Financeiras e Instituições de Pagamento",Banco/financeira,FACTA FINANCEIRA S.A. - CRÉDITO FINANCIAMENTO E INVESTIMENTO,66.01,83.0,352.0,1257333.0
2023,3º,"Demais Bancos, Financeiras e Instituições de Pagamento",Banco/financeira,"FINAMAX S.A. - CREDITO, FINANCIAMENTO E INVESTIMENTO",,2.0,8.0,82509.0
2023,3º,"Demais Bancos, Financeiras e Instituições de Pagamento",Conglomerado,FISERV (conglomerado),,0.0,3.0,124.0
2023,3º,"Demais Bancos, Financeiras e Instituições de Pagamento",Banco/financeira,FITBANK INSTITUIÇÃO DE PAGAMENTOS ELETRÔNICOS S.A.,,3.0,22.0,39214.0
2023,3º,"Demais Bancos, Financeiras e Instituições de Pagamento",Banco/financeira,FLAGSHIP INSTITUICAO DE PAGAMENTOS LTDA,,4.0,8.0,89486.0
2023,3º,"Demais Bancos, Financeiras e Instituições de Pagamento",Banco/financeira,FORIS GFS BR INSTITUICAO DE PAGAMENTO LTDA,,3.0,5.0,269285.0
2023,3º,"Demais Bancos, Financeiras e Instituições de Pagamento",Banco/financeira,FORTBRASIL INSTITUIÇÃO DE PAGAMENTO S/A,,7.0,26.0,673983.0
2023,3º,"Demais Bancos, Financeiras e Instituições de Pagamento",Conglomerado,GAZIN (conglomerado),,0.0,3.0,126267.0
2023,3º,"Demais Bancos, Financeiras e Instituições de Pagamento",Conglomerado,GENIAL (conglomerado),,18.0,27.0,1008891.0
2023,3º,"Demais Bancos, Financeiras e Instituições de Pagamento",Conglomerado,GERENCIANET (conglomerado),,9.0,29.0,402762.0
2023,3º,"Demais Bancos, Financeiras e Instituições de Pagamento",Conglomerado,GM (conglomerado),,4.0,19.0,222083.0
2023,3º,"Demais Bancos, Financeiras e Instituições de Pagamento",Banco/financeira,"GOLCRED S/A - CRÉDITO, FINANCIAMENTO E INVESTIMENTO",,2.0,3.0,13092.0
2023,3º,"Demais Bancos, Financeiras e Instituições de Pagamento",Banco/financeira,GOOGLE PAY BRASIL INSTITUICAO DE PAGAMENTO LTDA.,,0.0,3.0,0.0
2023,3º,"Demais Bancos, Financeiras e Instituições de Pagamento",Banco/financeira,GRANITO INSTITUIÇÃO DE PAGAMENTO S.A.,,1.0,4.0,60.0
2023,3º,"Demais Bancos, Financeiras e Instituições de Pagamento",Banco/financeira,"GRAZZIOTIN FINANCEIRA S/A - CRÉDITO, FINANCIAMENTO E INVESTIMENTOS",,0.0,6.0,88682.0
2023,3º,"Demais Bancos, Financeiras e Instituições de Pagamento",Banco/financeira,GREEN NET INSTITUIÇÃO DE PAGAMENTO LTDA,,1.0,1.0,0.0
2023,3º,"Demais Bancos, Financeiras e Instituições de Pagamento",Conglomerado,GRUPO BONSUCESSO - BS2 (conglomerado),,29.0,84.0,443677.0
2023,3º,"Demais Bancos, Financeiras e Instituições de Pagamento",Conglomerado,GRUPO ZEMA (conglomerado),,4.0,32.0,429479.0
2023,3º,"Demais Bancos, Financeiras e Instituições de Pagamento",Conglomerado,HERVAL - HS (conglomerado),,4.0,17.0,210401.0
2023,3º,"Demais Bancos, Financeiras e Instituições de Pagamento",Banco/financeira,HINOVA PAY INSTITUICAO DE PAGAMENTO S.A.,,1.0,1.0,1985.0
2023,3º,"Demais Bancos, Financeiras e Instituições de Pagamento",Conglomerado,HONDA (conglomerado),,5.0,25.0,364711.0
2023,3º,"Demais Bancos, Financeiras e Instituições de Pagamento",Banco/financeira,HUB INSTITUIÇÃO DE PAGAMENTO S.A.,2.34,30.0,83.0,12799936.0
2023,3º,"Demais Bancos, Financeiras e Instituições de Pagamento",Conglomerado,INDUSTRIAL DO BRASIL (conglomerado),,2.0,29.0,78043.0
2023,3º,"Top 15 - Bancos, Financeiras e Instituições de Pagamento",Conglomerado,INTER (conglomerado),24.91,693.0,1905.0,27816541.0
2023,3º,"Top 15 - Bancos, Financeiras e Instituições de Pagamento",Conglomerado,ITAU (conglomerado),15.47,1553.0,7656.0,100350109.0
2023,3º,"Demais Bancos, Financeiras e Instituições de Pagamento",Banco/financeira,IUGU INSTITUIÇÃO DE PAGAMENTO S.A.,,24.0,44.0,268365.0
2023,3º,"Demais Bancos, Financeiras e Instituições de Pagamento",Banco/financeira,"JBCRED S.A. SOCIEDADE DE CREDITO, FINANCIAMENTO E INVESTIMENTO",,2.0,12.0,29215.0
2023,3º,"Demais Bancos, Financeiras e Instituições de Pagamento",Conglomerado,JP MORGAN CHASE (conglomerado),,0.0,2.0,3974.0
2023,3º,"Demais Bancos, Financeiras e Instituições de Pagamento",Banco/financeira,"KREDILIG S.A. - CRÉDITO, FINANCIAMENTO E INVESTIMENTO",,0.0,17.0,351538.0
2023,3º,"Demais Bancos, Financeiras e Instituições de Pagamento",Banco/financeira,LATAM TECNOLOGIA INSTITUICAO DE PAGAMENTO LTDA,,3.0,6.0,0.0
2023,3º,"Demais Bancos, Financeiras e Instituições de Pagamento",Banco/financeira,"LEBES FINANCEIRA S.A. - CRÉDITO, FINANCIAMENTO E INVESTIMENTO",,10.0,28.0,397501.0
2023,3º,"Demais Bancos, Financeiras e Instituições de Pagamento",Banco/financeira,"LECCA CRÉDITO, FINANCIAMENTO E INVESTIMENTO S/A",,5.0,9.0,28837.0
2023,3º,"Demais Bancos, Financeiras e Instituições de Pagamento",Banco/financeira,M PAGAMENTOS S.A. - CRÉDITO FINANCIAMENTO E INVESTIMENTO,,3.0,17.0,989018.0
2023,3º,"Demais Bancos, Financeiras e Instituições de Pagamento",Conglomerado,MASTER (conglomerado),258.47,157.0,380.0,607402.0
2023,3º,"Top 15 - Bancos, Financeiras e Instituições de Pagamento",Conglomerado,MERCADO CRÉDITO (conglomerado),8.68,426.0,1335.0,49070873.0
2023,3º,"Demais Bancos, Financeiras e Instituições de Pagamento",Conglomerado,MERCANTIL DO BRASIL (conglomerado),26.83,190.0,521.0,7080383.0
2023,3º,"Demais Bancos, Financeiras e Instituições de Pagamento",Conglomerado,MERCEDES-BENZ (conglomerado),,3.0,12.0,18343.0
2023,3º,"Demais Bancos, Financeiras e Instituições de Pagamento",Banco/financeira,"MIDWAY S.A. - CRÉDITO, FINANCIAMENTO E INVESTIMENTO",,28.0,197.0,7981629.0
2023,3º,"Demais Bancos, Financeiras e Instituições de Pagamento",Conglomerado,MORGAN STANLEY (conglomerado),,0.0,1.0,1412.0
2023,3º,"Demais Bancos, Financeiras e Instituições de Pagamento",Banco/financeira,"NEGRESCO S.A. - CREDITO, FINANCIAMENTO E INVESTIMENTOS",,3.0,17.0,511571.0
2023,3º,"Top 15 - Bancos, Financeiras e Instituições de Pagamento",Conglomerado,NEON (conglomerado),14.03,297.0,609.0,21163147.0
2023,3º,"Demais Bancos, Financeiras e Instituições de Pagamento",Banco/financeira,NOVO BANCO CONTINENTAL S.A. - BANCO MÚLTIPLO,,5.0,32.0,792199.0
2023,3º,"Top 15 - Bancos, Financeiras e Instituições de Pagamento",Conglomerado,NUBANK (conglomerado),8.44,695.0,3082.0,82303144.0
2023,3º,"Demais Bancos, Financeiras e Instituições de Pagamento",Conglomerado,NVIO BRASIL (conglomerado),,2.0,3.0,0.0
2023,3º,"Demais Bancos, Financeiras e Instituições de Pagamento",Conglomerado,OMNI (conglomerado),11.87,40.0,167.0,3369083.0
2023,3º,"Top 15 - Bancos, Financeiras e Instituições de Pagamento",Conglomerado,ORIGINAL (conglomerado),14.6,748.0,1668.0,51231101.0
2023,3º,"Top 15 - Bancos, Financeiras e Instituições de Pagamento",Conglomerado,PAGBANK-PAGSEGURO (conglomerado),22.28,673.0,1474.0,30198974.0
2023,3º,"Demais Bancos, Financeiras e Instituições de Pagamento",Banco/financeira,PAGUEVELOZ INSTITUIÇÃO DE PAGAMENTO LTDA.,7.04,42.0,63.0,5962795.0
2023,3º,"Demais Bancos, Financeiras e Instituições de Pagamento",Conglomerado,PARANÁ BANCO (conglomerado),,23.0,171.0,650816.0
2023,3º,"Demais Bancos, Financeiras e Instituições de Pagamento",Banco/financeira,PAY4FUN INSTITUICAO DE PAGAMENTO S.A.,,0.0,1.0,447132.0
2023,3º,"Demais Bancos, Financeiras e Instituições de Pagamento",Banco/financeira,PAYPAL DO BRASIL INSTITUIÇÃO DE PAGAMENTO LTDA.,,9.0,36.0,191618.0
2023,3º,"Demais Bancos, Financeiras e Instituições de Pagamento",Banco/financeira,"PEFISA S.A. - CRÉDITO, FINANCIAMENTO E INVESTIMENTO",11.4,121.0,256.0,10608134.0
2023,3º,"Demais Bancos, Financeiras e Instituições de Pagamento",Conglomerado,PINBANK (conglomerado),,0.0,3.0,32398.0
2023,3º,"Demais Bancos, Financeiras e Instituições de Pagamento",Conglomerado,PINE (conglomerado),,28.0,50.0,838946.0
2023,3º,"Demais Bancos, Financeiras e Instituições de Pagamento",Conglomerado,PORTO SEGURO (conglomerado),26.17,82.0,303.0,3132840.0
2023,3º,"Demais Bancos, Financeiras e Instituições de Pagamento",Banco/financeira,PROTEGE PAY CASH INSTITUICAO DE PAGAMENTO S/A,,0.0,1.0,835.0
2023,3º,"Demais Bancos, Financeiras e Instituições de Pagamento",Banco/financeira,"QISTA S.A. - CRÉDITO, FINANCIAMENTO E INVESTIMENTO",,5.0,21.0,16490.0
2023,3º,"Demais Bancos, Financeiras e Instituições de Pagamento",Banco/financeira,QUERO-QUERO VERDECARD INSTITUIÇÃO DE PAGAMENTO S.A.,,3.0,14.0,645025.0
2023,3º,"Demais Bancos, Financeiras e Instituições de Pagamento",Banco/financeira,"REALIZE CRÉDITO, FINANCIAMENTO E INVESTIMENTO S.A.",,29.0,174.0,5352924.0
2023,3º,"Demais Bancos, Financeiras e Instituições de Pagamento",Conglomerado,RECARGAPAY (conglomerado),13.11,86.0,184.0,6555254.0
2023,3º,"Demais Bancos, Financeiras e Instituições de Pagamento",Conglomerado,RENDIMENTO (conglomerado),,5.0,20.0,238062.0
2023,3º,"Demais Bancos, Financeiras e Instituições de Pagamento",Banco/financeira,REPOM S.A.,,1.0,2.0,270751.0
2023,3º,"Demais Bancos, Financeiras e Instituições de Pagamento",Conglomerado,RODOBENS (conglomerado),,1.0,6.0,30870.0
2023,3º,"Demais Bancos, Financeiras e Instituições de Pagamento",Banco/financeira,"RPW S/A SOCIEDADE DE CRÉDITO, FINANCIAMENTO E INVESTIMENTO",,0.0,2.0,18463.0
2023,3º,"Demais Bancos, Financeiras e Instituições de Pagamento",Conglomerado,SAFRA (conglomerado),31.46,182.0,774.0,5783294.0
2023,3º,"Top 15 - Bancos, Financeiras e Instituições de Pagamento",Conglomerado,SANTANDER (conglomerado),15.59,1020.0,5342.0,65403582.0
2023,3º,"Demais Bancos, Financeiras e Instituições de Pagamento",Banco/financeira,"SANTINVEST S.A. - CREDITO, FINANCIAMENTO E INVESTIMENTOS",,3.0,6.0,12732.0
2023,3º,"Demais Bancos, Financeiras e Instituições de Pagamento",Conglomerado,SCANIA (conglomerado),,1.0,2.0,6323.0
2023,3º,"Demais Bancos, Financeiras e Instituições de Pagamento",Conglomerado,SENFF (conglomerado),,8.0,39.0,546108.0
2023,3º,"Demais Bancos, Financeiras e Instituições de Pagamento",Banco/financeira,SERVNET INSTITUIÇÃO DE PAGAMENTO LTDA.,,0.0,1.0,289.0
2023,3º,"Demais Bancos, Financeiras e Instituições de Pagamento",Banco/financeira,SHPP BRASIL INSTITUIÇÃO DE PAGAMENTO E SERVIÇOS DE PAGAMENTOS LTDA.,,9.0,44.0,1170944.0
2023,3º,"Demais Bancos, Financeiras e Instituições de Pagamento",Conglomerado,SICREDI (conglomerado),,26.0,80.0,8248603.0
2023,3º,"Demais Bancos, Financeiras e Instituições de Pagamento",Conglomerado,SIMPALA (conglomerado),,0.0,7.0,7111.0
2023,3º,"Demais Bancos, Financeiras e Instituições de Pagamento",Conglomerado,SOCIAL BANK (conglomerado),,4.0,6.0,9245.0
2023,3º,"Demais Bancos, Financeiras e Instituições de Pagamento",Banco/financeira,"SOCINAL S.A. - CRÉDITO, FINANCIAMENTO E INVESTIMENTO",,9.0,30.0,2803.0
2023,3º,"Demais Bancos, Financeiras e Instituições de Pagamento",Conglomerado,SOFISA (conglomerado),52.63,46.0,103.0,873915.0
2023,3º,"Demais Bancos, Financeiras e Instituições de Pagamento",Conglomerado,STONE (conglomerado),,29.0,101.0,5306908.0
2023,3º,"Demais Bancos, Financeiras e Instituições de Pagamento",Conglomerado,SUMUP (conglomerado),,11.0,28.0,132.0
2023,3º,"Demais Bancos, Financeiras e Instituições de Pagamento",Banco/financeira,SUPERBID PAY INSTITUICAO DE PAGAMENTO LTDA,,5.0,6.0,315521.0
2023,3º,"Demais Bancos, Financeiras e Instituições de Pagamento",Banco/financeira,SWAP MEIOS DE PAGAMENTOS INSTITUICAO DE PAGAMENTO S.A.,,8.0,13.0,1471015.0
2023,3º,"Demais Bancos, Financeiras e Instituições de Pagamento",Banco/financeira,"TODESCREDI S/A - CRÉDITO, FINANCIAMENTO E INVESTIMENTO",,1.0,1.0,35225.0
2023,3º,"Demais Bancos, Financeiras e Instituições de Pagamento",Banco/financeira,U4C INSTITUIÇÃO DE PAGAMENTO S.A.,,0.0,3.0,0.0
2023,3º,"Demais Bancos, Financeiras e Instituições de Pagamento",Banco/financeira,"VIA CERTA FINANCIADORA S.A. - CRÉDITO, FINANCIAMENTO E INVESTIMENTOS",,3.0,29.0,329847.0
2023,3º,"Demais Bancos, Financeiras e Instituições de Pagamento",Conglomerado,VOITER (conglomerado),,8.0,14.0,36998.0
2023,3º,"Demais Bancos, Financeiras e Instituições de Pagamento",Conglomerado,VOLKSWAGEN (conglomerado),,11.0,76.0,357255.0
2023,3º,"Demais Bancos, Financeiras e Instituições de Pagamento",Conglomerado,VOLVO (conglomerado),,0.0,2.0,9430.0
2023,3º,"Top 15 - Bancos, Financeiras e Instituições de Pagamento",Conglomerado,VOTORANTIM (conglomerado),9.84,142.0,510.0,14419732.0
2023,3º,"Demais Bancos, Financeiras e Instituições de Pagamento",Banco/financeira,WE PAY OUT INSTITUICAO DE PAGAMENTO LTDA.,,0.0,1.0,0.0
2023,3º,"Demais Bancos, Financeiras e Instituições de Pagamento",Conglomerado,WESTERN UNION (conglomerado),,1.0,2.0,4.0
2023,3º,"Demais Bancos, Financeiras e Instituições de Pagamento",Conglomerado,WILL (conglomerado),22.75,121.0,277.0,5316473.0
2023,3º,"Demais Bancos, Financeiras e Instituições de Pagamento",Conglomerado,XP (conglomerado),54.98,304.0,421.0,5529277.0
2023,3º,"Demais Bancos, Financeiras e Instituições de Pagamento",Conglomerado,YAMAHA MOTOR (conglomerado),,7.0,20.0,230351.0
2023,3º,"Demais Bancos, Financeiras e Instituições de Pagamento",Banco/financeira,Z1 INSTITUIÇÃO DE PAGAMENTO LTDA.,,5.0,17.0,0.0
2023,4º,"Demais Bancos, Financeiras e Instituições de Pagamento",Conglomerado,ABC-BRASIL (conglomerado),,1.0,6.0,66502.0
2023,4º,"Demais Bancos, Financeiras e Instituições de Pagamento",Banco/financeira,ACESSO SOLUÇÕES DE PAGAMENTO S.A. - INSTITUIÇÃO DE PAGAMENTO,12.98,37.0,84.0,2848944.0
2023,4º,"Demais Bancos, Financeiras e Instituições de Pagamento",Banco/financeira,ACG INSTITUIÇÃO DE PAGAMENTO S.A.,,2.0,2.0,65867.0
2023,4º,"Demais Bancos, Financeiras e Instituições de Pagamento",Banco/financeira,ACQIO ADQUIRENCIA INSTITUICAO DE PAGAMENTO S.A.,,4.0,6.0,0.0
2023,4º,"Demais Bancos, Financeiras e Instituições de Pagamento",Banco/financeira,ADYEN DO BRASIL INSTITUICAO DE PAGAMENTO LTDA.,,0.0,3.0,0.0
2023,4º,"Demais Bancos, Financeiras e Instituições de Pagamento",Conglomerado,AFINZ (conglomerado),,9.0,48.0,445174.0
2023,4º,"Demais Bancos, Financeiras e Instituições de Pagamento",Conglomerado,AGIBANK (conglomerado),145.87,377.0,1058.0,2584483.0
2023,4º,"Demais Bancos, Financeiras e Instituições de Pagamento",Banco/financeira,"AGORACRED S/A SOCIEDADE DE CRÉDITO, FINANCIAMENTO E INVESTIMENTO",,3.0,10.0,632363.0
2023,4º,"Demais Bancos, Financeiras e Instituições de Pagamento",Banco/financeira,"AL5 S.A. CRÉDITO, FINANCIAMENTO E INVESTIMENTO",,0.0,2.0,19469.0
2023,4º,"Top 15 - Bancos, Financeiras e Instituições de Pagamento",Conglomerado,AME DIGITAL (conglomerado),1.84,60.0,174.0,32591542.0
2023,4º,"Demais Bancos, Financeiras e Instituições de Pagamento",Conglomerado,ANDBANK (conglomerado),,1.0,15.0,65390.0
2023,4º,"Demais Bancos, Financeiras e Instituições de Pagamento",Conglomerado,ASAAS (conglomerado),,20.0,67.0,736473.0
2023,4º,"Demais Bancos, Financeiras e Instituições de Pagamento",Conglomerado,B3 (conglomerado),,0.0,3.0,1240.0
2023,4º,"Demais Bancos, Financeiras e Instituições de Pagamento",Banco/financeira,BANCO ARBI S.A.,,2.0,15.0,274393.0
2023,4º,"Demais Bancos, Financeiras e Instituições de Pagamento",Banco/financeira,BANCO CNH INDUSTRIAL CAPITAL S.A.,,0.0,4.0,32739.0
2023,4º,"Demais Bancos, Financeiras e Instituições de Pagamento",Banco/financeira,BANCO CSF S.A.,6.37,54.0,242.0,8477182.0
2023,4º,"Demais Bancos, Financeiras e Instituições de Pagamento",Banco/financeira,BANCO DA AMAZONIA S.A.,,2.0,4.0,612332.0
2023,4º,"Demais Bancos, Financeiras e Instituições de Pagamento",Banco/financeira,BANCO DIGIMAIS S.A.,,25.0,83.0,296709.0
2023,4º,"Demais Bancos, Financeiras e Instituições de Pagamento",Banco/financeira,BANCO DO ESTADO DE SERGIPE S.A.,,15.0,48.0,1135370.0
2023,4º,"Demais Bancos, Financeiras e Instituições de Pagamento",Banco/financeira,BANCO DO ESTADO DO PARÁ S.A.,,19.0,58.0,1065367.0
2023,4º,"Demais Bancos, Financeiras e Instituições de Pagamento",Banco/financeira,BANCO DO NORDESTE DO BRASIL S.A.,,2.0,55.0,9795943.0
2023,4º,"Demais Bancos, Financeiras e Instituições de Pagamento",Banco/financeira,BANCO FATOR S.A.,,0.0,1.0,158.0
2023,4º,"Demais Bancos, Financeiras e Instituições de Pagamento",Banco/financeira,BANCO FIBRA S.A.,,0.0,1.0,165826.0
2023,4º,"Demais Bancos, Financeiras e Instituições de Pagamento",Banco/financeira,BANCO HSBC S.A.,,0.0,7.0,5696.0
2023,4º,"Demais Bancos, Financeiras e Instituições de Pagamento",Banco/financeira,BANCO INBURSA S.A.,821.07,116.0,273.0,141278.0
2023,4º,"Demais Bancos, Financeiras e Instituições de Pagamento",Banco/financeira,BANCO JOHN DEERE S.A.,,0.0,4.0,13387.0
2023,4º,"Demais Bancos, Financeiras e Instituições de Pagamento",Banco/financeira,BANCO LUSO BRASILEIRO S.A.,,0.0,2.0,2821.0
2023,4º,"Demais Bancos, Financeiras e Instituições de Pagamento",Banco/financeira,BANCO OURINVEST S.A.,,1.0,6.0,647794.0
2023,4º,"Demais Bancos, Financeiras e Instituições de Pagamento",Banco/financeira,BANCO PAULISTA S.A.,,3.0,19.0,113801.0
2023,4º,"Demais Bancos, Financeiras e Instituições de Pagamento",Banco/financeira,BANCO RIBEIRAO PRETO S.A.,,1.0,2.0,5566.0
2023,4º,"Demais Bancos, Financeiras e Instituições de Pagamento",Banco/financeira,BANCO RNX S.A.,,1.0,1.0,2349.0
2023,4º,"Demais Bancos, Financeiras e Instituições de Pagamento",Banco/financeira,BANCO SEMEAR S.A.,,2.0,11.0,245754.0
2023,4º,"Demais Bancos, Financeiras e Instituições de Pagamento",Conglomerado,BANCO SICOOB (conglomerado),9.84,66.0,192.0,6701884.0
2023,4º,"Demais Bancos, Financeiras e Instituições de Pagamento",Banco/financeira,BANCO TOPÁZIO S.A.,,1.0,10.0,12461.0
2023,4º,"Demais Bancos, Financeiras e Instituições de Pagamento",Conglomerado,BANCO TOYOTA DO BRASIL S.A. (conglomerado),,5.0,27.0,161793.0
2023,4º,"Demais Bancos, Financeiras e Instituições de Pagamento",Banco/financeira,BANCO TRIANGULO S.A.,,6.0,32.0,1798970.0
2023,4º,"Demais Bancos, Financeiras e Instituições de Pagamento",Conglomerado,BANESTES (conglomerado),,19.0,52.0,1418483.0
2023,4º,"Demais Bancos, Financeiras e Instituições de Pagamento",Conglomerado,BANRISUL (conglomerado),7.79,42.0,361.0,5385323.0
2023,4º,"Demais Bancos, Financeiras e Instituições de Pagamento",Conglomerado,BARIGUI (conglomerado),,15.0,42.0,348931.0
2023,4º,"Top 15 - Bancos, Financeiras e Instituições de Pagamento",Conglomerado,BB (conglomerado),5.94,449.0,3564.0,75467287.0
2023,4º,"Demais Bancos, Financeiras e Instituições de Pagamento",Conglomerado,BBC (conglomerado),,1.0,5.0,8535.0
2023,4º,"Demais Bancos, Financeiras e Instituições de Pagamento",Banco/financeira,"BECKER FINANCEIRA S.A. - CRÉDITO, FINANCIAMENTO E INVESTIMENTO",,0.0,1.0,224509.0
2023,4º,"Demais Bancos, Financeiras e Instituições de Pagamento",Banco/financeira,BEETELLER INSTITUIÇÃO DE PAGAMENTO LTDA.,,0.0,1.0,0.0
2023,4º,"Demais Bancos, Financeiras e Instituições de Pagamento",Conglomerado,BLU - FINANCEIRO (conglomerado),,2.0,3.0,40281.0
2023,4º,"Demais Bancos, Financeiras e Instituições de Pagamento",Conglomerado,BMG (conglomerado),32.86,341.0,1126.0,10376912.0
2023,4º,"Demais Bancos, Financeiras e Instituições de Pagamento",Conglomerado,BMW (conglomerado),,6.0,7.0,45389.0
2023,4º,"Demais Bancos, Financeiras e Instituições de Pagamento",Conglomerado,BNP PARIBAS (conglomerado),,17.0,239.0,1177387.0
2023,4º,"Demais Bancos, Financeiras e Instituições de Pagamento",Conglomerado,BNQI - FINANCEIRO (conglomerado),,11.0,38.0,6375721.0
2023,4º,"Demais Bancos, Financeiras e Instituições de Pagamento",Conglomerado,BOCOM (conglomerado),,1.0,1.0,9240.0
2023,4º,"Top 15 - Bancos, Financeiras e Instituições de Pagamento",Conglomerado,BRADESCO (conglomerado),18.96,2007.0,5992.0,105844674.0
2023,4º,"Demais Bancos, Financeiras e Instituições de Pagamento",Conglomerado,BRB (conglomerado),68.93,453.0,856.0,6570990.0
2023,4º,"Top 15 - Bancos, Financeiras e Instituições de Pagamento",Conglomerado,BTG PACTUAL/BANCO PAN (conglomerado),34.11,791.0,1914.0,23184516.0
2023,4º,"Top 15 - Bancos, Financeiras e Instituições de Pagamento",Conglomerado,C6 BANK (conglomerado),15.23,432.0,1898.0,28349422.0
2023,4º,"Top 15 - Bancos, Financeiras e Instituições de Pagamento",Conglomerado,CAIXA ECONÔMICA FEDERAL (conglomerado),11.52,1745.0,5008.0,151431759.0
2023,4º,"Demais Bancos, Financeiras e Instituições de Pagamento",Conglomerado,CAIXA GERAL (conglomerado),,0.0,2.0,1062.0
2023,4º,"Demais Bancos, Financeiras e Instituições de Pagamento",Banco/financeira,"CALCRED S.A. - CRÉDITO, FINANCIAMENTO E INVESTIMENTO",,2.0,10.0,150216.0
2023,4º,"Demais Bancos, Financeiras e Instituições de Pagamento",Banco/financeira,"CARUANA S.A. - SOCIEDADE DE CRÉDITO, FINANCIAMENTO E INVESTIMENTO",,3.0,6.0,55018.0
2023,4º,"Demais Bancos, Financeiras e Instituições de Pagamento",Conglomerado,CCB (conglomerado),,1.0,26.0,136066.0
2023,4º,"Demais Bancos, Financeiras e Instituições de Pagamento",Banco/financeira,CELCOIN INSTITUICAO DE PAGAMENTO S.A.,27.49,48.0,57.0,1745943.0
2023,4º,"Demais Bancos, Financeiras e Instituições de Pagamento",Banco/financeira,"CENTROCRED S.A. CRÉDITO, FINANCIAMENTO E INVESTIMENTOS",,0.0,7.0,124696.0
2023,4º,"Demais Bancos, Financeiras e Instituições de Pagamento",Banco/financeira,CIELO S.A. - INSTITUIÇÃO DE PAGAMENTO,,9.0,33.0,1098506.0
2023,4º,"Demais Bancos, Financeiras e Instituições de Pagamento",Conglomerado,CITIBANK (conglomerado),,0.0,9.0,19809.0
2023,4º,"Demais Bancos, Financeiras e Instituições de Pagamento",Banco/financeira,CLOUDWALK INSTITUIÇÃO DE PAGAMENTO E SERVICOS LTDA,,12.0,55.0,1226420.0
2023,4º,"Demais Bancos, Financeiras e Instituições de Pagamento",Conglomerado,COBUCCIO (conglomerado),54.22,64.0,142.0,1180313.0
2023,4º,"Demais Bancos, Financeiras e Instituições de Pagamento",Conglomerado,COLOMBO (conglomerado),,2.0,14.0,269528.0
2023,4º,"Demais Bancos, Financeiras e Instituições de Pagamento",Banco/financeira,CONTA PRONTA INSTITUICAO DE PAGAMENTO LTDA,,0.0,2.0,28446.0
2023,4º,"Demais Bancos, Financeiras e Instituições de Pagamento",Banco/financeira,COOPER CARD INSTITUIÇÃO DE PAGAMENTO LTDA.,,1.0,11.0,285186.0
2023,4º,"Demais Bancos, Financeiras e Instituições de Pagamento",Banco/financeira,CREDI-SHOP S/A - INSTITUIÇÃO DE PAGAMENTO,,0.0,6.0,680807.0
2023,4º,"Demais Bancos, Financeiras e Instituições de Pagamento",Conglomerado,CREDIT SUISSE (conglomerado),,0.0,1.0,5860.0
2023,4º,"Demais Bancos, Financeiras e Instituições de Pagamento",Conglomerado,CREDSYSTEM (conglomerado),,16.0,57.0,5053641.0
2023,4º,"Demais Bancos, Financeiras e Instituições de Pagamento",Conglomerado,CREFISA (conglomerado),13.24,59.0,398.0,4455516.0
2023,4º,"Demais Bancos, Financeiras e Instituições de Pagamento",Banco/financeira,CUMBUCA INSTITUIÇÃO DE PAGAMENTO LTDA.,,1.0,1.0,0.0
2023,4º,"Demais Bancos, Financeiras e Instituições de Pagamento",Conglomerado,DAYCOVAL (conglomerado),87.48,189.0,656.0,2160425.0
2023,4º,"Demais Bancos, Financeiras e Instituições de Pagamento",Banco/financeira,DLOCAL BRASIL INSTITUIÇÃO DE PAGAMENTO S.A.,,7.0,10.0,50361.0
2023,4º,"Demais Bancos, Financeiras e Instituições de Pagamento",Banco/financeira,DOCK INSTITUIÇÃO DE PAGAMENTO S.A.,8.0,43.0,64.0,5371951.0
2023,4º,"Demais Bancos, Financeiras e Instituições de Pagamento",Banco/financeira,EBANX INSTITUICAO DE PAGAMENTOS LTDA.,,8.0,11.0,137302.0
2023,4º,"Demais Bancos, Financeiras e Instituições de Pagamento",Banco/financeira,EWALLY INSTITUIÇÃO DE PAGAMENTO S.A.,,0.0,3.0,0.0
2023,4º,"Demais Bancos, Financeiras e Instituições de Pagamento",Banco/financeira,FACTA FINANCEIRA S.A. - CRÉDITO FINANCIAMENTO E INVESTIMENTO,56.46,71.0,339.0,1257333.0
2023,4º,"Demais Bancos, Financeiras e Instituições de Pagamento",Banco/financeira,"FINAMAX S.A. - CREDITO, FINANCIAMENTO E INVESTIMENTO",,0.0,6.0,83343.0
2023,4º,"Demais Bancos, Financeiras e Instituições de Pagamento",Conglomerado,FISERV (conglomerado),,2.0,7.0,127.0
2023,4º,"Demais Bancos, Financeiras e Instituições de Pagamento",Banco/financeira,FITBANK INSTITUIÇÃO DE PAGAMENTOS ELETRÔNICOS S.A.,,0.0,13.0,56475.0
2023,4º,"Demais Bancos, Financeiras e Instituições de Pagamento",Banco/financeira,FLAGSHIP INSTITUICAO DE PAGAMENTOS LTDA,,4.0,6.0,73827.0
2023,4º,"Demais Bancos, Financeiras e Instituições de Pagamento",Banco/financeira,FORIS GFS BR INSTITUICAO DE PAGAMENTO LTDA,,2.0,3.0,272746.0
2023,4º,"Demais Bancos, Financeiras e Instituições de Pagamento",Banco/financeira,FORTBRASIL INSTITUIÇÃO DE PAGAMENTO S/A,,6.0,19.0,641493.0
2023,4º,"Demais Bancos, Financeiras e Instituições de Pagamento",Conglomerado,GAZIN (conglomerado),,0.0,2.0,130044.0
2023,4º,"Demais Bancos, Financeiras e Instituições de Pagamento",Conglomerado,GENIAL (conglomerado),,13.0,19.0,1144041.0
2023,4º,"Demais Bancos, Financeiras e Instituições de Pagamento",Conglomerado,GERENCIANET (conglomerado),,5.0,32.0,433406.0
2023,4º,"Demais Bancos, Financeiras e Instituições de Pagamento",Conglomerado,GM (conglomerado),,2.0,21.0,224742.0
2023,4º,"Demais Bancos, Financeiras e Instituições de Pagamento",Banco/financeira,GRANITO INSTITUIÇÃO DE PAGAMENTO S.A.,,2.0,6.0,60.0
2023,4º,"Demais Bancos, Financeiras e Instituições de Pagamento",Banco/financeira,"GRAZZIOTIN FINANCEIRA S/A - CRÉDITO, FINANCIAMENTO E INVESTIMENTOS",,0.0,4.0,84806.0
2023,4º,"Demais Bancos, Financeiras e Instituições de Pagamento",Banco/financeira,GREEN NET INSTITUIÇÃO DE PAGAMENTO LTDA,,2.0,2.0,0.0
2023,4º,"Demais Bancos, Financeiras e Instituições de Pagamento",Conglomerado,GRUPO BONSUCESSO - BS2 (conglomerado),,16.0,69.0,442222.0
2023,4º,"Demais Bancos, Financeiras e Instituições de Pagamento",Conglomerado,GRUPO ZEMA (conglomerado),,4.0,27.0,436854.0
2023,4º,"Demais Bancos, Financeiras e Instituições de Pagamento",Conglomerado,HERVAL - HS (conglomerado),,2.0,10.0,207490.0
2023,4º,"Demais Bancos, Financeiras e Instituições de Pagamento",Conglomerado,HONDA (conglomerado),,7.0,29.0,373239.0
2023,4º,"Demais Bancos, Financeiras e Instituições de Pagamento",Banco/financeira,HUB INSTITUIÇÃO DE PAGAMENTO S.A.,,24.0,45.0,13356518.0
2023,4º,"Demais Bancos, Financeiras e Instituições de Pagamento",Conglomerado,INDUSTRIAL DO BRASIL (conglomerado),,7.0,22.0,80050.0
2023,4º,"Top 15 - Bancos, Financeiras e Instituições de Pagamento",Conglomerado,INTER (conglomerado),18.61,543.0,1669.0,29168040.0
2023,4º,"Top 15 - Bancos, Financeiras e Instituições de Pagamento",Conglomerado,ITAU (conglomerado),10.19,1027.0,6029.0,100715079.0
2023,4º,"Demais Bancos, Financeiras e Instituições de Pagamento",Banco/financeira,IUGU INSTITUIÇÃO DE PAGAMENTO S.A.,112.35,33.0,58.0,293717.0
2023,4º,"Demais Bancos, Financeiras e Instituições de Pagamento",Banco/financeira,"JBCRED S.A. SOCIEDADE DE CREDITO, FINANCIAMENTO E INVESTIMENTO",,4.0,18.0,32289.0
2023,4º,"Demais Bancos, Financeiras e Instituições de Pagamento",Conglomerado,JP MORGAN CHASE (conglomerado),,0.0,1.0,4064.0
2023,4º,"Demais Bancos, Financeiras e Instituições de Pagamento",Banco/financeira,"KREDILIG S.A. - CRÉDITO, FINANCIAMENTO E INVESTIMENTO",,0.0,6.0,365932.0
2023,4º,"Demais Bancos, Financeiras e Instituições de Pagamento",Banco/financeira,LATAM TECNOLOGIA INSTITUICAO DE PAGAMENTO LTDA,,0.0,2.0,0.0
2023,4º,"Demais Bancos, Financeiras e Instituições de Pagamento",Banco/financeira,"LEBES FINANCEIRA S.A. - CRÉDITO, FINANCIAMENTO E INVESTIMENTO",,12.0,21.0,386278.0
2023,4º,"Demais Bancos, Financeiras e Instituições de Pagamento",Banco/financeira,"LECCA CRÉDITO, FINANCIAMENTO E INVESTIMENTO S/A",,2.0,11.0,27132.0
2023,4º,"Demais Bancos, Financeiras e Instituições de Pagamento",Conglomerado,LOAN BRASIL (conglomerado),,4.0,14.0,0.0
2023,4º,"Demais Bancos, Financeiras e Instituições de Pagamento",Banco/financeira,M PAGAMENTOS S.A. - CRÉDITO FINANCIAMENTO E INVESTIMENTO,,3.0,21.0,710200.0
2023,4º,"Demais Bancos, Financeiras e Instituições de Pagamento",Conglomerado,MASTER (conglomerado),255.46,178.0,413.0,696779.0
2023,4º,"Demais Bancos, Financeiras e Instituições de Pagamento",Banco/financeira,MERCADO BITCOIN INSTITUICAO DE PAGAMENTO LTDA,,2.0,2.0,0.0
2023,4º,"Top 15 - Bancos, Financeiras e Instituições de Pagamento",Conglomerado,MERCADO PAGO (conglomerado),5.35,274.0,1189.0,51149745.0
2023,4º,"Demais Bancos, Financeiras e Instituições de Pagamento",Conglomerado,MERCANTIL DO BRASIL (conglomerado),49.57,366.0,757.0,7382083.0
2023,4º,"Demais Bancos, Financeiras e Instituições de Pagamento",Conglomerado,MERCEDES-BENZ (conglomerado),,2.0,6.0,18411.0
2023,4º,"Demais Bancos, Financeiras e Instituições de Pagamento",Banco/financeira,"MIDWAY S.A. - CRÉDITO, FINANCIAMENTO E INVESTIMENTO",,25.0,199.0,8120832.0
2023,4º,"Demais Bancos, Financeiras e Instituições de Pagamento",Banco/financeira,"NEGRESCO S.A. - CREDITO, FINANCIAMENTO E INVESTIMENTOS",,2.0,11.0,517968.0
2023,4º,"Top 15 - Bancos, Financeiras e Instituições de Pagamento",Conglomerado,NEON (conglomerado),11.06,245.0,491.0,22143179.0
2023,4º,"Demais Bancos, Financeiras e Instituições de Pagamento",Banco/financeira,NOVO BANCO CONTINENTAL S.A. - BANCO MÚLTIPLO,,10.0,45.0,908214.0
2023,4º,"Top 15 - Bancos, Financeiras e Instituições de Pagamento",Conglomerado,NUBANK (conglomerado),7.97,687.0,3145.0,86110428.0
2023,4º,"Demais Bancos, Financeiras e Instituições de Pagamento",Conglomerado,NVIO BRASIL (conglomerado),,3.0,5.0,1190621.0
2023,4º,"Demais Bancos, Financeiras e Instituições de Pagamento",Conglomerado,OMNI (conglomerado),9.47,31.0,147.0,3271775.0
2023,4º,"Top 15 - Bancos, Financeiras e Instituições de Pagamento",Conglomerado,ORIGINAL (conglomerado),10.22,542.0,1368.0,53006870.0
2023,4º,"Top 15 - Bancos, Financeiras e Instituições de Pagamento",Conglomerado,PAGBANK-PAGSEGURO (conglomerado),20.35,633.0,1503.0,31104813.0
2023,4º,"Demais Bancos, Financeiras e Instituições de Pagamento",Banco/financeira,PAGPRIME INSTITUICAO DE PAGAMENTO LTDA,,0.0,1.0,0.0
2023,4º,"Demais Bancos, Financeiras e Instituições de Pagamento",Banco/financeira,PAGUEVELOZ INSTITUIÇÃO DE PAGAMENTO LTDA.,3.61,32.0,47.0,8854899.0
2023,4º,"Demais Bancos, Financeiras e Instituições de Pagamento",Conglomerado,PARANÁ BANCO (conglomerado),,20.0,168.0,699588.0
2023,4º,"Demais Bancos, Financeiras e Instituições de Pagamento",Banco/financeira,PAY4FUN INSTITUICAO DE PAGAMENTO S.A.,,2.0,2.0,455320.0
2023,4º,"Demais Bancos, Financeiras e Instituições de Pagamento",Banco/financeira,PAYPAL DO BRASIL INSTITUIÇÃO DE PAGAMENTO LTDA.,,10.0,31.0,190383.0
2023,4º,"Demais Bancos, Financeiras e Instituições de Pagamento",Banco/financeira,"PEFISA S.A. - CRÉDITO, FINANCIAMENTO E INVESTIMENTO",7.21,79.0,196.0,10949037.0
2023,4º,"Demais Bancos, Financeiras e Instituições de Pagamento",Conglomerado,PINBANK (conglomerado),,1.0,4.0,33685.0
2023,4º,"Demais Bancos, Financeiras e Instituições de Pagamento",Conglomerado,PINE (conglomerado),218.41,200.0,286.0,915693.0
2023,4º,"Demais Bancos, Financeiras e Instituições de Pagamento",Conglomerado,PORTO SEGURO (conglomerado),24.02,78.0,310.0,3247224.0
2023,4º,"Demais Bancos, Financeiras e Instituições de Pagamento",Banco/financeira,PROTEGE PAY CASH INSTITUICAO DE PAGAMENTO S/A,,1.0,1.0,994.0
2023,4º,"Demais Bancos, Financeiras e Instituições de Pagamento",Banco/financeira,"QISTA S.A. - CRÉDITO, FINANCIAMENTO E INVESTIMENTO",,0.0,9.0,17791.0
2023,4º,"Demais Bancos, Financeiras e Instituições de Pagamento",Banco/financeira,QUERO-QUERO VERDECARD INSTITUIÇÃO DE PAGAMENTO S.A.,,4.0,15.0,667937.0
2023,4º,"Demais Bancos, Financeiras e Instituições de Pagamento",Conglomerado,RANDON (conglomerado),,2.0,2.0,6279.0
2023,4º,"Demais Bancos, Financeiras e Instituições de Pagamento",Banco/financeira,"REALIZE CRÉDITO, FINANCIAMENTO E INVESTIMENTO S.A.",,16.0,153.0,5446666.0
2023,4º,"Demais Bancos, Financeiras e Instituições de Pagamento",Conglomerado,RECARGAPAY (conglomerado),15.43,108.0,291.0,6999177.0
2023,4º,"Demais Bancos, Financeiras e Instituições de Pagamento",Conglomerado,RENDIMENTO (conglomerado),,6.0,16.0,250016.0
2023,4º,"Demais Bancos, Financeiras e Instituições de Pagamento",Banco/financeira,REPOM INSTITUIÇÃO DE PAGAMENTO HUSA S.A.,,5.0,8.0,270063.0
2023,4º,"Demais Bancos, Financeiras e Instituições de Pagamento",Conglomerado,RODOBENS (conglomerado),,1.0,10.0,30657.0
2023,4º,"Demais Bancos, Financeiras e Instituições de Pagamento",Banco/financeira,"RPW S/A SOCIEDADE DE CRÉDITO, FINANCIAMENTO E INVESTIMENTO",,1.0,2.0,19220.0
2023,4º,"Demais Bancos, Financeiras e Instituições de Pagamento",Conglomerado,SAFRA (conglomerado),31.1,189.0,797.0,6075577.0
2023,4º,"Top 15 - Bancos, Financeiras e Instituições de Pagamento",Conglomerado,SANTANDER (conglomerado),14.94,991.0,4884.0,66304886.0
2023,4º,"Demais Bancos, Financeiras e Instituições de Pagamento",Banco/financeira,"SANTINVEST S.A. - CREDITO, FINANCIAMENTO E INVESTIMENTOS",,1.0,2.0,12785.0
2023,4º,"Demais Bancos, Financeiras e Instituições de Pagamento",Conglomerado,SCANIA (conglomerado),,0.0,1.0,6615.0
2023,4º,"Demais Bancos, Financeiras e Instituições de Pagamento",Conglomerado,SENFF (conglomerado),,13.0,39.0,538162.0
2023,4º,"Demais Bancos, Financeiras e Instituições de Pagamento",Banco/financeira,SERVNET INSTITUIÇÃO DE PAGAMENTO LTDA.,,2.0,3.0,605.0
2023,4º,"Demais Bancos, Financeiras e Instituições de Pagamento",Banco/financeira,"SF3 CRÉDITO, FINANCIAMENTO E INVESTIMENTO S.A.",,0.0,1.0,18702.0
2023,4º,"Demais Bancos, Financeiras e Instituições de Pagamento",Banco/financeira,SHPP BRASIL INSTITUIÇÃO DE PAGAMENTO E SERVIÇOS DE PAGAMENTOS LTDA.,,3.0,27.0,1469310.0
2023,4º,"Demais Bancos, Financeiras e Instituições de Pagamento",Conglomerado,SICREDI (conglomerado),,18.0,65.0,8317686.0
2023,4º,"Demais Bancos, Financeiras e Instituições de Pagamento",Conglomerado,SIMPALA (conglomerado),,0.0,3.0,7361.0
2023,4º,"Demais Bancos, Financeiras e Instituições de Pagamento",Conglomerado,SOCIAL BANK (conglomerado),,1.0,1.0,702.0
2023,4º,"Demais Bancos, Financeiras e Instituições de Pagamento",Banco/financeira,"SOCINAL S.A. - CRÉDITO, FINANCIAMENTO E INVESTIMENTO",,11.0,34.0,2868.0
2023,4º,"Demais Bancos, Financeiras e Instituições de Pagamento",Conglomerado,SOFISA (conglomerado),37.35,35.0,77.0,936992.0
2023,4º,"Demais Bancos, Financeiras e Instituições de Pagamento",Conglomerado,STELLANTIS (conglomerado),,2.0,9.0,55221.0
2023,4º,"Demais Bancos, Financeiras e Instituições de Pagamento",Conglomerado,STONE (conglomerado),,28.0,88.0,5884181.0
2023,4º,"Demais Bancos, Financeiras e Instituições de Pagamento",Banco/financeira,STRIPE BRASIL SOLUCOES DE PAGAMENTO INSTITUICAO DE PAGAMENTO LTDA,,1.0,5.0,81.0
2023,4º,"Demais Bancos, Financeiras e Instituições de Pagamento",Conglomerado,SUMUP (conglomerado),,11.0,23.0,133.0
2023,4º,"Demais Bancos, Financeiras e Instituições de Pagamento",Banco/financeira,SUPERBID PAY INSTITUICAO DE PAGAMENTO LTDA,,5.0,6.0,339537.0
2023,4º,"Demais Bancos, Financeiras e Instituições de Pagamento",Banco/financeira,SWAP MEIOS DE PAGAMENTOS INSTITUICAO DE PAGAMENTO S.A.,,2.0,4.0,1617166.0
2023,4º,"Demais Bancos, Financeiras e Instituições de Pagamento",Banco/financeira,"TODESCREDI S/A - CRÉDITO, FINANCIAMENTO E INVESTIMENTO",,0.0,1.0,35547.0
2023,4º,"Demais Bancos, Financeiras e Instituições de Pagamento",Banco/financeira,TRANSFEERA INSTITUIÇÃO DE PAGAMENTO S.A,,1.0,1.0,0.0
2023,4º,"Demais Bancos, Financeiras e Instituições de Pagamento",Banco/financeira,U4C INSTITUIÇÃO DE PAGAMENTO S.A.,,0.0,1.0,17351.0
2023,4º,"Demais Bancos, Financeiras e Instituições de Pagamento",Banco/financeira,UZZIPAY INSTITUIÇÃO DE PAGAMENTO S.A.,,2.0,2.0,5558.0
2023,4º,"Demais Bancos, Financeiras e Instituições de Pagamento",Banco/financeira,"VIA CERTA FINANCIADORA S.A. - CRÉDITO, FINANCIAMENTO E INVESTIMENTOS",,2.0,24.0,210950.0
2023,4º,"Demais Bancos, Financeiras e Instituições de Pagamento",Conglomerado,VOITER (conglomerado),,0.0,4.0,36141.0
2023,4º,"Demais Bancos, Financeiras e Instituições de Pagamento",Conglomerado,VOLKSWAGEN (conglomerado),,10.0,66.0,371710.0
2023,4º,"Demais Bancos, Financeiras e Instituições de Pagamento",Conglomerado,VOLVO (conglomerado),,0.0,2.0,9541.0
2023,4º,"Top 15 - Bancos, Financeiras e Instituições de Pagamento",Conglomerado,VOTORANTIM (conglomerado),6.42,93.0,437.0,14472751.0
2023,4º,"Demais Bancos, Financeiras e Instituições de Pagamento",Conglomerado,VR (conglomerado),,1.0,1.0,1436.0
2023,4º,"Demais Bancos, Financeiras e Instituições de Pagamento",Conglomerado,WESTERN UNION (conglomerado),,1.0,5.0,4.0
2023,4º,"Demais Bancos, Financeiras e Instituições de Pagamento",Conglomerado,WILL (conglomerado),25.82,155.0,254.0,6002444.0
2023,4º,"Demais Bancos, Financeiras e Instituições de Pagamento",Conglomerado,XP (conglomerado),85.09,403.0,553.0,4735741.0
2023,4º,"Demais Bancos, Financeiras e Instituições de Pagamento",Conglomerado,YAMAHA MOTOR (conglomerado),,1.0,17.0,239950.0
2023,4º,"Demais Bancos, Financeiras e Instituições de Pagamento",Banco/financeira,Z1 INSTITUIÇÃO DE PAGAMENTO LTDA.,,8.0,12.0,0.0
2023,4º,"Demais Bancos, Financeiras e Instituições de Pagamento",Banco/financeira,ZOOP TECNOLOGIA & INSTITUICAO DE PAGAMENTO S.A.,,8.0,22.0,0.0
2024,1º,"Demais Bancos, Financeiras e Instituições de Pagamento",Conglomerado,ABC-BRASIL (conglomerado),,2.0,6.0,71135.0
2024,1º,"Demais Bancos, Financeiras e Instituições de Pagamento",Banco/financeira,ACG INSTITUIÇÃO DE PAGAMENTO S.A.,,0.0,3.0,70167.0
2024,1º,"Demais Bancos, Financeiras e Instituições de Pagamento",Banco/financeira,ACQIO ADQUIRENCIA INSTITUICAO DE PAGAMENTO S.A.,,7.0,11.0,0.0
2024,1º,"Demais Bancos, Financeiras e Instituições de Pagamento",Banco/financeira,ADYEN DO BRASIL INSTITUICAO DE PAGAMENTO LTDA.,,0.0,6.0,95.0
2024,1º,"Demais Bancos, Financeiras e Instituições de Pagamento",Conglomerado,AFINZ (conglomerado),,20.0,84.0,433641.0
2024,1º,"Demais Bancos, Financeiras e Instituições de Pagamento",Conglomerado,AGIBANK (conglomerado),61.1,170.0,821.0,2782207.0
2024,1º,"Demais Bancos, Financeiras e Instituições de Pagamento",Banco/financeira,"AGORACRED S/A SOCIEDADE DE CRÉDITO, FINANCIAMENTO E INVESTIMENTO",,5.0,14.0,647861.0
2024,1º,"Demais Bancos, Financeiras e Instituições de Pagamento",Banco/financeira,"AL5 S.A. CRÉDITO, FINANCIAMENTO E INVESTIMENTO",,0.0,1.0,19604.0
2024,1º,"Top 15 - Bancos, Financeiras e Instituições de Pagamento",Conglomerado,AME DIGITAL (conglomerado),3.45,112.0,277.0,32420910.0
2024,1º,"Demais Bancos, Financeiras e Instituições de Pagamento",Conglomerado,ANDBANK (conglomerado),,0.0,12.0,63994.0
2024,1º,"Demais Bancos, Financeiras e Instituições de Pagamento",Conglomerado,ASAAS (conglomerado),,12.0,71.0,801217.0
2024,1º,"Demais Bancos, Financeiras e Instituições de Pagamento",Conglomerado,B3 (conglomerado),,1.0,2.0,1235.0
2024,1º,"Demais Bancos, Financeiras e Instituições de Pagamento",Banco/financeira,BANCO ARBI S.A.,,9.0,23.0,306968.0
2024,1º,"Demais Bancos, Financeiras e Instituições de Pagamento",Banco/financeira,BANCO CEDULA S.A.,,0.0,1.0,18004.0
2024,1º,"Demais Bancos, Financeiras e Instituições de Pagamento",Banco/financeira,BANCO CNH INDUSTRIAL CAPITAL S.A.,,0.0,5.0,33256.0
2024,1º,"Demais Bancos, Financeiras e Instituições de Pagamento",Banco/financeira,BANCO CSF S.A.,5.56,48.0,218.0,8625207.0
2024,1º,"Demais Bancos, Financeiras e Instituições de Pagamento",Banco/financeira,BANCO DA AMAZONIA S.A.,,4.0,16.0,623479.0
2024,1º,"Demais Bancos, Financeiras e Instituições de Pagamento",Banco/financeira,BANCO DE LAGE LANDEN BRASIL S.A.,,1.0,6.0,40793.0
2024,1º,"Demais Bancos, Financeiras e Instituições de Pagamento",Banco/financeira,BANCO DIGIMAIS S.A.,,28.0,88.0,265304.0
2024,1º,"Demais Bancos, Financeiras e Instituições de Pagamento",Banco/financeira,BANCO DO ESTADO DE SERGIPE S.A.,,26.0,75.0,1125273.0
2024,1º,"Demais Bancos, Financeiras e Instituições de Pagamento",Banco/financeira,BANCO DO ESTADO DO PARÁ S.A.,45.48,49.0,97.0,1077196.0
2024,1º,"Demais Bancos, Financeiras e Instituições de Pagamento",Banco/financeira,BANCO DO NORDESTE DO BRASIL S.A.,,5.0,68.0,9900115.0
2024,1º,"Demais Bancos, Financeiras e Instituições de Pagamento",Banco/financeira,BANCO FATOR S.A.,,0.0,2.0,160.0
2024,1º,"Demais Bancos, Financeiras e Instituições de Pagamento",Banco/financeira,BANCO FIBRA S.A.,,8.0,14.0,166208.0
2024,1º,"Demais Bancos, Financeiras e Instituições de Pagamento",Banco/financeira,BANCO HSBC S.A.,,0.0,7.0,5848.0
2024,1º,"Demais Bancos, Financeiras e Instituições de Pagamento",Banco/financeira,BANCO INBURSA S.A.,409.03,73.0,190.0,178471.0
2024,1º,"Demais Bancos, Financeiras e Instituições de Pagamento",Banco/financeira,BANCO JOHN DEERE S.A.,,0.0,2.0,13803.0
2024,1º,"Demais Bancos, Financeiras e Instituições de Pagamento",Banco/financeira,BANCO LETSBANK S.A.,,0.0,1.0,0.0
2024,1º,"Demais Bancos, Financeiras e Instituições de Pagamento",Banco/financeira,BANCO OURINVEST S.A.,,6.0,25.0,767613.0
2024,1º,"Demais Bancos, Financeiras e Instituições de Pagamento",Banco/financeira,BANCO PAULISTA S.A.,,6.0,27.0,113042.0
2024,1º,"Demais Bancos, Financeiras e Instituições de Pagamento",Banco/financeira,BANCO SEMEAR S.A.,,3.0,15.0,222423.0
2024,1º,"Demais Bancos, Financeiras e Instituições de Pagamento",Conglomerado,BANCO SICOOB (conglomerado),9.75,67.0,200.0,6865755.0
2024,1º,"Demais Bancos, Financeiras e Instituições de Pagamento",Banco/financeira,BANCO TOPÁZIO S.A.,,1.0,8.0,12545.0
2024,1º,"Demais Bancos, Financeiras e Instituições de Pagamento",Conglomerado,BANCO TOYOTA DO BRASIL S.A. (conglomerado),,2.0,16.0,162629.0
2024,1º,"Demais Bancos, Financeiras e Instituições de Pagamento",Banco/financeira,BANCO TRIANGULO S.A.,,8.0,44.0,1787590.0
2024,1º,"Demais Bancos, Financeiras e Instituições de Pagamento",Banco/financeira,BANCO TRICURY S.A.,,0.0,1.0,775.0
2024,1º,"Demais Bancos, Financeiras e Instituições de Pagamento",Conglomerado,BANESTES (conglomerado),,24.0,67.0,1428132.0
2024,1º,"Demais Bancos, Financeiras e Instituições de Pagamento",Conglomerado,BANRISUL (conglomerado),7.22,39.0,295.0,5399191.0
2024,1º,"Demais Bancos, Financeiras e Instituições de Pagamento",Conglomerado,BARIGUI (conglomerado),,9.0,40.0,349616.0
2024,1º,"Top 15 - Bancos, Financeiras e Instituições de Pagamento",Conglomerado,BB (conglomerado),4.5,342.0,2753.0,75849003.0
2024,1º,"Demais Bancos, Financeiras e Instituições de Pagamento",Conglomerado,BBC (conglomerado),,0.0,10.0,9589.0
2024,1º,"Demais Bancos, Financeiras e Instituições de Pagamento",Banco/financeira,"BECKER FINANCEIRA S.A. - CRÉDITO, FINANCIAMENTO E INVESTIMENTO",,0.0,3.0,229460.0
2024,1º,"Demais Bancos, Financeiras e Instituições de Pagamento",Conglomerado,BLU - FINANCEIRO (conglomerado),,2.0,2.0,39264.0
2024,1º,"Demais Bancos, Financeiras e Instituições de Pagamento",Conglomerado,BMG (conglomerado),30.01,318.0,1027.0,10594890.0
2024,1º,"Demais Bancos, Financeiras e Instituições de Pagamento",Conglomerado,BMW (conglomerado),,3.0,6.0,48600.0
2024,1º,"Demais Bancos, Financeiras e Instituições de Pagamento",Conglomerado,BNP PARIBAS (conglomerado),,15.0,237.0,1064282.0
2024,1º,"Demais Bancos, Financeiras e Instituições de Pagamento",Conglomerado,BNQI - FINANCEIRO (conglomerado),,18.0,44.0,6509657.0
2024,1º,"Demais Bancos, Financeiras e Instituições de Pagamento",Conglomerado,BOCOM (conglomerado),,1.0,1.0,9238.0
2024,1º,"Top 15 - Bancos, Financeiras e Instituições de Pagamento",Conglomerado,BRADESCO (conglomerado),15.43,1644.0,5108.0,106523397.0
2024,1º,"Demais Bancos, Financeiras e Instituições de Pagamento",Conglomerado,BRB (conglomerado),178.77,1179.0,1864.0,6594782.0
2024,1º,"Top 15 - Bancos, Financeiras e Instituições de Pagamento",Conglomerado,BTG PACTUAL/BANCO PAN (conglomerado),22.25,530.0,1597.0,23817509.0
2024,1º,"Top 15 - Bancos, Financeiras e Instituições de Pagamento",Conglomerado,C6 BANK (conglomerado),10.69,314.0,1539.0,29361259.0
2024,1º,"Top 15 - Bancos, Financeiras e Instituições de Pagamento",Conglomerado,CAIXA ECONÔMICA FEDERAL (conglomerado),10.33,1570.0,4309.0,151947846.0
2024,1º,"Demais Bancos, Financeiras e Instituições de Pagamento",Banco/financeira,"CALCRED S.A. - CRÉDITO, FINANCIAMENTO E INVESTIMENTO",,3.0,9.0,152163.0
2024,1º,"Demais Bancos, Financeiras e Instituições de Pagamento",Banco/financeira,"CARUANA S.A. - SOCIEDADE DE CRÉDITO, FINANCIAMENTO E INVESTIMENTO",,6.0,14.0,55315.0
2024,1º,"Demais Bancos, Financeiras e Instituições de Pagamento",Conglomerado,CCB (conglomerado),,1.0,22.0,133411.0
2024,1º,"Demais Bancos, Financeiras e Instituições de Pagamento",Banco/financeira,CELCOIN INSTITUICAO DE PAGAMENTO S.A.,18.21,52.0,73.0,2854330.0
2024,1º,"Demais Bancos, Financeiras e Instituições de Pagamento",Banco/financeira,"CENTROCRED S.A. CRÉDITO, FINANCIAMENTO E INVESTIMENTOS",,0.0,2.0,129566.0
2024,1º,"Demais Bancos, Financeiras e Instituições de Pagamento",Banco/financeira,CIELO S.A. - INSTITUIÇÃO DE PAGAMENTO,,6.0,23.0,1413420.0
2024,1º,"Demais Bancos, Financeiras e Instituições de Pagamento",Conglomerado,CITIBANK (conglomerado),,0.0,20.0,18845.0
2024,1º,"Demais Bancos, Financeiras e Instituições de Pagamento",Banco/financeira,CLOUDWALK INSTITUIÇÃO DE PAGAMENTO E SERVICOS LTDA,,27.0,81.0,2622388.0
2024,1º,"Demais Bancos, Financeiras e Instituições de Pagamento",Conglomerado,COBUCCIO (conglomerado),63.52,85.0,185.0,1337983.0
2024,1º,"Demais Bancos, Financeiras e Instituições de Pagamento",Conglomerado,COLOMBO (conglomerado),,3.0,21.0,271695.0
2024,1º,"Demais Bancos, Financeiras e Instituições de Pagamento",Banco/financeira,CONTA PRONTA INSTITUICAO DE PAGAMENTO LTDA,,0.0,3.0,29520.0
2024,1º,"Demais Bancos, Financeiras e Instituições de Pagamento",Banco/financeira,COOPER CARD INSTITUIÇÃO DE PAGAMENTO LTDA.,,0.0,7.0,286396.0
2024,1º,"Demais Bancos, Financeiras e Instituições de Pagamento",Conglomerado,CREDI-SHOP (conglomerado),,0.0,2.0,679838.0
2024,1º,"Demais Bancos, Financeiras e Instituições de Pagamento",Conglomerado,CREDSYSTEM (conglomerado),,13.0,69.0,4799234.0
2024,1º,"Demais Bancos, Financeiras e Instituições de Pagamento",Conglomerado,CREFISA (conglomerado),17.96,86.0,992.0,4786877.0
2024,1º,"Demais Bancos, Financeiras e Instituições de Pagamento",Conglomerado,DAYCOVAL (conglomerado),50.67,113.0,547.0,2229705.0
2024,1º,"Demais Bancos, Financeiras e Instituições de Pagamento",Banco/financeira,DEUTSCHE BANK S.A. - BANCO ALEMAO,,2.0,4.0,2081.0
2024,1º,"Demais Bancos, Financeiras e Instituições de Pagamento",Banco/financeira,DLOCAL BRASIL INSTITUIÇÃO DE PAGAMENTO S.A.,,11.0,17.0,102749.0
2024,1º,"Demais Bancos, Financeiras e Instituições de Pagamento",Conglomerado,DMCARD (conglomerado),,0.0,3.0,518.0
2024,1º,"Demais Bancos, Financeiras e Instituições de Pagamento",Banco/financeira,DOCK INSTITUIÇÃO DE PAGAMENTO S.A.,6.12,34.0,64.0,5552990.0
2024,1º,"Demais Bancos, Financeiras e Instituições de Pagamento",Banco/financeira,EBANX INSTITUICAO DE PAGAMENTOS LTDA.,,14.0,25.0,206820.0
2024,1º,"Demais Bancos, Financeiras e Instituições de Pagamento",Conglomerado,EDENRED (conglomerado),,4.0,6.0,270891.0
2024,1º,"Demais Bancos, Financeiras e Instituições de Pagamento",Banco/financeira,EWALLY INSTITUIÇÃO DE PAGAMENTO S.A.,,2.0,9.0,0.0
2024,1º,"Demais Bancos, Financeiras e Instituições de Pagamento",Banco/financeira,FACEBOOK INSTITUIÇÃO DE PAGAMENTO DO BRASIL LTDA.,,0.0,2.0,0.0
2024,1º,"Demais Bancos, Financeiras e Instituições de Pagamento",Banco/financeira,FACTA FINANCEIRA S.A. - CRÉDITO FINANCIAMENTO E INVESTIMENTO,45.57,99.0,351.0,2172036.0
2024,1º,"Demais Bancos, Financeiras e Instituições de Pagamento",Banco/financeira,"FINAMAX S.A. - CREDITO, FINANCIAMENTO E INVESTIMENTO",,3.0,8.0,82751.0
2024,1º,"Demais Bancos, Financeiras e Instituições de Pagamento",Conglomerado,FISERV (conglomerado),,1.0,6.0,130.0
2024,1º,"Demais Bancos, Financeiras e Instituições de Pagamento",Banco/financeira,FITBANK INSTITUIÇÃO DE PAGAMENTOS ELETRÔNICOS S.A.,,2.0,20.0,38139.0
2024,1º,"Demais Bancos, Financeiras e Instituições de Pagamento",Banco/financeira,FLAGSHIP INSTITUICAO DE PAGAMENTOS LTDA,,2.0,3.0,80289.0
2024,1º,"Demais Bancos, Financeiras e Instituições de Pagamento",Banco/financeira,FLASH TECNOLOGIA E  INSTITUICAO DE PAGAMENTO LTDA,,5.0,14.0,0.0
2024,1º,"Demais Bancos, Financeiras e Instituições de Pagamento",Banco/financeira,FORIS GFS BR INSTITUICAO DE PAGAMENTO LTDA,,0.0,2.0,277772.0
2024,1º,"Demais Bancos, Financeiras e Instituições de Pagamento",Banco/financeira,FORTBRASIL INSTITUIÇÃO DE PAGAMENTO S/A,,6.0,22.0,668665.0
2024,1º,"Demais Bancos, Financeiras e Instituições de Pagamento",Conglomerado,GAZIN (conglomerado),,1.0,1.0,132390.0
2024,1º,"Demais Bancos, Financeiras e Instituições de Pagamento",Conglomerado,GENIAL (conglomerado),,13.0,28.0,1228379.0
2024,1º,"Demais Bancos, Financeiras e Instituições de Pagamento",Conglomerado,GERENCIANET (conglomerado),,12.0,35.0,455981.0
2024,1º,"Demais Bancos, Financeiras e Instituições de Pagamento",Conglomerado,GM (conglomerado),,1.0,27.0,226159.0
2024,1º,"Demais Bancos, Financeiras e Instituições de Pagamento",Banco/financeira,GRANITO INSTITUIÇÃO DE PAGAMENTO S.A.,,1.0,9.0,60.0
2024,1º,"Demais Bancos, Financeiras e Instituições de Pagamento",Banco/financeira,"GRAZZIOTIN FINANCEIRA S/A - CRÉDITO, FINANCIAMENTO E INVESTIMENTOS",,0.0,3.0,77456.0
2024,1º,"Demais Bancos, Financeiras e Instituições de Pagamento",Conglomerado,GRUPO BONSUCESSO - BS2 (conglomerado),,9.0,53.0,447149.0
2024,1º,"Demais Bancos, Financeiras e Instituições de Pagamento",Conglomerado,GRUPO ZEMA (conglomerado),,1.0,29.0,402402.0
2024,1º,"Demais Bancos, Financeiras e Instituições de Pagamento",Conglomerado,HAITONG (conglomerado),,0.0,1.0,267.0
2024,1º,"Demais Bancos, Financeiras e Instituições de Pagamento",Conglomerado,HERVAL - HS (conglomerado),,3.0,15.0,213269.0
2024,1º,"Demais Bancos, Financeiras e Instituições de Pagamento",Conglomerado,HONDA (conglomerado),,5.0,28.0,385004.0
2024,1º,"Demais Bancos, Financeiras e Instituições de Pagamento",Banco/financeira,HUB INSTITUIÇÃO DE PAGAMENTO S.A.,,28.0,66.0,13170391.0
2024,1º,"Demais Bancos, Financeiras e Instituições de Pagamento",Conglomerado,INDUSTRIAL DO BRASIL (conglomerado),,6.0,33.0,81006.0
2024,1º,"Top 15 - Bancos, Financeiras e Instituições de Pagamento",Conglomerado,INTER (conglomerado),24.06,741.0,1554.0,30795160.0
2024,1º,"Top 15 - Bancos, Financeiras e Instituições de Pagamento",Conglomerado,ITAU (conglomerado),9.73,980.0,5107.0,100630213.0
2024,1º,"Demais Bancos, Financeiras e Instituições de Pagamento",Banco/financeira,IUGU INSTITUIÇÃO DE PAGAMENTO S.A.,,26.0,61.0,291627.0
2024,1º,"Demais Bancos, Financeiras e Instituições de Pagamento",Banco/financeira,"JBCRED S.A. SOCIEDADE DE CREDITO, FINANCIAMENTO E INVESTIMENTO",,2.0,17.0,36002.0
2024,1º,"Demais Bancos, Financeiras e Instituições de Pagamento",Conglomerado,JP MORGAN CHASE (conglomerado),,0.0,2.0,4035.0
2024,1º,"Demais Bancos, Financeiras e Instituições de Pagamento",Banco/financeira,"KREDILIG S.A. - CRÉDITO, FINANCIAMENTO E INVESTIMENTO",,0.0,7.0,383873.0
2024,1º,"Demais Bancos, Financeiras e Instituições de Pagamento",Banco/financeira,LATAM TECNOLOGIA INSTITUICAO DE PAGAMENTO LTDA,,1.0,4.0,0.0
2024,1º,"Demais Bancos, Financeiras e Instituições de Pagamento",Banco/financeira,"LEBES FINANCEIRA S.A. - CRÉDITO, FINANCIAMENTO E INVESTIMENTO",,5.0,21.0,387533.0
2024,1º,"Demais Bancos, Financeiras e Instituições de Pagamento",Banco/financeira,"LECCA CRÉDITO, FINANCIAMENTO E INVESTIMENTO S/A",,28.0,53.0,32219.0
2024,1º,"Demais Bancos, Financeiras e Instituições de Pagamento",Conglomerado,LOAN BRASIL (conglomerado),,3.0,9.0,0.0
2024,1º,"Demais Bancos, Financeiras e Instituições de Pagamento",Banco/financeira,M PAGAMENTOS S.A. - CRÉDITO FINANCIAMENTO E INVESTIMENTO,,4.0,27.0,325285.0
2024,1º,"Demais Bancos, Financeiras e Instituições de Pagamento",Conglomerado,MASTER (conglomerado),161.19,114.0,384.0,707209.0
2024,1º,"Demais Bancos, Financeiras e Instituições de Pagamento",Banco/financeira,MERCADO BITCOIN INSTITUICAO DE PAGAMENTO LTDA,,1.0,4.0,21868.0
2024,1º,"Top 15 - Bancos, Financeiras e Instituições de Pagamento",Conglomerado,MERCADO PAGO (conglomerado),6.15,325.0,1099.0,52787054.0
2024,1º,"Demais Bancos, Financeiras e Instituições de Pagamento",Conglomerado,MERCANTIL DO BRASIL (conglomerado),30.11,228.0,597.0,7571423.0
2024,1º,"Demais Bancos, Financeiras e Instituições de Pagamento",Conglomerado,MERCEDES-BENZ (conglomerado),,5.0,13.0,18230.0
2024,1º,"Demais Bancos, Financeiras e Instituições de Pagamento",Banco/financeira,"MIDWAY S.A. - CRÉDITO, FINANCIAMENTO E INVESTIMENTO",,19.0,193.0,8218286.0
2024,1º,"Demais Bancos, Financeiras e Instituições de Pagamento",Banco/financeira,"NEGRESCO S.A. - CREDITO, FINANCIAMENTO E INVESTIMENTOS",,2.0,14.0,522326.0
2024,1º,"Top 15 - Bancos, Financeiras e Instituições de Pagamento",Conglomerado,NEON (conglomerado),9.52,220.0,530.0,23092289.0
2024,1º,"Demais Bancos, Financeiras e Instituições de Pagamento",Banco/financeira,NOVO BANCO CONTINENTAL S.A. - BANCO MÚLTIPLO,,1.0,26.0,937781.0
2024,1º,"Top 15 - Bancos, Financeiras e Instituições de Pagamento",Conglomerado,NUBANK (conglomerado),6.23,560.0,2950.0,89797615.0
2024,1º,"Demais Bancos, Financeiras e Instituições de Pagamento",Conglomerado,NVIO BRASIL (conglomerado),,4.0,5.0,1236502.0
2024,1º,"Demais Bancos, Financeiras e Instituições de Pagamento",Conglomerado,OMNI (conglomerado),,28.0,140.0,3152862.0
2024,1º,"Demais Bancos, Financeiras e Instituições de Pagamento",Banco/financeira,ONEKEY PAYMENTS INSTITUICAO DE PAGAMENTO SA,,0.0,1.0,0.0
2024,1º,"Top 15 - Bancos, Financeiras e Instituições de Pagamento",Conglomerado,ORIGINAL (conglomerado),5.56,306.0,1054.0,54976186.0
2024,1º,"Top 15 - Bancos, Financeiras e Instituições de Pagamento",Conglomerado,PAGBANK-PAGSEGURO (conglomerado),21.65,680.0,1531.0,31402324.0
2024,1º,"Demais Bancos, Financeiras e Instituições de Pagamento",Banco/financeira,PAGPRIME INSTITUICAO DE PAGAMENTO LTDA,,1.0,2.0,0.0
2024,1º,"Demais Bancos, Financeiras e Instituições de Pagamento",Banco/financeira,PAGUEVELOZ INSTITUIÇÃO DE PAGAMENTO LTDA.,,29.0,48.0,11648689.0
2024,1º,"Demais Bancos, Financeiras e Instituições de Pagamento",Conglomerado,PARANÁ BANCO (conglomerado),,27.0,175.0,783532.0
2024,1º,"Demais Bancos, Financeiras e Instituições de Pagamento",Banco/financeira,PAY4FUN INSTITUICAO DE PAGAMENTO S.A.,,2.0,4.0,453454.0
2024,1º,"Demais Bancos, Financeiras e Instituições de Pagamento",Banco/financeira,PAYPAL DO BRASIL INSTITUIÇÃO DE PAGAMENTO LTDA.,,2.0,25.0,193524.0
2024,1º,"Demais Bancos, Financeiras e Instituições de Pagamento",Banco/financeira,"PEFISA S.A. - CRÉDITO, FINANCIAMENTO E INVESTIMENTO",6.59,74.0,181.0,11214735.0
2024,1º,"Demais Bancos, Financeiras e Instituições de Pagamento",Conglomerado,PINBANK (conglomerado),,0.0,3.0,34088.0
2024,1º,"Demais Bancos, Financeiras e Instituições de Pagamento",Conglomerado,PINE (conglomerado),57.37,77.0,176.0,1342161.0
2024,1º,"Demais Bancos, Financeiras e Instituições de Pagamento",Conglomerado,PORTO SEGURO (conglomerado),28.16,93.0,240.0,3301953.0
2024,1º,"Demais Bancos, Financeiras e Instituições de Pagamento",Banco/financeira,"QISTA S.A. - CRÉDITO, FINANCIAMENTO E INVESTIMENTO",,2.0,18.0,19212.0
2024,1º,"Demais Bancos, Financeiras e Instituições de Pagamento",Banco/financeira,QUERO-QUERO VERDECARD INSTITUIÇÃO DE PAGAMENTO S.A.,,5.0,17.0,617522.0
2024,1º,"Demais Bancos, Financeiras e Instituições de Pagamento",Banco/financeira,"REALIZE CRÉDITO, FINANCIAMENTO E INVESTIMENTO S.A.",,17.0,123.0,5601074.0
2024,1º,"Demais Bancos, Financeiras e Instituições de Pagamento",Conglomerado,RECARGAPAY (conglomerado),11.48,86.0,199.0,7485597.0
2024,1º,"Demais Bancos, Financeiras e Instituições de Pagamento",Conglomerado,RENDIMENTO (conglomerado),,3.0,19.0,257765.0
2024,1º,"Demais Bancos, Financeiras e Instituições de Pagamento",Conglomerado,RODOBENS (conglomerado),,2.0,8.0,30696.0
2024,1º,"Demais Bancos, Financeiras e Instituições de Pagamento",Banco/financeira,"RPW S/A SOCIEDADE DE CRÉDITO, FINANCIAMENTO E INVESTIMENTO",,1.0,4.0,19735.0
2024,1º,"Demais Bancos, Financeiras e Instituições de Pagamento",Conglomerado,SAFRA (conglomerado),19.94,116.0,639.0,5815607.0
2024,1º,"Top 15 - Bancos, Financeiras e Instituições de Pagamento",Conglomerado,SANTANDER (conglomerado),10.91,732.0,4017.0,67078311.0
2024,1º,"Demais Bancos, Financeiras e Instituições de Pagamento",Banco/financeira,"SANTINVEST S.A. - CREDITO, FINANCIAMENTO E INVESTIMENTOS",,0.0,4.0,12636.0
2024,1º,"Demais Bancos, Financeiras e Instituições de Pagamento",Conglomerado,SCANIA (conglomerado),,0.0,1.0,6866.0
2024,1º,"Demais Bancos, Financeiras e Instituições de Pagamento",Conglomerado,SENFF (conglomerado),,7.0,31.0,635704.0
2024,1º,"Demais Bancos, Financeiras e Instituições de Pagamento",Banco/financeira,SERVNET INSTITUIÇÃO DE PAGAMENTO LTDA.,,1.0,1.0,546.0
2024,1º,"Demais Bancos, Financeiras e Instituições de Pagamento",Banco/financeira,"SF3 CRÉDITO, FINANCIAMENTO E INVESTIMENTO S.A.",,0.0,2.0,18636.0
2024,1º,"Demais Bancos, Financeiras e Instituições de Pagamento",Banco/financeira,SHPP BRASIL INSTITUIÇÃO DE PAGAMENTO E SERVIÇOS DE PAGAMENTOS LTDA.,,7.0,36.0,1727749.0
2024,1º,"Demais Bancos, Financeiras e Instituições de Pagamento",Conglomerado,SICREDI (conglomerado),,8.0,44.0,8635649.0
2024,1º,"Demais Bancos, Financeiras e Instituições de Pagamento",Conglomerado,SIMPALA (conglomerado),,0.0,3.0,7739.0
2024,1º,"Demais Bancos, Financeiras e Instituições de Pagamento",Conglomerado,SOCIAL BANK (conglomerado),,2.0,5.0,230.0
2024,1º,"Demais Bancos, Financeiras e Instituições de Pagamento",Conglomerado,SOCIETE GENERALE (conglomerado),,0.0,1.0,419.0
2024,1º,"Demais Bancos, Financeiras e Instituições de Pagamento",Banco/financeira,"SOCINAL S.A. - CRÉDITO, FINANCIAMENTO E INVESTIMENTO",,14.0,34.0,2930.0
2024,1º,"Demais Bancos, Financeiras e Instituições de Pagamento",Conglomerado,SOFISA (conglomerado),,27.0,71.0,1016803.0
2024,1º,"Demais Bancos, Financeiras e Instituições de Pagamento",Conglomerado,STELLANTIS (conglomerado),,1.0,7.0,68822.0
2024,1º,"Demais Bancos, Financeiras e Instituições de Pagamento",Conglomerado,STONE (conglomerado),,23.0,115.0,6802283.0
2024,1º,"Demais Bancos, Financeiras e Instituições de Pagamento",Banco/financeira,STRIPE BRASIL SOLUCOES DE PAGAMENTO INSTITUICAO DE PAGAMENTO LTDA,,1.0,5.0,75.0
2024,1º,"Demais Bancos, Financeiras e Instituições de Pagamento",Conglomerado,SUMUP (conglomerado),,12.0,22.0,780.0
2024,1º,"Demais Bancos, Financeiras e Instituições de Pagamento",Banco/financeira,SUPERBID PAY INSTITUICAO DE PAGAMENTO LTDA,,1.0,3.0,364377.0
2024,1º,"Demais Bancos, Financeiras e Instituições de Pagamento",Banco/financeira,SWAP MEIOS DE PAGAMENTOS INSTITUICAO DE PAGAMENTO S.A.,,6.0,14.0,1749456.0
2024,1º,"Demais Bancos, Financeiras e Instituições de Pagamento",Banco/financeira,TRANSFERO INSTITUICAO DE PAGAMENTO LTDA.,,2.0,3.0,0.0
2024,1º,"Demais Bancos, Financeiras e Instituições de Pagamento",Banco/financeira,U4C INSTITUIÇÃO DE PAGAMENTO S.A.,,1.0,1.0,17717.0
2024,1º,"Demais Bancos, Financeiras e Instituições de Pagamento",Banco/financeira,"VIA CERTA FINANCIADORA S.A. - CRÉDITO, FINANCIAMENTO E INVESTIMENTOS",,1.0,19.0,208027.0
2024,1º,"Demais Bancos, Financeiras e Instituições de Pagamento",Conglomerado,VOLKSWAGEN (conglomerado),,15.0,74.0,388981.0
2024,1º,"Demais Bancos, Financeiras e Instituições de Pagamento",Conglomerado,VOLVO (conglomerado),,1.0,3.0,9582.0
2024,1º,"Top 15 - Bancos, Financeiras e Instituições de Pagamento",Conglomerado,VOTORANTIM (conglomerado),10.35,158.0,489.0,15253850.0
2024,1º,"Demais Bancos, Financeiras e Instituições de Pagamento",Conglomerado,VR (conglomerado),,1.0,2.0,3807.0
2024,1º,"Demais Bancos, Financeiras e Instituições de Pagamento",Conglomerado,WESTERN UNION (conglomerado),,0.0,5.0,4.0
2024,1º,"Demais Bancos, Financeiras e Instituições de Pagamento",Conglomerado,WILL (conglomerado),16.36,107.0,250.0,6537169.0
2024,1º,"Demais Bancos, Financeiras e Instituições de Pagamento",Conglomerado,XP (conglomerado),45.03,240.0,366.0,5328685.0
2024,1º,"Demais Bancos, Financeiras e Instituições de Pagamento",Conglomerado,YAMAHA MOTOR (conglomerado),,2.0,21.0,248108.0
2024,1º,"Demais Bancos, Financeiras e Instituições de Pagamento",Banco/financeira,Z1 INSTITUIÇÃO DE PAGAMENTO LTDA.,,4.0,8.0,1.0
2024,1º,"Demais Bancos, Financeiras e Instituições de Pagamento",Banco/financeira,ZOOP TECNOLOGIA & INSTITUICAO DE PAGAMENTO S.A.,,14.0,26.0,0.0
2024,2º,"Demais Bancos, Financeiras e Instituições de Pagamento",Conglomerado,ABC-BRASIL (conglomerado),,,,74780.0
2024,2º,"Demais Bancos, Financeiras e Instituições de Pagamento",Conglomerado,ABN AMRO (conglomerado),,,,0.0
2024,2º,"Demais Bancos, Financeiras e Instituições de Pagamento",Banco/financeira,ACG INSTITUIÇÃO DE PAGAMENTO S.A.,,,,70834.0
2024,2º,"Demais Bancos, Financeiras e Instituições de Pagamento",Banco/financeira,ADYEN DO BRASIL INSTITUICAO DE PAGAMENTO LTDA.,,,,109.0
2024,2º,"Demais Bancos, Financeiras e Instituições de Pagamento",Conglomerado,AFINZ (conglomerado),,,,479980.0
2024,2º,"Demais Bancos, Financeiras e Instituições de Pagamento",Conglomerado,AGIBANK (conglomerado),383.58,,,3023278.0
2024,2º,"Demais Bancos, Financeiras e Instituições de Pagamento",Banco/financeira,"AGORACRED S/A SOCIEDADE DE CRÉDITO, FINANCIAMENTO E INVESTIMENTO",,,,658408.0
2024,2º,"Demais Bancos, Financeiras e Instituições de Pagamento",Banco/financeira,"AL5 S.A. CRÉDITO, FINANCIAMENTO E INVESTIMENTO",,,,20151.0
2024,2º,"Demais Bancos, Financeiras e Instituições de Pagamento",Banco/financeira,ALELO INSTITUICAO DE PAGAMENTO SA,,,,3038424.0
2024,2º,"Top 15 - Bancos, Financeiras e Instituições de Pagamento",Conglomerado,AME DIGITAL (conglomerado),53.55,,,32339973.0
2024,2º,"Demais Bancos, Financeiras e Instituições de Pagamento",Conglomerado,ANDBANK (conglomerado),,,,72561.0
2024,2º,"Demais Bancos, Financeiras e Instituições de Pagamento",Conglomerado,ASAAS (conglomerado),,,,850876.0
2024,2º,"Demais Bancos, Financeiras e Instituições de Pagamento",Conglomerado,B3 (conglomerado),,,,1235.0
2024,2º,"Demais Bancos, Financeiras e Instituições de Pagamento",Banco/financeira,BANCO ARBI S.A.,96.88,,,468850.0
2024,2º,"Demais Bancos, Financeiras e Instituições de Pagamento",Banco/financeira,BANCO CEDULA S.A.,,,,18004.0
2024,2º,"Demais Bancos, Financeiras e Instituições de Pagamento",Banco/financeira,BANCO CLASSICO S.A.,,,,21.0
2024,2º,"Demais Bancos, Financeiras e Instituições de Pagamento",Banco/financeira,BANCO CNH INDUSTRIAL CAPITAL S.A.,,,,32326.0
2024,2º,"Demais Bancos, Financeiras e Instituições de Pagamento",Banco/financeira,BANCO CRÉDIT AGRICOLE BRASIL S.A.,,,,803.0
2024,2º,"Demais Bancos, Financeiras e Instituições de Pagamento",Banco/financeira,BANCO CSF S.A.,18.12,,,8783178.0
2024,2º,"Demais Bancos, Financeiras e Instituições de Pagamento",Banco/financeira,BANCO DA AMAZONIA S.A.,,,,634830.0
2024,2º,"Demais Bancos, Financeiras e Instituições de Pagamento",Banco/financeira,BANCO DA CHINA BRASIL S.A.,,,,669.0
2024,2º,"Demais Bancos, Financeiras e Instituições de Pagamento",Banco/financeira,BANCO DE LAGE LANDEN BRASIL S.A.,,,,41121.0
2024,2º,"Demais Bancos, Financeiras e Instituições de Pagamento",Banco/financeira,BANCO DIGIMAIS S.A.,627.15,,,213889.0
2024,2º,"Demais Bancos, Financeiras e Instituições de Pagamento",Banco/financeira,BANCO DO ESTADO DE SERGIPE S.A.,34.12,,,1132978.0
2024,2º,"Demais Bancos, Financeiras e Instituições de Pagamento",Banco/financeira,BANCO DO ESTADO DO PARÁ S.A.,88.91,,,1094626.0
2024,2º,"Demais Bancos, Financeiras e Instituições de Pagamento",Banco/financeira,BANCO DO NORDESTE DO BRASIL S.A.,,,,10020383.0
2024,2º,"Demais Bancos, Financeiras e Instituições de Pagamento",Banco/financeira,BANCO FATOR S.A.,,,,160.0
2024,2º,"Demais Bancos, Financeiras e Instituições de Pagamento",Banco/financeira,BANCO FIBRA S.A.,,,,166261.0
2024,2º,"Demais Bancos, Financeiras e Instituições de Pagamento",Banco/financeira,BANCO HSBC S.A.,,,,5996.0
2024,2º,"Demais Bancos, Financeiras e Instituições de Pagamento",Banco/financeira,BANCO INBURSA S.A.,847.28,,,234220.0
2024,2º,"Demais Bancos, Financeiras e Instituições de Pagamento",Banco/financeira,BANCO INDUSCRED DE INVESTIMENTO S.A.,,,,107.0
2024,2º,"Demais Bancos, Financeiras e Instituições de Pagamento",Banco/financeira,BANCO JOHN DEERE S.A.,,,,12922.0
2024,2º,"Demais Bancos, Financeiras e Instituições de Pagamento",Banco/financeira,BANCO LUSO BRASILEIRO S.A.,,,,2883.0
2024,2º,"Demais Bancos, Financeiras e Instituições de Pagamento",Banco/financeira,BANCO MONEO S.A.,,,,1234.0
2024,2º,"Demais Bancos, Financeiras e Instituições de Pagamento",Banco/financeira,BANCO MUFG BRASIL S.A.,,,,2702.0
2024,2º,"Demais Bancos, Financeiras e Instituições de Pagamento",Banco/financeira,BANCO PACCAR S.A.,,,,1893.0
2024,2º,"Demais Bancos, Financeiras e Instituições de Pagamento",Banco/financeira,BANCO PAULISTA S.A.,,,,109025.0
2024,2º,"Demais Bancos, Financeiras e Instituições de Pagamento",Banco/financeira,BANCO PORTO REAL DE INVESTIMENTOS S.A,,,,19.0
2024,2º,"Demais Bancos, Financeiras e Instituições de Pagamento",Banco/financeira,BANCO RNX S.A.,,,,2462.0
2024,2º,"Demais Bancos, Financeiras e Instituições de Pagamento",Banco/financeira,BANCO SEMEAR S.A.,,,,210415.0
2024,2º,"Demais Bancos, Financeiras e Instituições de Pagamento",Conglomerado,BANCO SICOOB (conglomerado),9.73,,,7038598.0
2024,2º,"Demais Bancos, Financeiras e Instituições de Pagamento",Banco/financeira,BANCO SUMITOMO MITSUI BRASILEIRO S.A.,,,,1083.0
2024,2º,"Demais Bancos, Financeiras e Instituições de Pagamento",Banco/financeira,BANCO TOPÁZIO S.A.,,,,12301.0
2024,2º,"Demais Bancos, Financeiras e Instituições de Pagamento",Conglomerado,BANCO TOYOTA DO BRASIL S.A. (conglomerado),,,,162132.0
2024,2º,"Demais Bancos, Financeiras e Instituições de Pagamento",Banco/financeira,BANCO TRIANGULO S.A.,,,,1821894.0
2024,2º,"Demais Bancos, Financeiras e Instituições de Pagamento",Banco/financeira,BANCO TRICURY S.A.,,,,803.0
2024,2º,"Demais Bancos, Financeiras e Instituições de Pagamento",Conglomerado,BANESTES (conglomerado),24.31,,,1439381.0
2024,2º,"Demais Bancos, Financeiras e Instituições de Pagamento",Conglomerado,BANRISUL (conglomerado),51.89,,,5394192.0
2024,2º,"Demais Bancos, Financeiras e Instituições de Pagamento",Conglomerado,BARIGUI (conglomerado),611.05,,,133649.0
2024,2º,"Top 15 - Bancos, Financeiras e Instituições de Pagamento",Conglomerado,BB (conglomerado),18.4,,,76283807.0
2024,2º,"Demais Bancos, Financeiras e Instituições de Pagamento",Conglomerado,BBC (conglomerado),,,,11098.0
2024,2º,"Demais Bancos, Financeiras e Instituições de Pagamento",Banco/financeira,"BECKER FINANCEIRA S.A. - CRÉDITO, FINANCIAMENTO E INVESTIMENTO",,,,226041.0
2024,2º,"Demais Bancos, Financeiras e Instituições de Pagamento",Conglomerado,BLU - FINANCEIRO (conglomerado),,,,38900.0
2024,2º,"Demais Bancos, Financeiras e Instituições de Pagamento",Conglomerado,BMG (conglomerado),104.06,,,10247718.0
2024,2º,"Demais Bancos, Financeiras e Instituições de Pagamento",Conglomerado,BMW (conglomerado),,,,51942.0
2024,2º,"Demais Bancos, Financeiras e Instituições de Pagamento",Conglomerado,BNP PARIBAS (conglomerado),42.12,,,995337.0
2024,2º,"Demais Bancos, Financeiras e Instituições de Pagamento",Conglomerado,BNQI - FINANCEIRO (conglomerado),,,,6624372.0
2024,2º,"Demais Bancos, Financeiras e Instituições de Pagamento",Conglomerado,BOCOM (conglomerado),,,,9283.0
2024,2º,"Demais Bancos, Financeiras e Instituições de Pagamento",Conglomerado,BOFA MERRILL LYNCH (conglomerado),,,,5373.0
2024,2º,"Demais Bancos, Financeiras e Instituições de Pagamento",Banco/financeira,BR PARTNERS BANCO DE INVESTIMENTO S.A.,,,,601.0
2024,2º,"Top 15 - Bancos, Financeiras e Instituições de Pagamento",Conglomerado,BRADESCO (conglomerado),38.43,,,107964923.0
2024,2º,"Demais Bancos, Financeiras e Instituições de Pagamento",Conglomerado,BRB (conglomerado),261.15,,,6678622.0
2024,2º,"Top 15 - Bancos, Financeiras e Instituições de Pagamento",Conglomerado,BTG PACTUAL/BANCO PAN (conglomerado),77.38,,,23984977.0
2024,2º,"Top 15 - Bancos, Financeiras e Instituições de Pagamento",Conglomerado,C6 BANK (conglomerado),68.9,,,29844827.0
2024,2º,"Top 15 - Bancos, Financeiras e Instituições de Pagamento",Conglomerado,CAIXA ECONÔMICA FEDERAL (conglomerado),35.52,,,155039070.0
2024,2º,"Demais Bancos, Financeiras e Instituições de Pagamento",Conglomerado,CAIXA GERAL (conglomerado),,,,1050.0
2024,2º,"Demais Bancos, Financeiras e Instituições de Pagamento",Banco/financeira,"CALCRED S.A. - CRÉDITO, FINANCIAMENTO E INVESTIMENTO",,,,145124.0
2024,2º,"Demais Bancos, Financeiras e Instituições de Pagamento",Banco/financeira,"CARUANA S.A. - SOCIEDADE DE CRÉDITO, FINANCIAMENTO E INVESTIMENTO",,,,55826.0
2024,2º,"Demais Bancos, Financeiras e Instituições de Pagamento",Conglomerado,CCB (conglomerado),,,,130621.0
2024,2º,"Demais Bancos, Financeiras e Instituições de Pagamento",Banco/financeira,CELCOIN INSTITUICAO DE PAGAMENTO S.A.,37.51,,,4094517.0
2024,2º,"Demais Bancos, Financeiras e Instituições de Pagamento",Banco/financeira,"CENTROCRED S.A. CRÉDITO, FINANCIAMENTO E INVESTIMENTOS",,,,131975.0
2024,2º,"Demais Bancos, Financeiras e Instituições de Pagamento",Banco/financeira,CIELO S.A. - INSTITUIÇÃO DE PAGAMENTO,,,,1565533.0
2024,2º,"Demais Bancos, Financeiras e Instituições de Pagamento",Conglomerado,CITIBANK (conglomerado),,,,18412.0
2024,2º,"Demais Bancos, Financeiras e Instituições de Pagamento",Banco/financeira,CLARA INSTITUICAO DE PAGAMENTO LTDA.,,,,3981.0
2024,2º,"Demais Bancos, Financeiras e Instituições de Pagamento",Banco/financeira,CLOUDWALK INSTITUIÇÃO DE PAGAMENTO E SERVICOS LTDA,,,,4154662.0
2024,2º,"Demais Bancos, Financeiras e Instituições de Pagamento",Conglomerado,COBUCCIO (conglomerado),201.25,,,1480709.0
2024,2º,"Demais Bancos, Financeiras e Instituições de Pagamento",Conglomerado,COLOMBO (conglomerado),,,,266498.0
2024,2º,"Demais Bancos, Financeiras e Instituições de Pagamento",Banco/financeira,"COMPREV - CRÉDITO, FINANCIAMENTO E INVESTIMENTO S.A.",,,,336.0
2024,2º,"Demais Bancos, Financeiras e Instituições de Pagamento",Banco/financeira,CONTA PRONTA INSTITUICAO DE PAGAMENTO LTDA,,,,30675.0
2024,2º,"Demais Bancos, Financeiras e Instituições de Pagamento",Banco/financeira,COOPER CARD INSTITUIÇÃO DE PAGAMENTO LTDA.,,,,289440.0
2024,2º,"Demais Bancos, Financeiras e Instituições de Pagamento",Banco/financeira,"CORA SOCIEDADE DE CRÉDITO, FINANCIAMENTO E INVESTIMENTO S.A.",,,,2327802.0
2024,2º,"Demais Bancos, Financeiras e Instituições de Pagamento",Conglomerado,CREDI-SHOP (conglomerado),,,,677551.0
2024,2º,"Demais Bancos, Financeiras e Instituições de Pagamento",Banco/financeira,"CREDITÁ S/A CRÉDITO, FINANCIAMENTO E INVESTIMENTO",,,,1162.0
2024,2º,"Demais Bancos, Financeiras e Instituições de Pagamento",Conglomerado,CREDSYSTEM (conglomerado),6.74,,,4723663.0
2024,2º,"Demais Bancos, Financeiras e Instituições de Pagamento",Conglomerado,CREFISA (conglomerado),47.62,,,5215598.0
2024,2º,"Demais Bancos, Financeiras e Instituições de Pagamento",Conglomerado,DAYCOVAL (conglomerado),105.6,,,2276700.0
2024,2º,"Demais Bancos, Financeiras e Instituições de Pagamento",Banco/financeira,DLOCAL BRASIL INSTITUIÇÃO DE PAGAMENTO S.A.,,,,193501.0
2024,2º,"Demais Bancos, Financeiras e Instituições de Pagamento",Conglomerado,DMCARD (conglomerado),,,,2135513.0
2024,2º,"Demais Bancos, Financeiras e Instituições de Pagamento",Banco/financeira,DOCK INSTITUIÇÃO DE PAGAMENTO S.A.,11.33,,,5449033.0
2024,2º,"Demais Bancos, Financeiras e Instituições de Pagamento",Banco/financeira,EBANX INSTITUICAO DE PAGAMENTOS LTDA.,,,,753765.0
2024,2º,"Demais Bancos, Financeiras e Instituições de Pagamento",Conglomerado,EDENRED (conglomerado),,,,288669.0
2024,2º,"Demais Bancos, Financeiras e Instituições de Pagamento",Banco/financeira,EWALLY INSTITUIÇÃO DE PAGAMENTO S.A.,,,,297951.0
2024,2º,"Demais Bancos, Financeiras e Instituições de Pagamento",Banco/financeira,FACTA FINANCEIRA S.A. - CRÉDITO FINANCIAMENTO E INVESTIMENTO,269.4,,,2495095.0
2024,2º,"Demais Bancos, Financeiras e Instituições de Pagamento",Banco/financeira,"FINAMAX S.A. - CREDITO, FINANCIAMENTO E INVESTIMENTO",,,,82094.0
2024,2º,"Demais Bancos, Financeiras e Instituições de Pagamento",Conglomerado,FISERV (conglomerado),,,,132.0
2024,2º,"Demais Bancos, Financeiras e Instituições de Pagamento",Banco/financeira,FITBANK INSTITUIÇÃO DE PAGAMENTOS ELETRÔNICOS S.A.,,,,104422.0
2024,2º,"Demais Bancos, Financeiras e Instituições de Pagamento",Banco/financeira,FLAGSHIP INSTITUICAO DE PAGAMENTOS LTDA,,,,82217.0
2024,2º,"Demais Bancos, Financeiras e Instituições de Pagamento",Banco/financeira,FLASH TECNOLOGIA E  INSTITUICAO DE PAGAMENTO LTDA,,,,281207.0
2024,2º,"Demais Bancos, Financeiras e Instituições de Pagamento",Banco/financeira,FORIS GFS BR INSTITUICAO DE PAGAMENTO LTDA,,,,304423.0
2024,2º,"Demais Bancos, Financeiras e Instituições de Pagamento",Banco/financeira,FORTBRASIL INSTITUIÇÃO DE PAGAMENTO S/A,,,,680715.0
2024,2º,"Demais Bancos, Financeiras e Instituições de Pagamento",Conglomerado,GAZIN (conglomerado),,,,127609.0
2024,2º,"Demais Bancos, Financeiras e Instituições de Pagamento",Conglomerado,GENIAL (conglomerado),,,,1330088.0
2024,2º,"Demais Bancos, Financeiras e Instituições de Pagamento",Conglomerado,GERENCIANET (conglomerado),,,,472280.0
2024,2º,"Demais Bancos, Financeiras e Instituições de Pagamento",Conglomerado,GM (conglomerado),,,,233141.0
2024,2º,"Demais Bancos, Financeiras e Instituições de Pagamento",Banco/financeira,"GOLCRED S/A - CRÉDITO, FINANCIAMENTO E INVESTIMENTO",,,,15089.0
2024,2º,"Demais Bancos, Financeiras e Instituições de Pagamento",Banco/financeira,GRANITO INSTITUIÇÃO DE PAGAMENTO S.A.,,,,60.0
2024,2º,"Demais Bancos, Financeiras e Instituições de Pagamento",Banco/financeira,"GRAZZIOTIN FINANCEIRA S/A - CRÉDITO, FINANCIAMENTO E INVESTIMENTOS",,,,77653.0
2024,2º,"Demais Bancos, Financeiras e Instituições de Pagamento",Conglomerado,GRUPO BONSUCESSO - BS2 (conglomerado),,,,449700.0
2024,2º,"Demais Bancos, Financeiras e Instituições de Pagamento",Conglomerado,GRUPO ZEMA (conglomerado),,,,411060.0
2024,2º,"Demais Bancos, Financeiras e Instituições de Pagamento",Conglomerado,HERVAL - HS (conglomerado),,,,217271.0
2024,2º,"Demais Bancos, Financeiras e Instituições de Pagamento",Banco/financeira,HINOVA PAY INSTITUICAO DE PAGAMENTO S.A.,,,,1263.0
2024,2º,"Demais Bancos, Financeiras e Instituições de Pagamento",Conglomerado,HONDA (conglomerado),,,,410117.0
2024,2º,"Demais Bancos, Financeiras e Instituições de Pagamento",Banco/financeira,HUB INSTITUIÇÃO DE PAGAMENTO S.A.,4.09,,,12139242.0
2024,2º,"Demais Bancos, Financeiras e Instituições de Pagamento",Banco/financeira,ICBC DO BRASIL BANCO MÚLTIPLO S.A.,,,,237.0
2024,2º,"Demais Bancos, Financeiras e Instituições de Pagamento",Conglomerado,INDUSTRIAL DO BRASIL (conglomerado),,,,82082.0
2024,2º,"Top 15 - Bancos, Financeiras e Instituições de Pagamento",Conglomerado,INTER (conglomerado),82.16,,,32352011.0
2024,2º,"Demais Bancos, Financeiras e Instituições de Pagamento",Banco/financeira,INTESA SANPAOLO BRASIL S.A. - BANCO MÚLTIPLO,,,,75.0
2024,2º,"Demais Bancos, Financeiras e Instituições de Pagamento",Banco/financeira,ISSUER INSTITUICAO DE PAGAMENTO LTDA.,,,,21.0
2024,2º,"Top 15 - Bancos, Financeiras e Instituições de Pagamento",Conglomerado,ITAU (conglomerado),34.68,,,99277343.0
2024,2º,"Demais Bancos, Financeiras e Instituições de Pagamento",Banco/financeira,IUGU INSTITUIÇÃO DE PAGAMENTO S.A.,532.93,,,292207.0
2024,2º,"Demais Bancos, Financeiras e Instituições de Pagamento",Banco/financeira,"JBCRED S.A. SOCIEDADE DE CREDITO, FINANCIAMENTO E INVESTIMENTO",,,,41442.0
2024,2º,"Demais Bancos, Financeiras e Instituições de Pagamento",Conglomerado,JP MORGAN CHASE (conglomerado),,,,4035.0
2024,2º,"Demais Bancos, Financeiras e Instituições de Pagamento",Banco/financeira,"KREDILIG S.A. - CRÉDITO, FINANCIAMENTO E INVESTIMENTO",,,,399636.0
2024,2º,"Demais Bancos, Financeiras e Instituições de Pagamento",Banco/financeira,"LEBES FINANCEIRA S.A. - CRÉDITO, FINANCIAMENTO E INVESTIMENTO",,,,395907.0
2024,2º,"Demais Bancos, Financeiras e Instituições de Pagamento",Banco/financeira,"LECCA CRÉDITO, FINANCIAMENTO E INVESTIMENTO S/A",1752.09,,,31077.0
2024,2º,"Demais Bancos, Financeiras e Instituições de Pagamento",Conglomerado,LOAN BRASIL (conglomerado),,,,0.0
2024,2º,"Demais Bancos, Financeiras e Instituições de Pagamento",Banco/financeira,M PAGAMENTOS S.A. - CRÉDITO FINANCIAMENTO E INVESTIMENTO,,,,264929.0
2024,2º,"Demais Bancos, Financeiras e Instituições de Pagamento",Conglomerado,MASTER (conglomerado),560.2,,,707209.0
2024,2º,"Demais Bancos, Financeiras e Instituições de Pagamento",Banco/financeira,MERCADO BITCOIN INSTITUICAO DE PAGAMENTO LTDA,,,,21834.0
2024,2º,"Top 15 - Bancos, Financeiras e Instituições de Pagamento",Conglomerado,MERCADO PAGO (conglomerado),25.87,,,53626468.0
2024,2º,"Demais Bancos, Financeiras e Instituições de Pagamento",Conglomerado,MERCANTIL DO BRASIL (conglomerado),259.43,,,7797078.0
2024,2º,"Demais Bancos, Financeiras e Instituições de Pagamento",Conglomerado,MERCEDES-BENZ (conglomerado),,,,17969.0
2024,2º,"Demais Bancos, Financeiras e Instituições de Pagamento",Banco/financeira,"MIDWAY S.A. - CRÉDITO, FINANCIAMENTO E INVESTIMENTO",5.23,,,8354620.0
2024,2º,"Demais Bancos, Financeiras e Instituições de Pagamento",Banco/financeira,"NEGRESCO S.A. - CREDITO, FINANCIAMENTO E INVESTIMENTOS",,,,524466.0
2024,2º,"Top 15 - Bancos, Financeiras e Instituições de Pagamento",Conglomerado,NEON (conglomerado),24.34,,,23674141.0
2024,2º,"Demais Bancos, Financeiras e Instituições de Pagamento",Banco/financeira,NOVO BANCO CONTINENTAL S.A. - BANCO MÚLTIPLO,,,,933725.0
2024,2º,"Top 15 - Bancos, Financeiras e Instituições de Pagamento",Conglomerado,NUBANK (conglomerado),21.58,,,93532277.0
2024,2º,"Demais Bancos, Financeiras e Instituições de Pagamento",Conglomerado,NVIO BRASIL (conglomerado),,,,1267941.0
2024,2º,"Demais Bancos, Financeiras e Instituições de Pagamento",Conglomerado,OMNI (conglomerado),,,,2681435.0
2024,2º,"Top 15 - Bancos, Financeiras e Instituições de Pagamento",Conglomerado,ORIGINAL (conglomerado),25.48,,,56958159.0
2024,2º,"Demais Bancos, Financeiras e Instituições de Pagamento",Banco/financeira,OURIBANK S.A. BANCO MÚLTIPLO,,,,881369.0
2024,2º,"Top 15 - Bancos, Financeiras e Instituições de Pagamento",Conglomerado,PAGBANK-PAGSEGURO (conglomerado),90.62,,,31627035.0
2024,2º,"Top 15 - Bancos, Financeiras e Instituições de Pagamento",Banco/financeira,PAGUEVELOZ INSTITUIÇÃO DE PAGAMENTO LTDA.,8.21,,,14601362.0
2024,2º,"Demais Bancos, Financeiras e Instituições de Pagamento",Conglomerado,PARANÁ BANCO (conglomerado),455.9,,,849046.0
2024,2º,"Demais Bancos, Financeiras e Instituições de Pagamento",Banco/financeira,PAY4FUN INSTITUICAO DE PAGAMENTO S.A.,,,,103760.0
2024,2º,"Demais Bancos, Financeiras e Instituições de Pagamento",Banco/financeira,PAYPAL DO BRASIL INSTITUIÇÃO DE PAGAMENTO LTDA.,,,,199182.0
2024,2º,"Demais Bancos, Financeiras e Instituições de Pagamento",Banco/financeira,"PEFISA S.A. - CRÉDITO, FINANCIAMENTO E INVESTIMENTO",21.57,,,11475161.0
2024,2º,"Demais Bancos, Financeiras e Instituições de Pagamento",Conglomerado,PINBANK (conglomerado),,,,34361.0
2024,2º,"Demais Bancos, Financeiras e Instituições de Pagamento",Conglomerado,PINE (conglomerado),510.71,,,1357536.0
2024,2º,"Demais Bancos, Financeiras e Instituições de Pagamento",Conglomerado,PORTO SEGURO (conglomerado),67.23,,,3140740.0
2024,2º,"Demais Bancos, Financeiras e Instituições de Pagamento",Banco/financeira,"QISTA S.A. - CRÉDITO, FINANCIAMENTO E INVESTIMENTO",,,,40361.0
2024,2º,"Demais Bancos, Financeiras e Instituições de Pagamento",Banco/financeira,QUERO-QUERO VERDECARD INSTITUIÇÃO DE PAGAMENTO S.A.,,,,599562.0
2024,2º,"Demais Bancos, Financeiras e Instituições de Pagamento",Conglomerado,RANDON (conglomerado),,,,7548.0
2024,2º,"Demais Bancos, Financeiras e Instituições de Pagamento",Banco/financeira,"REALIZE CRÉDITO, FINANCIAMENTO E INVESTIMENTO S.A.",,,,5638992.0
2024,2º,"Demais Bancos, Financeiras e Instituições de Pagamento",Conglomerado,RECARGAPAY (conglomerado),11.49,,,8182086.0
2024,2º,"Demais Bancos, Financeiras e Instituições de Pagamento",Conglomerado,RENDIMENTO (conglomerado),,,,272907.0
2024,2º,"Demais Bancos, Financeiras e Instituições de Pagamento",Conglomerado,RODOBENS (conglomerado),,,,29865.0
2024,2º,"Demais Bancos, Financeiras e Instituições de Pagamento",Banco/financeira,"RPW S/A SOCIEDADE DE CRÉDITO, FINANCIAMENTO E INVESTIMENTO",,,,20318.0
2024,2º,"Demais Bancos, Financeiras e Instituições de Pagamento",Conglomerado,SAFRA (conglomerado),76.19,,,5457070.0
2024,2º,"Top 15 - Bancos, Financeiras e Instituições de Pagamento",Conglomerado,SANTANDER (conglomerado),52.63,,,68541115.0
2024,2º,"Demais Bancos, Financeiras e Instituições de Pagamento",Banco/financeira,"SANTINVEST S.A. - CREDITO, FINANCIAMENTO E INVESTIMENTOS",,,,12523.0
2024,2º,"Demais Bancos, Financeiras e Instituições de Pagamento",Conglomerado,SCANIA (conglomerado),,,,7210.0
2024,2º,"Demais Bancos, Financeiras e Instituições de Pagamento",Conglomerado,SENFF (conglomerado),,,,634437.0
2024,2º,"Demais Bancos, Financeiras e Instituições de Pagamento",Banco/financeira,SERVNET INSTITUIÇÃO DE PAGAMENTO LTDA.,,,,546.0
2024,2º,"Demais Bancos, Financeiras e Instituições de Pagamento",Banco/financeira,"SF3 CRÉDITO, FINANCIAMENTO E INVESTIMENTO S.A.",,,,18386.0
2024,2º,"Demais Bancos, Financeiras e Instituições de Pagamento",Banco/financeira,SHPP BRASIL INSTITUIÇÃO DE PAGAMENTO E SERVIÇOS DE PAGAMENTOS LTDA.,,,,2123101.0
2024,2º,"Demais Bancos, Financeiras e Instituições de Pagamento",Conglomerado,SICREDI (conglomerado),,,,8953046.0
2024,2º,"Demais Bancos, Financeiras e Instituições de Pagamento",Conglomerado,SIMPALA (conglomerado),,,,8112.0
2024,2º,"Demais Bancos, Financeiras e Instituições de Pagamento",Conglomerado,SINOSSERRA (conglomerado),,,,9599.0
2024,2º,"Demais Bancos, Financeiras e Instituições de Pagamento",Conglomerado,SOCIAL BANK (conglomerado),,,,228.0
2024,2º,"Demais Bancos, Financeiras e Instituições de Pagamento",Conglomerado,SOCIETE GENERALE (conglomerado),,,,404.0
2024,2º,"Demais Bancos, Financeiras e Instituições de Pagamento",Banco/financeira,"SOCINAL S.A. - CRÉDITO, FINANCIAMENTO E INVESTIMENTO",,,,2943.0
2024,2º,"Demais Bancos, Financeiras e Instituições de Pagamento",Conglomerado,SOFISA (conglomerado),74.5,,,1098178.0
2024,2º,"Demais Bancos, Financeiras e Instituições de Pagamento",Conglomerado,STELLANTIS (conglomerado),,,,84132.0
2024,2º,"Demais Bancos, Financeiras e Instituições de Pagamento",Conglomerado,STONE (conglomerado),21.45,,,9226432.0
2024,2º,"Demais Bancos, Financeiras e Instituições de Pagamento",Banco/financeira,STRIPE BRASIL SOLUCOES DE PAGAMENTO INSTITUICAO DE PAGAMENTO LTDA,,,,80.0
2024,2º,"Demais Bancos, Financeiras e Instituições de Pagamento",Conglomerado,SUMUP (conglomerado),,,,783.0
2024,2º,"Demais Bancos, Financeiras e Instituições de Pagamento",Banco/financeira,SUPERBID PAY INSTITUICAO DE PAGAMENTO LTDA,,,,380618.0
2024,2º,"Demais Bancos, Financeiras e Instituições de Pagamento",Banco/financeira,SWAP MEIOS DE PAGAMENTOS INSTITUICAO DE PAGAMENTO S.A.,,,,1923961.0
2024,2º,"Demais Bancos, Financeiras e Instituições de Pagamento",Banco/financeira,"TODESCREDI S/A - CRÉDITO, FINANCIAMENTO E INVESTIMENTO",,,,37671.0
2024,2º,"Demais Bancos, Financeiras e Instituições de Pagamento",Banco/financeira,TRANSFEERA INSTITUIÇÃO DE PAGAMENTO S.A,,,,2102.0
2024,2º,"Demais Bancos, Financeiras e Instituições de Pagamento",Banco/financeira,U4C INSTITUIÇÃO DE PAGAMENTO S.A.,,,,17584.0
2024,2º,"Demais Bancos, Financeiras e Instituições de Pagamento",Conglomerado,UBS (BRASIL) (conglomerado),,,,5846.0
2024,2º,"Demais Bancos, Financeiras e Instituições de Pagamento",Banco/financeira,UZZIPAY INSTITUIÇÃO DE PAGAMENTO S.A.,,,,5953.0
2024,2º,"Demais Bancos, Financeiras e Instituições de Pagamento",Banco/financeira,"VIA CERTA FINANCIADORA S.A. - CRÉDITO, FINANCIAMENTO E INVESTIMENTOS",,,,208178.0
2024,2º,"Demais Bancos, Financeiras e Instituições de Pagamento",Conglomerado,VOLKSWAGEN (conglomerado),,,,409676.0
2024,2º,"Demais Bancos, Financeiras e Instituições de Pagamento",Conglomerado,VOLVO (conglomerado),,,,9460.0
2024,2º,"Demais Bancos, Financeiras e Instituições de Pagamento",Conglomerado,VOTORANTIM (conglomerado),24.91,,,14535941.0
2024,2º,"Demais Bancos, Financeiras e Instituições de Pagamento",Conglomerado,VR (conglomerado),,,,6796.0
2024,2º,"Demais Bancos, Financeiras e Instituições de Pagamento",Conglomerado,WESTERN UNION (conglomerado),,,,4.0
2024,2º,"Demais Bancos, Financeiras e Instituições de Pagamento",Conglomerado,WILL (conglomerado),68.78,,,7331736.0
2024,2º,"Demais Bancos, Financeiras e Instituições de Pagamento",Conglomerado,XP (conglomerado),96.68,,,5577989.0
2024,2º,"Demais Bancos, Financeiras e Instituições de Pagamento",Conglomerado,YAMAHA MOTOR (conglomerado),,,,258385.0
2024,2º,"Demais Bancos, Financeiras e Instituições de Pagamento",Banco/financeira,Z1 INSTITUIÇÃO DE PAGAMENTO LTDA.,,,,1.0
2024,2º,"Demais Bancos, Financeiras e Instituições de Pagamento",Banco/financeira,ZOOP TECNOLOGIA & INSTITUICAO DE PAGAMENTO S.A.,85.08,,,641695.0
2024,3º,"Demais Bancos, Financeiras e Instituições de Pagamento",Banco/financeira,99PAY INSTITUICAO DE PAGAMENTO S.A.,66.68,,,8327691.0
2024,3º,"Demais Bancos, Financeiras e Instituições de Pagamento",Conglomerado,ABC-BRASIL (conglomerado),,,,50722.0
2024,3º,"Demais Bancos, Financeiras e Instituições de Pagamento",Conglomerado,ABN AMRO (conglomerado),,,,0.0
2024,3º,"Demais Bancos, Financeiras e Instituições de Pagamento",Banco/financeira,ACG INSTITUIÇÃO DE PAGAMENTO S.A.,,,,74646.0
2024,3º,"Demais Bancos, Financeiras e Instituições de Pagamento",Banco/financeira,ADYEN DO BRASIL INSTITUICAO DE PAGAMENTO LTDA.,,,,120.0
2024,3º,"Demais Bancos, Financeiras e Instituições de Pagamento",Conglomerado,AFINZ (conglomerado),,,,522120.0
2024,3º,"Demais Bancos, Financeiras e Instituições de Pagamento",Conglomerado,AGIBANK (conglomerado),598.47,,,3308566.0
2024,3º,"Demais Bancos, Financeiras e Instituições de Pagamento",Banco/financeira,"AGORACRED S/A SOCIEDADE DE CRÉDITO, FINANCIAMENTO E INVESTIMENTO",,,,668159.0
2024,3º,"Demais Bancos, Financeiras e Instituições de Pagamento",Banco/financeira,"AL5 S.A. CRÉDITO, FINANCIAMENTO E INVESTIMENTO",,,,20207.0
2024,3º,"Demais Bancos, Financeiras e Instituições de Pagamento",Banco/financeira,ALELO INSTITUICAO DE PAGAMENTO SA,,,,4805449.0
2024,3º,"Top 15 - Bancos, Financeiras e Instituições de Pagamento",Conglomerado,AME DIGITAL (conglomerado),41.83,,,32302852.0
2024,3º,"Demais Bancos, Financeiras e Instituições de Pagamento",Conglomerado,ANDBANK (conglomerado),,,,82230.0
2024,3º,"Demais Bancos, Financeiras e Instituições de Pagamento",Conglomerado,ASAAS (conglomerado),51.18,,,912740.0
2024,3º,"Demais Bancos, Financeiras e Instituições de Pagamento",Conglomerado,B3 (conglomerado),,,,1176.0
2024,3º,"Demais Bancos, Financeiras e Instituições de Pagamento",Banco/financeira,BANCO ARBI S.A.,67.6,,,526164.0
2024,3º,"Demais Bancos, Financeiras e Instituições de Pagamento",Banco/financeira,BANCO CARGILL S.A.,,,,334.0
2024,3º,"Demais Bancos, Financeiras e Instituições de Pagamento",Banco/financeira,BANCO CEDULA S.A.,,,,18005.0
2024,3º,"Demais Bancos, Financeiras e Instituições de Pagamento",Banco/financeira,BANCO CLASSICO S.A.,,,,21.0
2024,3º,"Demais Bancos, Financeiras e Instituições de Pagamento",Banco/financeira,BANCO CNH INDUSTRIAL CAPITAL S.A.,,,,32621.0
2024,3º,"Demais Bancos, Financeiras e Instituições de Pagamento",Banco/financeira,BANCO CRÉDIT AGRICOLE BRASIL S.A.,,,,605.0
2024,3º,"Demais Bancos, Financeiras e Instituições de Pagamento",Banco/financeira,BANCO CSF S.A.,12.95,,,9000840.0
2024,3º,"Demais Bancos, Financeiras e Instituições de Pagamento",Banco/financeira,BANCO DA AMAZONIA S.A.,,,,646311.0
2024,3º,"Demais Bancos, Financeiras e Instituições de Pagamento",Banco/financeira,BANCO DE LAGE LANDEN BRASIL S.A.,,,,40276.0
2024,3º,"Demais Bancos, Financeiras e Instituições de Pagamento",Banco/financeira,BANCO DIGIMAIS S.A.,346.51,,,204322.0
2024,3º,"Demais Bancos, Financeiras e Instituições de Pagamento",Banco/financeira,BANCO DO ESTADO DO PARÁ S.A.,103.44,,,1119506.0
2024,3º,"Demais Bancos, Financeiras e Instituições de Pagamento",Banco/financeira,BANCO DO NORDESTE DO BRASIL S.A.,,,,10139243.0
2024,3º,"Demais Bancos, Financeiras e Instituições de Pagamento",Banco/financeira,BANCO FIBRA S.A.,,,,166286.0
2024,3º,"Demais Bancos, Financeiras e Instituições de Pagamento",Banco/financeira,BANCO HSBC S.A.,,,,5639.0
2024,3º,"Demais Bancos, Financeiras e Instituições de Pagamento",Banco/financeira,BANCO INBURSA S.A.,2218.85,,,291382.0
2024,3º,"Demais Bancos, Financeiras e Instituições de Pagamento",Banco/financeira,BANCO JOHN DEERE S.A.,,,,13205.0
2024,3º,"Demais Bancos, Financeiras e Instituições de Pagamento",Banco/financeira,BANCO KDB DO BRASIL S.A.,,,,178.0
2024,3º,"Demais Bancos, Financeiras e Instituições de Pagamento",Banco/financeira,BANCO LUSO BRASILEIRO S.A.,,,,2897.0
2024,3º,"Demais Bancos, Financeiras e Instituições de Pagamento",Banco/financeira,BANCO MUFG BRASIL S.A.,,,,2811.0
2024,3º,"Demais Bancos, Financeiras e Instituições de Pagamento",Banco/financeira,BANCO PACCAR S.A.,,,,2048.0
2024,3º,"Demais Bancos, Financeiras e Instituições de Pagamento",Banco/financeira,BANCO PAULISTA S.A.,,,,99025.0
2024,3º,"Demais Bancos, Financeiras e Instituições de Pagamento",Banco/financeira,BANCO PORTO REAL DE INVESTIMENTOS S.A,,,,19.0
2024,3º,"Demais Bancos, Financeiras e Instituições de Pagamento",Banco/financeira,BANCO RNX S.A.,,,,2502.0
2024,3º,"Demais Bancos, Financeiras e Instituições de Pagamento",Banco/financeira,BANCO SEMEAR S.A.,,,,190764.0
2024,3º,"Demais Bancos, Financeiras e Instituições de Pagamento",Conglomerado,BANCO SICOOB (conglomerado),,,,6901413.0
2024,3º,"Demais Bancos, Financeiras e Instituições de Pagamento",Banco/financeira,BANCO TOPÁZIO S.A.,,,,11719.0
2024,3º,"Demais Bancos, Financeiras e Instituições de Pagamento",Conglomerado,BANCO TOYOTA DO BRASIL S.A. (conglomerado),,,,163394.0
2024,3º,"Demais Bancos, Financeiras e Instituições de Pagamento",Banco/financeira,BANCO TRIANGULO S.A.,,,,1826621.0
2024,3º,"Demais Bancos, Financeiras e Instituições de Pagamento",Conglomerado,BANESE (conglomerado),24.56,,,1661753.0
2024,3º,"Demais Bancos, Financeiras e Instituições de Pagamento",Conglomerado,BANESTES (conglomerado),,,,1463949.0
2024,3º,"Demais Bancos, Financeiras e Instituições de Pagamento",Conglomerado,BANRISUL (conglomerado),83.52,,,5442202.0
2024,3º,"Demais Bancos, Financeiras e Instituições de Pagamento",Conglomerado,BARIGUI (conglomerado),721.82,,,94011.0
2024,3º,"Top 15 - Bancos, Financeiras e Instituições de Pagamento",Conglomerado,BB (conglomerado),18.15,,,77486517.0
2024,3º,"Demais Bancos, Financeiras e Instituições de Pagamento",Conglomerado,BBC (conglomerado),,,,13129.0
2024,3º,"Demais Bancos, Financeiras e Instituições de Pagamento",Banco/financeira,"BECKER FINANCEIRA S.A. - CRÉDITO, FINANCIAMENTO E INVESTIMENTO",,,,222995.0
2024,3º,"Demais Bancos, Financeiras e Instituições de Pagamento",Banco/financeira,BEES INSTITUICAO DE PAGAMENTO LTDA.,,,,99.0
2024,3º,"Demais Bancos, Financeiras e Instituições de Pagamento",Banco/financeira,BLU INSTITUIÇÃO DE PAGAMENTO LTDA.,,,,39764.0
2024,3º,"Demais Bancos, Financeiras e Instituições de Pagamento",Conglomerado,BMG (conglomerado),32.01,,,10536929.0
2024,3º,"Demais Bancos, Financeiras e Instituições de Pagamento",Conglomerado,BMW (conglomerado),,,,55366.0
2024,3º,"Demais Bancos, Financeiras e Instituições de Pagamento",Conglomerado,BNP PARIBAS (conglomerado),,,,857037.0
2024,3º,"Demais Bancos, Financeiras e Instituições de Pagamento",Conglomerado,BNQI - FINANCEIRO (conglomerado),,,,6714433.0
2024,3º,"Demais Bancos, Financeiras e Instituições de Pagamento",Conglomerado,BNY MELLON (conglomerado),,,,4448.0
2024,3º,"Demais Bancos, Financeiras e Instituições de Pagamento",Conglomerado,BOCOM (conglomerado),,,,9380.0
2024,3º,"Demais Bancos, Financeiras e Instituições de Pagamento",Conglomerado,BOFA MERRILL LYNCH (conglomerado),,,,4271.0
2024,3º,"Top 15 - Bancos, Financeiras e Instituições de Pagamento",Conglomerado,BRADESCO (conglomerado),29.88,,,108709671.0
2024,3º,"Demais Bancos, Financeiras e Instituições de Pagamento",Conglomerado,BRB (conglomerado),230.85,,,6984103.0
2024,3º,"Top 15 - Bancos, Financeiras e Instituições de Pagamento",Conglomerado,BTG PACTUAL/BANCO PAN (conglomerado),37.27,,,24707563.0
2024,3º,"Top 15 - Bancos, Financeiras e Instituições de Pagamento",Conglomerado,C6 BANK (conglomerado),84.49,,,30719069.0
2024,3º,"Top 15 - Bancos, Financeiras e Instituições de Pagamento",Conglomerado,CAIXA ECONÔMICA FEDERAL (conglomerado),25.29,,,155564626.0
2024,3º,"Demais Bancos, Financeiras e Instituições de Pagamento",Conglomerado,CAIXA GERAL (conglomerado),,,,1031.0
2024,3º,"Demais Bancos, Financeiras e Instituições de Pagamento",Banco/financeira,"CALCRED S.A. - CRÉDITO, FINANCIAMENTO E INVESTIMENTO",,,,135806.0
2024,3º,"Demais Bancos, Financeiras e Instituições de Pagamento",Banco/financeira,"CARUANA S.A. - SOCIEDADE DE CRÉDITO, FINANCIAMENTO E INVESTIMENTO",,,,56350.0
2024,3º,"Demais Bancos, Financeiras e Instituições de Pagamento",Conglomerado,CCB (conglomerado),,,,128081.0
2024,3º,"Demais Bancos, Financeiras e Instituições de Pagamento",Banco/financeira,CELCOIN INSTITUICAO DE PAGAMENTO S.A.,36.83,,,5027709.0
2024,3º,"Demais Bancos, Financeiras e Instituições de Pagamento",Banco/financeira,"CENTROCRED S.A. CRÉDITO, FINANCIAMENTO E INVESTIMENTOS",,,,130885.0
2024,3º,"Demais Bancos, Financeiras e Instituições de Pagamento",Banco/financeira,CIELO S.A. - INSTITUIÇÃO DE PAGAMENTO,,,,1698787.0
2024,3º,"Demais Bancos, Financeiras e Instituições de Pagamento",Conglomerado,CITIBANK (conglomerado),,,,19264.0
2024,3º,"Demais Bancos, Financeiras e Instituições de Pagamento",Banco/financeira,CLOUDWALK INSTITUIÇÃO DE PAGAMENTO E SERVICOS LTDA,,,,5844215.0
2024,3º,"Demais Bancos, Financeiras e Instituições de Pagamento",Conglomerado,COBUCCIO (conglomerado),154.3,,,1811549.0
2024,3º,"Demais Bancos, Financeiras e Instituições de Pagamento",Conglomerado,COLOMBO (conglomerado),,,,264202.0
2024,3º,"Demais Bancos, Financeiras e Instituições de Pagamento",Banco/financeira,"COMPREV - CRÉDITO, FINANCIAMENTO E INVESTIMENTO S.A.",,,,208.0
2024,3º,"Demais Bancos, Financeiras e Instituições de Pagamento",Banco/financeira,COOPER CARD INSTITUIÇÃO DE PAGAMENTO LTDA.,,,,292365.0
2024,3º,"Demais Bancos, Financeiras e Instituições de Pagamento",Banco/financeira,"CORA SOCIEDADE DE CRÉDITO, FINANCIAMENTO E INVESTIMENTO S.A.",,,,2446310.0
2024,3º,"Demais Bancos, Financeiras e Instituições de Pagamento",Conglomerado,CREDI-SHOP (conglomerado),,,,674844.0
2024,3º,"Demais Bancos, Financeiras e Instituições de Pagamento",Banco/financeira,"CREDITÁ S/A CRÉDITO, FINANCIAMENTO E INVESTIMENTO",,,,1267.0
2024,3º,"Demais Bancos, Financeiras e Instituições de Pagamento",Conglomerado,CREDSYSTEM (conglomerado),,,,4824046.0
2024,3º,"Demais Bancos, Financeiras e Instituições de Pagamento",Conglomerado,CREFISA (conglomerado),43.98,,,5755266.0
2024,3º,"Demais Bancos, Financeiras e Instituições de Pagamento",Conglomerado,DAYCOVAL (conglomerado),73.93,,,2298834.0
2024,3º,"Demais Bancos, Financeiras e Instituições de Pagamento",Banco/financeira,DEUTSCHE SPARKASSEN LEASING DO BRASIL BANCO MÚLTIPLO S.A.,,,,672.0
2024,3º,"Demais Bancos, Financeiras e Instituições de Pagamento",Banco/financeira,DLOCAL BRASIL INSTITUIÇÃO DE PAGAMENTO S.A.,,,,242681.0
2024,3º,"Demais Bancos, Financeiras e Instituições de Pagamento",Conglomerado,DMCARD (conglomerado),66.33,,,2144998.0
2024,3º,"Demais Bancos, Financeiras e Instituições de Pagamento",Banco/financeira,DOCK INSTITUIÇÃO DE PAGAMENTO S.A.,10.66,,,5420342.0
2024,3º,"Demais Bancos, Financeiras e Instituições de Pagamento",Conglomerado,EAGLE (conglomerado),,,,0.0
2024,3º,"Demais Bancos, Financeiras e Instituições de Pagamento",Banco/financeira,EBANX INSTITUICAO DE PAGAMENTOS LTDA.,,,,885511.0
2024,3º,"Demais Bancos, Financeiras e Instituições de Pagamento",Conglomerado,EDENRED (conglomerado),,,,291603.0
2024,3º,"Demais Bancos, Financeiras e Instituições de Pagamento",Banco/financeira,EWALLY INSTITUIÇÃO DE PAGAMENTO S.A.,,,,173307.0
2024,3º,"Demais Bancos, Financeiras e Instituições de Pagamento",Banco/financeira,FACTA FINANCEIRA S.A. - CRÉDITO FINANCIAMENTO E INVESTIMENTO,356.87,,,2648146.0
2024,3º,"Demais Bancos, Financeiras e Instituições de Pagamento",Banco/financeira,"FINAMAX S.A. - CREDITO, FINANCIAMENTO E INVESTIMENTO",,,,81262.0
2024,3º,"Demais Bancos, Financeiras e Instituições de Pagamento",Conglomerado,FISERV (conglomerado),,,,131.0
2024,3º,"Demais Bancos, Financeiras e Instituições de Pagamento",Banco/financeira,FITBANK INSTITUIÇÃO DE PAGAMENTOS ELETRÔNICOS S.A.,733.52,,,117202.0
2024,3º,"Demais Bancos, Financeiras e Instituições de Pagamento",Banco/financeira,FLAGSHIP INSTITUICAO DE PAGAMENTOS LTDA,,,,92050.0
2024,3º,"Demais Bancos, Financeiras e Instituições de Pagamento",Banco/financeira,FLASH TECNOLOGIA E  INSTITUICAO DE PAGAMENTO LTDA,,,,299722.0
2024,3º,"Demais Bancos, Financeiras e Instituições de Pagamento",Banco/financeira,FORIS GFS BR INSTITUICAO DE PAGAMENTO LTDA,,,,308782.0
2024,3º,"Demais Bancos, Financeiras e Instituições de Pagamento",Banco/financeira,FORTBRASIL INSTITUIÇÃO DE PAGAMENTO S/A,,,,616186.0
2024,3º,"Demais Bancos, Financeiras e Instituições de Pagamento",Conglomerado,GAZIN (conglomerado),,,,119613.0
2024,3º,"Demais Bancos, Financeiras e Instituições de Pagamento",Conglomerado,GENIAL (conglomerado),65.19,,,1483218.0
2024,3º,"Demais Bancos, Financeiras e Instituições de Pagamento",Conglomerado,GERENCIANET (conglomerado),90.03,,,493521.0
2024,3º,"Demais Bancos, Financeiras e Instituições de Pagamento",Conglomerado,GM (conglomerado),,,,241319.0
2024,3º,"Demais Bancos, Financeiras e Instituições de Pagamento",Banco/financeira,"GOLCRED S/A - CRÉDITO, FINANCIAMENTO E INVESTIMENTO",,,,15690.0
2024,3º,"Demais Bancos, Financeiras e Instituições de Pagamento",Banco/financeira,"GRAZZIOTIN FINANCEIRA S/A - CRÉDITO, FINANCIAMENTO E INVESTIMENTOS",,,,80566.0
2024,3º,"Demais Bancos, Financeiras e Instituições de Pagamento",Conglomerado,GRUPO BONSUCESSO - BS2 (conglomerado),79.87,,,454818.0
2024,3º,"Demais Bancos, Financeiras e Instituições de Pagamento",Conglomerado,GRUPO ZEMA (conglomerado),,,,427119.0
2024,3º,"Demais Bancos, Financeiras e Instituições de Pagamento",Conglomerado,HERVAL - HS (conglomerado),,,,221306.0
2024,3º,"Demais Bancos, Financeiras e Instituições de Pagamento",Banco/financeira,HINOVA PAY INSTITUICAO DE PAGAMENTO S.A.,,,,1353.0
2024,3º,"Demais Bancos, Financeiras e Instituições de Pagamento",Conglomerado,HONDA (conglomerado),,,,438478.0
2024,3º,"Demais Bancos, Financeiras e Instituições de Pagamento",Banco/financeira,HUB INSTITUIÇÃO DE PAGAMENTO S.A.,3.1,,,12219419.0
2024,3º,"Demais Bancos, Financeiras e Instituições de Pagamento",Conglomerado,INDUSTRIAL DO BRASIL (conglomerado),,,,82882.0
2024,3º,"Top 15 - Bancos, Financeiras e Instituições de Pagamento",Conglomerado,INTER (conglomerado),74.11,,,33931240.0
2024,3º,"Top 15 - Bancos, Financeiras e Instituições de Pagamento",Conglomerado,ITAU (conglomerado),49.97,,,99170086.0
2024,3º,"Demais Bancos, Financeiras e Instituições de Pagamento",Banco/financeira,IUGU INSTITUIÇÃO DE PAGAMENTO S.A.,972.27,,,294860.0
2024,3º,"Demais Bancos, Financeiras e Instituições de Pagamento",Banco/financeira,"JBCRED S.A. SOCIEDADE DE CREDITO, FINANCIAMENTO E INVESTIMENTO",,,,46584.0
2024,3º,"Demais Bancos, Financeiras e Instituições de Pagamento",Conglomerado,JP MORGAN CHASE (conglomerado),,,,4242.0
2024,3º,"Demais Bancos, Financeiras e Instituições de Pagamento",Banco/financeira,"KREDILIG S.A. - CRÉDITO, FINANCIAMENTO E INVESTIMENTO",,,,411744.0
2024,3º,"Demais Bancos, Financeiras e Instituições de Pagamento",Banco/financeira,"LEBES FINANCEIRA S.A. - CRÉDITO, FINANCIAMENTO E INVESTIMENTO",,,,394575.0
2024,3º,"Demais Bancos, Financeiras e Instituições de Pagamento",Banco/financeira,"LECCA CRÉDITO, FINANCIAMENTO E INVESTIMENTO S/A",1832.91,,,32080.0
2024,3º,"Demais Bancos, Financeiras e Instituições de Pagamento",Conglomerado,LOAN BRASIL (conglomerado),,,,103.0
2024,3º,"Demais Bancos, Financeiras e Instituições de Pagamento",Banco/financeira,M PAGAMENTOS S.A. - CRÉDITO FINANCIAMENTO E INVESTIMENTO,,,,239296.0
2024,3º,"Demais Bancos, Financeiras e Instituições de Pagamento",Banco/financeira,MAG INSTITUICAO DE PAGAMENTO LTDA,,,,2621.0
2024,3º,"Demais Bancos, Financeiras e Instituições de Pagamento",Conglomerado,MASTER (conglomerado),152.41,,,8924862.0
2024,3º,"Demais Bancos, Financeiras e Instituições de Pagamento",Banco/financeira,MERCADO BITCOIN INSTITUICAO DE PAGAMENTO LTDA,,,,22098.0
2024,3º,"Top 15 - Bancos, Financeiras e Instituições de Pagamento",Conglomerado,MERCADO PAGO (conglomerado),34.58,,,56906694.0
2024,3º,"Demais Bancos, Financeiras e Instituições de Pagamento",Conglomerado,MERCANTIL DO BRASIL (conglomerado),418.83,,,7933181.0
2024,3º,"Demais Bancos, Financeiras e Instituições de Pagamento",Conglomerado,MERCEDES-BENZ (conglomerado),,,,17714.0
2024,3º,"Demais Bancos, Financeiras e Instituições de Pagamento",Banco/financeira,"MIDWAY S.A. - CRÉDITO, FINANCIAMENTO E INVESTIMENTO",5.84,,,8498154.0
2024,3º,"Demais Bancos, Financeiras e Instituições de Pagamento",Banco/financeira,"NEGRESCO S.A. - CREDITO, FINANCIAMENTO E INVESTIMENTOS",,,,530663.0
2024,3º,"Top 15 - Bancos, Financeiras e Instituições de Pagamento",Conglomerado,NEON (conglomerado),20.03,,,24298621.0
2024,3º,"Demais Bancos, Financeiras e Instituições de Pagamento",Banco/financeira,NOVO BANCO CONTINENTAL S.A. - BANCO MÚLTIPLO,,,,926439.0
2024,3º,"Top 15 - Bancos, Financeiras e Instituições de Pagamento",Conglomerado,NUBANK (conglomerado),15.26,,,97624655.0
2024,3º,"Demais Bancos, Financeiras e Instituições de Pagamento",Conglomerado,NVIO BRASIL (conglomerado),,,,1280879.0
2024,3º,"Demais Bancos, Financeiras e Instituições de Pagamento",Conglomerado,OMNI (conglomerado),21.27,,,2276275.0
2024,3º,"Top 15 - Bancos, Financeiras e Instituições de Pagamento",Conglomerado,ORIGINAL (conglomerado),19.45,,,58741124.0
2024,3º,"Demais Bancos, Financeiras e Instituições de Pagamento",Banco/financeira,OURIBANK S.A. BANCO MÚLTIPLO,,,,1039336.0
2024,3º,"Top 15 - Bancos, Financeiras e Instituições de Pagamento",Conglomerado,PAGBANK-PAGSEGURO (conglomerado),104.88,,,32633574.0
2024,3º,"Demais Bancos, Financeiras e Instituições de Pagamento",Banco/financeira,PAGUEVELOZ INSTITUIÇÃO DE PAGAMENTO LTDA.,7.29,,,12977226.0
2024,3º,"Demais Bancos, Financeiras e Instituições de Pagamento",Conglomerado,PARANÁ BANCO (conglomerado),1638.2,,,911227.0
2024,3º,"Demais Bancos, Financeiras e Instituições de Pagamento",Banco/financeira,PAY4FUN INSTITUICAO DE PAGAMENTO S.A.,,,,92800.0
2024,3º,"Demais Bancos, Financeiras e Instituições de Pagamento",Banco/financeira,PAYPAL DO BRASIL INSTITUIÇÃO DE PAGAMENTO LTDA.,,,,216542.0
2024,3º,"Demais Bancos, Financeiras e Instituições de Pagamento",Banco/financeira,"PEFISA S.A. - CRÉDITO, FINANCIAMENTO E INVESTIMENTO",36.63,,,11700247.0
2024,3º,"Demais Bancos, Financeiras e Instituições de Pagamento",Banco/financeira,PINBANK BRASIL INSTITUIÇÃO DE PAGAMENTO S.A.,,,,29282.0
2024,3º,"Demais Bancos, Financeiras e Instituições de Pagamento",Conglomerado,PINE (conglomerado),580.42,,,1287522.0
2024,3º,"Demais Bancos, Financeiras e Instituições de Pagamento",Conglomerado,PORTO SEGURO (conglomerado),87.49,,,3119350.0
2024,3º,"Demais Bancos, Financeiras e Instituições de Pagamento",Banco/financeira,"QISTA S.A. - CRÉDITO, FINANCIAMENTO E INVESTIMENTO",,,,54204.0
2024,3º,"Demais Bancos, Financeiras e Instituições de Pagamento",Banco/financeira,QUERO-QUERO VERDECARD INSTITUIÇÃO DE PAGAMENTO S.A.,,,,672595.0
2024,3º,"Demais Bancos, Financeiras e Instituições de Pagamento",Banco/financeira,"REALIZE CRÉDITO, FINANCIAMENTO E INVESTIMENTO S.A.",7.53,,,5428492.0
2024,3º,"Demais Bancos, Financeiras e Instituições de Pagamento",Conglomerado,RECARGAPAY (conglomerado),16.56,,,9058144.0
2024,3º,"Demais Bancos, Financeiras e Instituições de Pagamento",Conglomerado,RENDIMENTO (conglomerado),,,,291700.0
2024,3º,"Demais Bancos, Financeiras e Instituições de Pagamento",Conglomerado,RODOBENS (conglomerado),,,,30033.0
2024,3º,"Demais Bancos, Financeiras e Instituições de Pagamento",Banco/financeira,"RPW S/A SOCIEDADE DE CRÉDITO, FINANCIAMENTO E INVESTIMENTO",,,,21000.0
2024,3º,"Demais Bancos, Financeiras e Instituições de Pagamento",Conglomerado,SAFRA (conglomerado),85.03,,,5252943.0
2024,3º,"Top 15 - Bancos, Financeiras e Instituições de Pagamento",Conglomerado,SANTANDER (conglomerado),34.59,,,68807361.0
2024,3º,"Demais Bancos, Financeiras e Instituições de Pagamento",Banco/financeira,"SANTINVEST S.A. - CREDITO, FINANCIAMENTO E INVESTIMENTOS",,,,12410.0
2024,3º,"Demais Bancos, Financeiras e Instituições de Pagamento",Conglomerado,SENFF (conglomerado),,,,602735.0
2024,3º,"Demais Bancos, Financeiras e Instituições de Pagamento",Banco/financeira,SERVNET INSTITUIÇÃO DE PAGAMENTO LTDA.,,,,538.0
2024,3º,"Demais Bancos, Financeiras e Instituições de Pagamento",Banco/financeira,"SF3 CRÉDITO, FINANCIAMENTO E INVESTIMENTO S.A.",,,,2680.0
2024,3º,"Demais Bancos, Financeiras e Instituições de Pagamento",Conglomerado,SHPP (conglomerado),,,,2555298.0
2024,3º,"Demais Bancos, Financeiras e Instituições de Pagamento",Conglomerado,SICREDI (conglomerado),,,,9304334.0
2024,3º,"Demais Bancos, Financeiras e Instituições de Pagamento",Conglomerado,SIMPALA (conglomerado),,,,7937.0
2024,3º,"Demais Bancos, Financeiras e Instituições de Pagamento",Conglomerado,SINOSSERRA (conglomerado),,,,10100.0
2024,3º,"Demais Bancos, Financeiras e Instituições de Pagamento",Conglomerado,SOCIETE GENERALE (conglomerado),,,,403.0
2024,3º,"Demais Bancos, Financeiras e Instituições de Pagamento",Banco/financeira,"SOCINAL S.A. - CRÉDITO, FINANCIAMENTO E INVESTIMENTO",,,,3057.0
2024,3º,"Demais Bancos, Financeiras e Instituições de Pagamento",Conglomerado,SOFISA (conglomerado),90.75,,,1193080.0
2024,3º,"Demais Bancos, Financeiras e Instituições de Pagamento",Conglomerado,STARK (conglomerado),69117.07,,,1439.0
2024,3º,"Demais Bancos, Financeiras e Instituições de Pagamento",Conglomerado,STELLANTIS (conglomerado),,,,110641.0
2024,3º,"Demais Bancos, Financeiras e Instituições de Pagamento",Conglomerado,STONE (conglomerado),9.21,,,10005850.0
2024,3º,"Demais Bancos, Financeiras e Instituições de Pagamento",Banco/financeira,STRIPE BRASIL SOLUCOES DE PAGAMENTO INSTITUICAO DE PAGAMENTO LTDA,,,,84.0
2024,3º,"Demais Bancos, Financeiras e Instituições de Pagamento",Conglomerado,SUMUP (conglomerado),,,,780.0
2024,3º,"Demais Bancos, Financeiras e Instituições de Pagamento",Banco/financeira,SUPERBID PAY INSTITUICAO DE PAGAMENTO LTDA,,,,403702.0
2024,3º,"Demais Bancos, Financeiras e Instituições de Pagamento",Banco/financeira,SWAP MEIOS DE PAGAMENTOS INSTITUICAO DE PAGAMENTO S.A.,,,,2083524.0
2024,3º,"Demais Bancos, Financeiras e Instituições de Pagamento",Banco/financeira,"TODESCREDI S/A - CRÉDITO, FINANCIAMENTO E INVESTIMENTO",,,,40257.0
2024,3º,"Demais Bancos, Financeiras e Instituições de Pagamento",Banco/financeira,TRANSFEERA INSTITUIÇÃO DE PAGAMENTO S.A,,,,2101.0
2024,3º,"Demais Bancos, Financeiras e Instituições de Pagamento",Banco/financeira,U4C INSTITUIÇÃO DE PAGAMENTO S.A.,,,,17584.0
2024,3º,"Demais Bancos, Financeiras e Instituições de Pagamento",Banco/financeira,"VALOR S/A SOCIEDADE DE CRÉDITO, FINANCIAMENTO E INVESTIMENTO",,,,35486.0
2024,3º,"Demais Bancos, Financeiras e Instituições de Pagamento",Banco/financeira,"VIA CERTA FINANCIADORA S.A. - CRÉDITO, FINANCIAMENTO E INVESTIMENTOS",,,,227642.0
2024,3º,"Demais Bancos, Financeiras e Instituições de Pagamento",Conglomerado,VOLKSWAGEN (conglomerado),112.31,,,433721.0
2024,3º,"Demais Bancos, Financeiras e Instituições de Pagamento",Conglomerado,VOLVO (conglomerado),,,,9415.0
2024,3º,"Top 15 - Bancos, Financeiras e Instituições de Pagamento",Conglomerado,VOTORANTIM (conglomerado),20.72,,,14740668.0
2024,3º,"Demais Bancos, Financeiras e Instituições de Pagamento",Conglomerado,VR (conglomerado),,,,11870.0
2024,3º,"Demais Bancos, Financeiras e Instituições de Pagamento",Conglomerado,WESTERN UNION (conglomerado),,,,4.0
2024,3º,"Demais Bancos, Financeiras e Instituições de Pagamento",Conglomerado,XP (conglomerado),52.91,,,5668198.0
2024,3º,"Demais Bancos, Financeiras e Instituições de Pagamento",Conglomerado,YAMAHA MOTOR (conglomerado),,,,234698.0
2024,3º,"Demais Bancos, Financeiras e Instituições de Pagamento",Banco/financeira,ZOOP TECNOLOGIA & INSTITUICAO DE PAGAMENTO S.A.,54.16,,,675177.0
2024,4º,"Top 15 - Bancos, Financeiras e Instituições de Pagamento",Conglomerado,99PAY (conglomerado),46.15,,,21888818.0
2024,4º,"Demais Bancos, Financeiras e Instituições de Pagamento",Conglomerado,ABC-BRASIL (conglomerado),,,,52602.0
2024,4º,"Demais Bancos, Financeiras e Instituições de Pagamento",Conglomerado,ABN AMRO (conglomerado),,,,0.0
2024,4º,"Demais Bancos, Financeiras e Instituições de Pagamento",Banco/financeira,ACG INSTITUIÇÃO DE PAGAMENTO S.A.,,,,80207.0
2024,4º,"Demais Bancos, Financeiras e Instituições de Pagamento",Banco/financeira,ADYEN DO BRASIL INSTITUICAO DE PAGAMENTO LTDA.,,,,129.0
2024,4º,"Demais Bancos, Financeiras e Instituições de Pagamento",Conglomerado,AFINZ (conglomerado),71.46,,,584963.0
2024,4º,"Demais Bancos, Financeiras e Instituições de Pagamento",Conglomerado,AGIBANK (conglomerado),868.53,,,3663177.0
2024,4º,"Demais Bancos, Financeiras e Instituições de Pagamento",Banco/financeira,"AGORACRED S/A SOCIEDADE DE CRÉDITO, FINANCIAMENTO E INVESTIMENTO",,,,676750.0
2024,4º,"Demais Bancos, Financeiras e Instituições de Pagamento",Banco/financeira,"AL5 S.A. CRÉDITO, FINANCIAMENTO E INVESTIMENTO",,,,20273.0
2024,4º,"Demais Bancos, Financeiras e Instituições de Pagamento",Banco/financeira,ALELO INSTITUICAO DE PAGAMENTO SA,,,,5288527.0
2024,4º,"Top 15 - Bancos, Financeiras e Instituições de Pagamento",Conglomerado,AME DIGITAL (conglomerado),19.3,,,16697490.0
2024,4º,"Demais Bancos, Financeiras e Instituições de Pagamento",Conglomerado,ANDBANK (conglomerado),,,,87400.0
2024,4º,"Demais Bancos, Financeiras e Instituições de Pagamento",Conglomerado,ASAAS (conglomerado),48.87,,,962524.0
2024,4º,"Demais Bancos, Financeiras e Instituições de Pagamento",Banco/financeira,BANCO ARBI S.A.,,,,573960.0
2024,4º,"Demais Bancos, Financeiras e Instituições de Pagamento",Banco/financeira,BANCO CNH INDUSTRIAL CAPITAL S.A.,,,,33526.0
2024,4º,"Demais Bancos, Financeiras e Instituições de Pagamento",Banco/financeira,BANCO CSF S.A.,14.68,,,9276827.0
2024,4º,"Demais Bancos, Financeiras e Instituições de Pagamento",Banco/financeira,BANCO DA AMAZONIA S.A.,,,,658246.0
2024,4º,"Demais Bancos, Financeiras e Instituições de Pagamento",Banco/financeira,BANCO DE LAGE LANDEN BRASIL S.A.,,,,40167.0
2024,4º,"Demais Bancos, Financeiras e Instituições de Pagamento",Banco/financeira,BANCO DIGIMAIS S.A.,632.76,,,175700.0
2024,4º,"Demais Bancos, Financeiras e Instituições de Pagamento",Banco/financeira,BANCO DO ESTADO DO PARÁ S.A.,106.92,,,1069680.0
2024,4º,"Demais Bancos, Financeiras e Instituições de Pagamento",Banco/financeira,BANCO DO NORDESTE DO BRASIL S.A.,,,,10268366.0
2024,4º,"Demais Bancos, Financeiras e Instituições de Pagamento",Banco/financeira,BANCO FIBRA S.A.,,,,166560.0
2024,4º,"Demais Bancos, Financeiras e Instituições de Pagamento",Banco/financeira,BANCO HSBC S.A.,,,,5814.0
2024,4º,"Demais Bancos, Financeiras e Instituições de Pagamento",Banco/financeira,BANCO INBURSA S.A.,1466.28,,,511749.0
2024,4º,"Demais Bancos, Financeiras e Instituições de Pagamento",Banco/financeira,BANCO ORIGINAL S.A.,49.42,,,2259184.0
2024,4º,"Demais Bancos, Financeiras e Instituições de Pagamento",Banco/financeira,BANCO PAULISTA S.A.,,,,97428.0
2024,4º,"Demais Bancos, Financeiras e Instituições de Pagamento",Banco/financeira,BANCO RABOBANK INTERNATIONAL BRASIL S.A.,,,,3951.0
2024,4º,"Demais Bancos, Financeiras e Instituições de Pagamento",Banco/financeira,BANCO SEMEAR S.A.,,,,185403.0
2024,4º,"Demais Bancos, Financeiras e Instituições de Pagamento",Conglomerado,BANCO SICOOB (conglomerado),,,,6854711.0
2024,4º,"Demais Bancos, Financeiras e Instituições de Pagamento",Banco/financeira,BANCO TOPÁZIO S.A.,,,,11863.0
2024,4º,"Demais Bancos, Financeiras e Instituições de Pagamento",Conglomerado,BANCO TOYOTA DO BRASIL S.A. (conglomerado),,,,165510.0
2024,4º,"Demais Bancos, Financeiras e Instituições de Pagamento",Banco/financeira,BANCO TRIANGULO S.A.,,,,1664059.0
2024,4º,"Demais Bancos, Financeiras e Instituições de Pagamento",Conglomerado,BANESE (conglomerado),,,,1059411.0
2024,4º,"Demais Bancos, Financeiras e Instituições de Pagamento",Conglomerado,BANESTES (conglomerado),27.8,,,1471427.0
2024,4º,"Demais Bancos, Financeiras e Instituições de Pagamento",Conglomerado,BANRISUL (conglomerado),17.36,,,5439788.0
2024,4º,"Demais Bancos, Financeiras e Instituições de Pagamento",Conglomerado,BARIGUI (conglomerado),633.85,,,93336.0
2024,4º,"Top 15 - Bancos, Financeiras e Instituições de Pagamento",Conglomerado,BB (conglomerado),18.17,,,78075019.0
2024,4º,"Demais Bancos, Financeiras e Instituições de Pagamento",Conglomerado,BBC (conglomerado),,,,15446.0
2024,4º,"Demais Bancos, Financeiras e Instituições de Pagamento",Banco/financeira,BK INSTITUIÇÃO DE PAGAMENTO S.A.,,,,2.0
2024,4º,"Demais Bancos, Financeiras e Instituições de Pagamento",Conglomerado,BMG (conglomerado),41.46,,,10683602.0
2024,4º,"Demais Bancos, Financeiras e Instituições de Pagamento",Conglomerado,BMW (conglomerado),,,,57813.0
2024,4º,"Demais Bancos, Financeiras e Instituições de Pagamento",Conglomerado,BNP PARIBAS (conglomerado),70.2,,,632073.0
2024,4º,"Demais Bancos, Financeiras e Instituições de Pagamento",Conglomerado,BNQI - FINANCEIRO (conglomerado),,,,6833183.0
2024,4º,"Top 15 - Bancos, Financeiras e Instituições de Pagamento",Conglomerado,BRADESCO (conglomerado),35.89,,,109110309.0
2024,4º,"Demais Bancos, Financeiras e Instituições de Pagamento",Conglomerado,BRB (conglomerado),230.03,,,7746537.0
2024,4º,"Top 15 - Bancos, Financeiras e Instituições de Pagamento",Conglomerado,BTG PACTUAL/BANCO PAN (conglomerado),36.27,,,25708158.0
2024,4º,"Demais Bancos, Financeiras e Instituições de Pagamento",Conglomerado,BULLLA (conglomerado),,,,70202.0
2024,4º,"Top 15 - Bancos, Financeiras e Instituições de Pagamento",Conglomerado,C6 BANK (conglomerado),67.18,,,31543636.0
2024,4º,"Top 15 - Bancos, Financeiras e Instituições de Pagamento",Conglomerado,CAIXA ECONÔMICA FEDERAL (conglomerado),21.33,,,154165425.0
2024,4º,"Demais Bancos, Financeiras e Instituições de Pagamento",Conglomerado,CAIXA GERAL (conglomerado),,,,1052.0
2024,4º,"Demais Bancos, Financeiras e Instituições de Pagamento",Banco/financeira,"CALCRED S.A. - CRÉDITO, FINANCIAMENTO E INVESTIMENTO",,,,152023.0
2024,4º,"Demais Bancos, Financeiras e Instituições de Pagamento",Conglomerado,CCB (conglomerado),,,,125086.0
2024,4º,"Demais Bancos, Financeiras e Instituições de Pagamento",Banco/financeira,CELCOIN INSTITUICAO DE PAGAMENTO S.A.,34.1,,,6856638.0
2024,4º,"Demais Bancos, Financeiras e Instituições de Pagamento",Banco/financeira,"CENTROCRED S.A. CRÉDITO, FINANCIAMENTO E INVESTIMENTOS",,,,129791.0
2024,4º,"Demais Bancos, Financeiras e Instituições de Pagamento",Banco/financeira,CIELO S.A. - INSTITUIÇÃO DE PAGAMENTO,,,,1763351.0
2024,4º,"Demais Bancos, Financeiras e Instituições de Pagamento",Conglomerado,CITIBANK (conglomerado),,,,19268.0
2024,4º,"Demais Bancos, Financeiras e Instituições de Pagamento",Banco/financeira,CLOUDWALK INSTITUIÇÃO DE PAGAMENTO E SERVICOS LTDA,,,,8664883.0
2024,4º,"Demais Bancos, Financeiras e Instituições de Pagamento",Conglomerado,COBUCCIO (conglomerado),212.6,,,2180627.0
2024,4º,"Demais Bancos, Financeiras e Instituições de Pagamento",Conglomerado,COLOMBO (conglomerado),,,,264172.0
2024,4º,"Demais Bancos, Financeiras e Instituições de Pagamento",Banco/financeira,"COMPREV - CRÉDITO, FINANCIAMENTO E INVESTIMENTO S.A.",,,,247.0
2024,4º,"Demais Bancos, Financeiras e Instituições de Pagamento",Banco/financeira,CONTA PRONTA INSTITUICAO DE PAGAMENTO LTDA,,,,33268.0
2024,4º,"Demais Bancos, Financeiras e Instituições de Pagamento",Banco/financeira,COOPER CARD INSTITUIÇÃO DE PAGAMENTO LTDA.,,,,295505.0
2024,4º,"Demais Bancos, Financeiras e Instituições de Pagamento",Banco/financeira,"CORA SOCIEDADE DE CRÉDITO, FINANCIAMENTO E INVESTIMENTO S.A.",,,,2213163.0
2024,4º,"Demais Bancos, Financeiras e Instituições de Pagamento",Conglomerado,CREDI-SHOP (conglomerado),,,,673390.0
2024,4º,"Demais Bancos, Financeiras e Instituições de Pagamento",Conglomerado,CREDSYSTEM (conglomerado),,,,4855959.0
2024,4º,"Demais Bancos, Financeiras e Instituições de Pagamento",Conglomerado,CREFISA (conglomerado),60.46,,,6178147.0
2024,4º,"Demais Bancos, Financeiras e Instituições de Pagamento",Conglomerado,DAYCOVAL (conglomerado),67.04,,,2320949.0
2024,4º,"Demais Bancos, Financeiras e Instituições de Pagamento",Banco/financeira,DLOCAL BRASIL INSTITUIÇÃO DE PAGAMENTO S.A.,,,,167175.0
2024,4º,"Demais Bancos, Financeiras e Instituições de Pagamento",Conglomerado,DMCARD (conglomerado),86.85,,,2385149.0
2024,4º,"Demais Bancos, Financeiras e Instituições de Pagamento",Banco/financeira,DOCK INSTITUIÇÃO DE PAGAMENTO S.A.,20.36,,,3650236.0
2024,4º,"Demais Bancos, Financeiras e Instituições de Pagamento",Conglomerado,EAGLE (conglomerado),,,,0.0
2024,4º,"Demais Bancos, Financeiras e Instituições de Pagamento",Banco/financeira,EBANX INSTITUICAO DE PAGAMENTOS LTDA.,,,,1371915.0
2024,4º,"Demais Bancos, Financeiras e Instituições de Pagamento",Banco/financeira,EWALLY INSTITUIÇÃO DE PAGAMENTO S.A.,,,,91578.0
2024,4º,"Demais Bancos, Financeiras e Instituições de Pagamento",Banco/financeira,FACTA FINANCEIRA S.A. - CRÉDITO FINANCIAMENTO E INVESTIMENTO,500.08,,,2883958.0
2024,4º,"Demais Bancos, Financeiras e Instituições de Pagamento",Banco/financeira,"FINAMAX S.A. - CREDITO, FINANCIAMENTO E INVESTIMENTO",,,,38309.0
2024,4º,"Demais Bancos, Financeiras e Instituições de Pagamento",Conglomerado,FISERV (conglomerado),,,,132.0
2024,4º,"Demais Bancos, Financeiras e Instituições de Pagamento",Banco/financeira,FITBANK INSTITUIÇÃO DE PAGAMENTO S.A.,1001.62,,,79870.0
2024,4º,"Demais Bancos, Financeiras e Instituições de Pagamento",Banco/financeira,FLAGSHIP INSTITUICAO DE PAGAMENTOS LTDA,,,,93343.0
2024,4º,"Demais Bancos, Financeiras e Instituições de Pagamento",Banco/financeira,FLASH TECNOLOGIA E  INSTITUICAO DE PAGAMENTO LTDA,,,,339708.0
2024,4º,"Demais Bancos, Financeiras e Instituições de Pagamento",Banco/financeira,FORIS GFS BR INSTITUICAO DE PAGAMENTO LTDA,,,,314938.0
2024,4º,"Demais Bancos, Financeiras e Instituições de Pagamento",Conglomerado,GAZIN (conglomerado),,,,120551.0
2024,4º,"Demais Bancos, Financeiras e Instituições de Pagamento",Conglomerado,GENIAL (conglomerado),45.62,,,1656925.0
2024,4º,"Demais Bancos, Financeiras e Instituições de Pagamento",Conglomerado,GERENCIANET (conglomerado),95.96,,,541880.0
2024,4º,"Demais Bancos, Financeiras e Instituições de Pagamento",Conglomerado,GM (conglomerado),,,,249600.0
2024,4º,"Demais Bancos, Financeiras e Instituições de Pagamento",Banco/financeira,"GRAZZIOTIN FINANCEIRA S/A - CRÉDITO, FINANCIAMENTO E INVESTIMENTOS",,,,81953.0
2024,4º,"Demais Bancos, Financeiras e Instituições de Pagamento",Conglomerado,GRUPO BONSUCESSO - BS2 (conglomerado),,,,458970.0
2024,4º,"Demais Bancos, Financeiras e Instituições de Pagamento",Conglomerado,GRUPO ZEMA (conglomerado),161.21,,,409527.0
2024,4º,"Demais Bancos, Financeiras e Instituições de Pagamento",Conglomerado,HERVAL - HS (conglomerado),,,,226315.0
2024,4º,"Demais Bancos, Financeiras e Instituições de Pagamento",Conglomerado,HONDA (conglomerado),,,,463094.0
2024,4º,"Demais Bancos, Financeiras e Instituições de Pagamento",Conglomerado,INDUSTRIAL DO BRASIL (conglomerado),,,,83931.0
2024,4º,"Top 15 - Bancos, Financeiras e Instituições de Pagamento",Conglomerado,INTER (conglomerado),74.96,,,35128488.0
2024,4º,"Demais Bancos, Financeiras e Instituições de Pagamento",Banco/financeira,ISSUER INSTITUICAO DE PAGAMENTO LTDA.,,,,19.0
2024,4º,"Top 15 - Bancos, Financeiras e Instituições de Pagamento",Conglomerado,ITAU (conglomerado),41.27,,,98503297.0
2024,4º,"Demais Bancos, Financeiras e Instituições de Pagamento",Banco/financeira,IUGU INSTITUIÇÃO DE PAGAMENTO S.A.,1030.63,,,278098.0
2024,4º,"Demais Bancos, Financeiras e Instituições de Pagamento",Banco/financeira,"JBCRED S.A. SOCIEDADE DE CREDITO, FINANCIAMENTO E INVESTIMENTO",,,,51569.0
2024,4º,"Demais Bancos, Financeiras e Instituições de Pagamento",Banco/financeira,"KREDILIG S.A. - CRÉDITO, FINANCIAMENTO E INVESTIMENTO",,,,421602.0
2024,4º,"Demais Bancos, Financeiras e Instituições de Pagamento",Banco/financeira,"LEBES FINANCEIRA S.A. - CRÉDITO, FINANCIAMENTO E INVESTIMENTO",,,,390470.0
2024,4º,"Demais Bancos, Financeiras e Instituições de Pagamento",Banco/financeira,"LECCA CRÉDITO, FINANCIAMENTO E INVESTIMENTO S/A",5348.55,,,30926.0
2024,4º,"Demais Bancos, Financeiras e Instituições de Pagamento",Banco/financeira,M PAGAMENTOS S.A. - CRÉDITO FINANCIAMENTO E INVESTIMENTO,,,,225473.0
2024,4º,"Demais Bancos, Financeiras e Instituições de Pagamento",Banco/financeira,MAGALUPAY INSTITUIÇÃO DE PAGAMENTO S.A.,,,,12018531.0
2024,4º,"Demais Bancos, Financeiras e Instituições de Pagamento",Conglomerado,MASTER (conglomerado),154.13,,,10285671.0
2024,4º,"Demais Bancos, Financeiras e Instituições de Pagamento",Banco/financeira,MERCADO BITCOIN INSTITUICAO DE PAGAMENTO LTDA,,,,22005.0
2024,4º,"Top 15 - Bancos, Financeiras e Instituições de Pagamento",Conglomerado,MERCADO PAGO (conglomerado),31.18,,,60105579.0
2024,4º,"Demais Bancos, Financeiras e Instituições de Pagamento",Conglomerado,MERCANTIL DO BRASIL (conglomerado),307.88,,,8043541.0
2024,4º,"Demais Bancos, Financeiras e Instituições de Pagamento",Conglomerado,MERCEDES-BENZ (conglomerado),,,,17736.0
2024,4º,"Demais Bancos, Financeiras e Instituições de Pagamento",Banco/financeira,"MIDWAY S.A. - CRÉDITO, FINANCIAMENTO E INVESTIMENTO",8.36,,,8674185.0
2024,4º,"Demais Bancos, Financeiras e Instituições de Pagamento",Banco/financeira,"NEGRESCO S.A. - CREDITO, FINANCIAMENTO E INVESTIMENTOS",,,,538281.0
2024,4º,"Top 15 - Bancos, Financeiras e Instituições de Pagamento",Conglomerado,NEON (conglomerado),27.08,,,25123599.0
2024,4º,"Demais Bancos, Financeiras e Instituições de Pagamento",Banco/financeira,NOVO BANCO CONTINENTAL S.A. - BANCO MÚLTIPLO,,,,1173776.0
2024,4º,"Top 15 - Bancos, Financeiras e Instituições de Pagamento",Conglomerado,NUBANK (conglomerado),12.22,,,100770273.0
2024,4º,"Demais Bancos, Financeiras e Instituições de Pagamento",Conglomerado,NVIO BRASIL (conglomerado),,,,1291547.0
2024,4º,"Demais Bancos, Financeiras e Instituições de Pagamento",Conglomerado,OMNI (conglomerado),,,,2212740.0
2024,4º,"Demais Bancos, Financeiras e Instituições de Pagamento",Banco/financeira,ONEKEY PAYMENTS INSTITUICAO DE PAGAMENTO SA,,,,97.0
2024,4º,"Demais Bancos, Financeiras e Instituições de Pagamento",Banco/financeira,OURIBANK S.A. BANCO MÚLTIPLO,,,,1215462.0
2024,4º,"Top 15 - Bancos, Financeiras e Instituições de Pagamento",Conglomerado,PAGBANK-PAGSEGURO (conglomerado),79.26,,,32790396.0
2024,4º,"Demais Bancos, Financeiras e Instituições de Pagamento",Banco/financeira,PAGUEVELOZ INSTITUIÇÃO DE PAGAMENTO LTDA.,14.16,,,5621197.0
2024,4º,"Demais Bancos, Financeiras e Instituições de Pagamento",Conglomerado,PARANÁ BANCO (conglomerado),1211.56,,,1031918.0
2024,4º,"Demais Bancos, Financeiras e Instituições de Pagamento",Banco/financeira,PAY4FUN INSTITUICAO DE PAGAMENTO S.A.,,,,110137.0
2024,4º,"Demais Bancos, Financeiras e Instituições de Pagamento",Banco/financeira,PAYPAL DO BRASIL INSTITUIÇÃO DE PAGAMENTO LTDA.,,,,221908.0
2024,4º,"Demais Bancos, Financeiras e Instituições de Pagamento",Banco/financeira,"PEFISA S.A. - CRÉDITO, FINANCIAMENTO E INVESTIMENTO",33.59,,,11895477.0
2024,4º,"Top 15 - Bancos, Financeiras e Instituições de Pagamento",Conglomerado,PICPAY (conglomerado),29.03,,,60212142.0
2024,4º,"Demais Bancos, Financeiras e Instituições de Pagamento",Banco/financeira,PINBANK BRASIL INSTITUIÇÃO DE PAGAMENTO S.A.,,,,29693.0
2024,4º,"Demais Bancos, Financeiras e Instituições de Pagamento",Conglomerado,PINE (conglomerado),927.91,,,1437650.0
2024,4º,"Top 15 - Bancos, Financeiras e Instituições de Pagamento",Banco/financeira,PLUXEE INSTITUIÇÃO DE PAGAMENTO BRASIL S.A.,0.0,,,1495349.0
2024,4º,"Demais Bancos, Financeiras e Instituições de Pagamento",Conglomerado,PORTO SEGURO (conglomerado),88.59,,,3217852.0
2024,4º,"Demais Bancos, Financeiras e Instituições de Pagamento",Banco/financeira,"QISTA S.A. - CRÉDITO, FINANCIAMENTO E INVESTIMENTO",,,,108342.0
2024,4º,"Demais Bancos, Financeiras e Instituições de Pagamento",Banco/financeira,QUERO-QUERO VERDECARD INSTITUIÇÃO DE PAGAMENTO S.A.,,,,625487.0
2024,4º,"Demais Bancos, Financeiras e Instituições de Pagamento",Banco/financeira,"REALIZE CRÉDITO, FINANCIAMENTO E INVESTIMENTO S.A.",,,,6312413.0
2024,4º,"Demais Bancos, Financeiras e Instituições de Pagamento",Conglomerado,RECARGAPAY (conglomerado),27.6,,,9711881.0
2024,4º,"Demais Bancos, Financeiras e Instituições de Pagamento",Conglomerado,RENDIMENTO (conglomerado),,,,306390.0
2024,4º,"Demais Bancos, Financeiras e Instituições de Pagamento",Conglomerado,RODOBENS (conglomerado),,,,29875.0
2024,4º,"Demais Bancos, Financeiras e Instituições de Pagamento",Banco/financeira,"RPW S/A SOCIEDADE DE CRÉDITO, FINANCIAMENTO E INVESTIMENTO",,,,21652.0
2024,4º,"Demais Bancos, Financeiras e Instituições de Pagamento",Conglomerado,SAFRA (conglomerado),137.44,,,5019857.0
2024,4º,"Top 15 - Bancos, Financeiras e Instituições de Pagamento",Conglomerado,SANTANDER (conglomerado),33.65,,,68852135.0
2024,4º,"Demais Bancos, Financeiras e Instituições de Pagamento",Conglomerado,SENFF (conglomerado),,,,636490.0
2024,4º,"Demais Bancos, Financeiras e Instituições de Pagamento",Conglomerado,SHPP (conglomerado),17.27,,,3335484.0
2024,4º,"Demais Bancos, Financeiras e Instituições de Pagamento",Conglomerado,SICREDI (conglomerado),,,,9582573.0
2024,4º,"Demais Bancos, Financeiras e Instituições de Pagamento",Conglomerado,SIMPALA (conglomerado),,,,8198.0
2024,4º,"Demais Bancos, Financeiras e Instituições de Pagamento",Conglomerado,SINOSSERRA (conglomerado),,,,10231.0
2024,4º,"Demais Bancos, Financeiras e Instituições de Pagamento",Banco/financeira,"SOCINAL S.A. - CRÉDITO, FINANCIAMENTO E INVESTIMENTO",,,,3094.0
2024,4º,"Demais Bancos, Financeiras e Instituições de Pagamento",Conglomerado,SOFISA (conglomerado),95.53,,,1301977.0
2024,4º,"Demais Bancos, Financeiras e Instituições de Pagamento",Conglomerado,STARK (conglomerado),41780.25,,,1534.0
2024,4º,"Demais Bancos, Financeiras e Instituições de Pagamento",Conglomerado,STELLANTIS (conglomerado),,,,140186.0
2024,4º,"Demais Bancos, Financeiras e Instituições de Pagamento",Conglomerado,STONE (conglomerado),11.83,,,10987863.0
2024,4º,"Demais Bancos, Financeiras e Instituições de Pagamento",Banco/financeira,STRIPE BRASIL SOLUCOES DE PAGAMENTO INSTITUICAO DE PAGAMENTO LTDA,,,,83.0
2024,4º,"Demais Bancos, Financeiras e Instituições de Pagamento",Conglomerado,SUMUP (conglomerado),,,,742.0
2024,4º,"Demais Bancos, Financeiras e Instituições de Pagamento",Banco/financeira,SWAP INSTITUIÇÃO DE PAGAMENTO S.A.,,,,1873734.0
2024,4º,"Demais Bancos, Financeiras e Instituições de Pagamento",Banco/financeira,"TODESCREDI S/A - CRÉDITO, FINANCIAMENTO E INVESTIMENTO",,,,41838.0
2024,4º,"Demais Bancos, Financeiras e Instituições de Pagamento",Banco/financeira,TRANSFEERA INSTITUIÇÃO DE PAGAMENTO S.A,,,,1972.0
2024,4º,"Demais Bancos, Financeiras e Instituições de Pagamento",Banco/financeira,"VALOR S/A SOCIEDADE DE CRÉDITO, FINANCIAMENTO E INVESTIMENTO",,,,35621.0
2024,4º,"Demais Bancos, Financeiras e Instituições de Pagamento",Banco/financeira,"VIA CERTA FINANCIADORA S.A. - CRÉDITO, FINANCIAMENTO E INVESTIMENTOS",,,,248047.0
2024,4º,"Demais Bancos, Financeiras e Instituições de Pagamento",Conglomerado,VOLKSWAGEN (conglomerado),140.72,,,472135.0
2024,4º,"Demais Bancos, Financeiras e Instituições de Pagamento",Conglomerado,VOTORANTIM (conglomerado),30.92,,,15391272.0
2024,4º,"Demais Bancos, Financeiras e Instituições de Pagamento",Conglomerado,WISE (conglomerado),,,,0.0
2024,4º,"Demais Bancos, Financeiras e Instituições de Pagamento",Conglomerado,XP (conglomerado),43.49,,,5885028.0
2024,4º,"Demais Bancos, Financeiras e Instituições de Pagamento",Conglomerado,YAMAHA MOTOR (conglomerado),,,,239810.0
2024,4º,"Demais Bancos, Financeiras e Instituições de Pagamento",Banco/financeira,ZOOP TECNOLOGIA & INSTITUICAO DE PAGAMENTO S.A.,,,,708910.0
2025,1º,"Top 15 - Bancos, Financeiras e Instituições de Pagamento",Conglomerado,99PAY IP (conglomerado),33.18,,,22883342.0
2025,1º,"Demais Bancos, Financeiras e Instituições de Pagamento",Conglomerado,ABC-BRASIL (conglomerado),,,,48494.0
2025,1º,"Demais Bancos, Financeiras e Instituições de Pagamento",Conglomerado,ACG IP (conglomerado),,,,83302.0
2025,1º,"Demais Bancos, Financeiras e Instituições de Pagamento",Conglomerado,ADYEN DO BRASIL IP (conglomerado),,,,132.0
2025,1º,"Demais Bancos, Financeiras e Instituições de Pagamento",Conglomerado,AFINZ IP (conglomerado),,,,418738.0
2025,1º,"Demais Bancos, Financeiras e Instituições de Pagamento",Conglomerado,AGIBANK (conglomerado),625.36,,,3872888.0
2025,1º,"Demais Bancos, Financeiras e Instituições de Pagamento",Conglomerado,AGORACRED S/A SCFI (conglomerado),,,,682062.0
2025,1º,"Demais Bancos, Financeiras e Instituições de Pagamento",Conglomerado,AL5 S.A. CFI (conglomerado),,,,20231.0
2025,1º,"Demais Bancos, Financeiras e Instituições de Pagamento",Conglomerado,ALELO IP (conglomerado),,,,5303231.0
2025,1º,"Demais Bancos, Financeiras e Instituições de Pagamento",Conglomerado,AME DIGITAL BRASIL IP (conglomerado),2767.99,,,43305.0
2025,1º,"Demais Bancos, Financeiras e Instituições de Pagamento",Conglomerado,ANDBANK (conglomerado),,,,4604.0
2025,1º,"Demais Bancos, Financeiras e Instituições de Pagamento",Conglomerado,ASAAS GESTAO FINANCEIRA IP (conglomerado),50.45,,,1025968.0
2025,1º,"Demais Bancos, Financeiras e Instituições de Pagamento",Conglomerado,BANCO B3 (conglomerado),,,,1176.0
2025,1º,"Demais Bancos, Financeiras e Instituições de Pagamento",Conglomerado,BANCO BARI DE INVESTIMENTO E FINANCI. (conglomerado),488.59,,,93336.0
2025,1º,"Top 15 - Bancos, Financeiras e Instituições de Pagamento",Conglomerado,BANCO C6 (conglomerado),58.44,,,31796476.0
2025,1º,"Demais Bancos, Financeiras e Instituições de Pagamento",Banco/financeira,BANCO CNH INDUSTRIAL CAPITAL S.A.,,,,34173.0
2025,1º,"Demais Bancos, Financeiras e Instituições de Pagamento",Conglomerado,BANCO DIGIMAIS (conglomerado),526.21,,,142406.0
2025,1º,"Demais Bancos, Financeiras e Instituições de Pagamento",Banco/financeira,BANCO GUANABARA S.A.,,,,1818.0
2025,1º,"Demais Bancos, Financeiras e Instituições de Pagamento",Banco/financeira,BANCO HSBC S.A.,,,,5945.0
2025,1º,"Demais Bancos, Financeiras e Instituições de Pagamento",Banco/financeira,BANCO KDB DO BRASIL S.A.,,,,177.0
2025,1º,"Demais Bancos, Financeiras e Instituições de Pagamento",Conglomerado,BANCO MASTER (conglomerado),226.4,,,10309487.0
2025,1º,"Demais Bancos, Financeiras e Instituições de Pagamento",Conglomerado,BANCO PAULISTA (conglomerado),,,,10977.0
2025,1º,"Demais Bancos, Financeiras e Instituições de Pagamento",Conglomerado,BANCO SEMEAR (conglomerado),,,,161868.0
2025,1º,"Demais Bancos, Financeiras e Instituições de Pagamento",Conglomerado,BANCO TOPÁZIO S.A. (conglomerado),,,,10933.0
2025,1º,"Demais Bancos, Financeiras e Instituições de Pagamento",Conglomerado,BANCOOB (conglomerado),18.66,,,3343426.0
2025,1º,"Demais Bancos, Financeiras e Instituições de Pagamento",Conglomerado,BANESTES (conglomerado),,,,1480962.0
2025,1º,"Demais Bancos, Financeiras e Instituições de Pagamento",Conglomerado,BANK OF CHINA (BRASIL) (conglomerado),,,,122659.0
2025,1º,"Demais Bancos, Financeiras e Instituições de Pagamento",Conglomerado,BANQI IP (conglomerado),8.38,,,4463427.0
2025,1º,"Demais Bancos, Financeiras e Instituições de Pagamento",Conglomerado,BANRISUL (conglomerado),20.59,,,5580642.0
2025,1º,"Top 15 - Bancos, Financeiras e Instituições de Pagamento",Conglomerado,BB (conglomerado),20.55,,,78676764.0
2025,1º,"Demais Bancos, Financeiras e Instituições de Pagamento",Conglomerado,BBC S.A. (conglomerado),,,,17489.0
2025,1º,"Demais Bancos, Financeiras e Instituições de Pagamento",Conglomerado,BCO ABN AMRO CLEARING (conglomerado),,,,1.0
2025,1º,"Demais Bancos, Financeiras e Instituições de Pagamento",Conglomerado,BCO ARBI S.A. (conglomerado),86.25,,,606989.0
2025,1º,"Demais Bancos, Financeiras e Instituições de Pagamento",Conglomerado,BCO COOPERATIVO SICREDI (conglomerado),,,,9865664.0
2025,1º,"Demais Bancos, Financeiras e Instituições de Pagamento",Conglomerado,BCO CSF S.A. (conglomerado),19.63,,,9470181.0
2025,1º,"Demais Bancos, Financeiras e Instituições de Pagamento",Conglomerado,BCO DA AMAZONIA S.A. (conglomerado),,,,666223.0
2025,1º,"Demais Bancos, Financeiras e Instituições de Pagamento",Conglomerado,BCO DAYCOVAL S.A (conglomerado),35.9,,,2320949.0
2025,1º,"Demais Bancos, Financeiras e Instituições de Pagamento",Conglomerado,BCO DE LAGE LANDEN BRASIL S.A. (conglomerado),,,,40096.0
2025,1º,"Demais Bancos, Financeiras e Instituições de Pagamento",Conglomerado,BCO DO EST. DE SE S.A. (conglomerado),46.06,,,1031058.0
2025,1º,"Demais Bancos, Financeiras e Instituições de Pagamento",Conglomerado,BCO DO EST. DO PA S.A. (conglomerado),98.88,,,947317.0
2025,1º,"Demais Bancos, Financeiras e Instituições de Pagamento",Conglomerado,BCO DO NORDESTE DO BRASIL S.A. (conglomerado),,,,10402119.0
2025,1º,"Demais Bancos, Financeiras e Instituições de Pagamento",Conglomerado,BCO FIBRA S.A. (conglomerado),,,,165624.0
2025,1º,"Demais Bancos, Financeiras e Instituições de Pagamento",Conglomerado,BCO INBURSA S.A. (conglomerado),899.34,,,511749.0
2025,1º,"Demais Bancos, Financeiras e Instituições de Pagamento",Conglomerado,BCO TOYOTA DO BRASIL S.A. (conglomerado),,,,164014.0
2025,1º,"Demais Bancos, Financeiras e Instituições de Pagamento",Conglomerado,BCO TRIANGULO S.A. (conglomerado),,,,1714575.0
2025,1º,"Demais Bancos, Financeiras e Instituições de Pagamento",Conglomerado,BK IP (conglomerado),,,,2.0
2025,1º,"Demais Bancos, Financeiras e Instituições de Pagamento",Conglomerado,BMG (conglomerado),60.14,,,10440575.0
2025,1º,"Demais Bancos, Financeiras e Instituições de Pagamento",Conglomerado,BMW (conglomerado),,,,58363.0
2025,1º,"Demais Bancos, Financeiras e Instituições de Pagamento",Conglomerado,BNP PARIBAS (conglomerado),61.66,,,760370.0
2025,1º,"Top 15 - Bancos, Financeiras e Instituições de Pagamento",Conglomerado,BRADESCO (conglomerado),69.63,,,109814454.0
2025,1º,"Demais Bancos, Financeiras e Instituições de Pagamento",Conglomerado,BRB (conglomerado),161.68,,,8017731.0
2025,1º,"Demais Bancos, Financeiras e Instituições de Pagamento",Conglomerado,BS2 (conglomerado),95.22,,,469725.0
2025,1º,"Top 15 - Bancos, Financeiras e Instituições de Pagamento",Conglomerado,BTG PACTUAL/BANCO PAN (conglomerado),38.32,,,26117644.0
2025,1º,"Demais Bancos, Financeiras e Instituições de Pagamento",Conglomerado,BULLLA IP (conglomerado),,,,463557.0
2025,1º,"Top 15 - Bancos, Financeiras e Instituições de Pagamento",Conglomerado,CAIXA ECONÔMICA FEDERAL (conglomerado),22.91,,,154717097.0
2025,1º,"Demais Bancos, Financeiras e Instituições de Pagamento",Conglomerado,CAIXA GERAL (conglomerado),,,,1016.0
2025,1º,"Demais Bancos, Financeiras e Instituições de Pagamento",Conglomerado,CALCARD IP (conglomerado),,,,1024966.0
2025,1º,"Demais Bancos, Financeiras e Instituições de Pagamento",Banco/financeira,"CARUANA S.A. - SOCIEDADE DE CRÉDITO, FINANCIAMENTO E INVESTIMENTO",,,,56661.0
2025,1º,"Demais Bancos, Financeiras e Instituições de Pagamento",Conglomerado,CELCOIN IP (conglomerado),17.38,,,7625098.0
2025,1º,"Demais Bancos, Financeiras e Instituições de Pagamento",Banco/financeira,"CENTROCRED S.A. CRÉDITO, FINANCIAMENTO E INVESTIMENTOS",,,,129980.0
2025,1º,"Demais Bancos, Financeiras e Instituições de Pagamento",Conglomerado,CIELO IP (conglomerado),,,,1870148.0
2025,1º,"Demais Bancos, Financeiras e Instituições de Pagamento",Conglomerado,CITIBANK (conglomerado),,,,17841.0
2025,1º,"Demais Bancos, Financeiras e Instituições de Pagamento",Conglomerado,CLOUDWALK IP (conglomerado),6.32,,,10220550.0
2025,1º,"Demais Bancos, Financeiras e Instituições de Pagamento",Conglomerado,COBUCCIO SCFI (conglomerado),302.68,,,2448124.0
2025,1º,"Demais Bancos, Financeiras e Instituições de Pagamento",Banco/financeira,"COMPREV - CRÉDITO, FINANCIAMENTO E INVESTIMENTO S.A.",,,,301.0
2025,1º,"Demais Bancos, Financeiras e Instituições de Pagamento",Conglomerado,COOPER CARD IP (conglomerado),,,,53061.0
2025,1º,"Demais Bancos, Financeiras e Instituições de Pagamento",Conglomerado,CORA SCFI (conglomerado),,,,2261468.0
2025,1º,"Demais Bancos, Financeiras e Instituições de Pagamento",Conglomerado,CREDI SHOP S.A. (conglomerado),,,,672844.0
2025,1º,"Demais Bancos, Financeiras e Instituições de Pagamento",Conglomerado,CREDIARE CFI (conglomerado),,,,65.0
2025,1º,"Demais Bancos, Financeiras e Instituições de Pagamento",Conglomerado,CREDSYSTEM IP (conglomerado),10.65,,,3416786.0
2025,1º,"Demais Bancos, Financeiras e Instituições de Pagamento",Conglomerado,CREFISA S.A. CFI (conglomerado),88.28,,,5945107.0
2025,1º,"Demais Bancos, Financeiras e Instituições de Pagamento",Conglomerado,DLOCAL BRASIL INSTITUIÇÃO DE PAGAMENTO - PRUDENCIA (conglomerado),,,,98814.0
2025,1º,"Demais Bancos, Financeiras e Instituições de Pagamento",Conglomerado,DM FINANCEIRA CFI (conglomerado),78.32,,,2280025.0
2025,1º,"Demais Bancos, Financeiras e Instituições de Pagamento",Conglomerado,DOCK IP (conglomerado),19.24,,,3572209.0
2025,1º,"Demais Bancos, Financeiras e Instituições de Pagamento",Conglomerado,EAGLE SCD (conglomerado),,,,0.0
2025,1º,"Demais Bancos, Financeiras e Instituições de Pagamento",Conglomerado,EBANX IP (conglomerado),29.82,,,3039734.0
2025,1º,"Demais Bancos, Financeiras e Instituições de Pagamento",Conglomerado,EDENRED SOLUCOES E IP AHA (conglomerado),,,,713344.0
2025,1º,"Demais Bancos, Financeiras e Instituições de Pagamento",Conglomerado,EFI S.A. IP (conglomerado),97.19,,,565363.0
2025,1º,"Demais Bancos, Financeiras e Instituições de Pagamento",Banco/financeira,EMPRESA BRASILEIRA DE BENEFICIOS E PAGAMENTOS INSTITUICAO DE PAGAMENTO LTDA,,,,284802.0
2025,1º,"Demais Bancos, Financeiras e Instituições de Pagamento",Banco/financeira,EWALLY INSTITUIÇÃO DE PAGAMENTO S.A.,,,,83532.0
2025,1º,"Demais Bancos, Financeiras e Instituições de Pagamento",Conglomerado,FACTA S.A. CFI (conglomerado),519.91,,,2883958.0
2025,1º,"Demais Bancos, Financeiras e Instituições de Pagamento",Banco/financeira,"FINAMAX S.A. - CREDITO, FINANCIAMENTO E INVESTIMENTO",,,,34547.0
2025,1º,"Demais Bancos, Financeiras e Instituições de Pagamento",Conglomerado,FISERV DO BRASIL IP (conglomerado),,,,132.0
2025,1º,"Demais Bancos, Financeiras e Instituições de Pagamento",Conglomerado,FITBANK IP (conglomerado),318.31,,,93638.0
2025,1º,"Demais Bancos, Financeiras e Instituições de Pagamento",Conglomerado,FLAGSHIP IP (conglomerado),,,,85746.0
2025,1º,"Demais Bancos, Financeiras e Instituições de Pagamento",Conglomerado,FLASH TECNOLOGIA IP (conglomerado),,,,382558.0
2025,1º,"Demais Bancos, Financeiras e Instituições de Pagamento",Conglomerado,FORIS GFS BR IP (conglomerado),,,,330423.0
2025,1º,"Demais Bancos, Financeiras e Instituições de Pagamento",Conglomerado,GAZINCRED SCFI (conglomerado),,,,59807.0
2025,1º,"Demais Bancos, Financeiras e Instituições de Pagamento",Conglomerado,GENIAL (conglomerado),22.48,,,1832400.0
2025,1º,"Demais Bancos, Financeiras e Instituições de Pagamento",Conglomerado,GM (conglomerado),,,,261393.0
2025,1º,"Demais Bancos, Financeiras e Instituições de Pagamento",Conglomerado,GOLCRED (conglomerado),,,,16734.0
2025,1º,"Demais Bancos, Financeiras e Instituições de Pagamento",Conglomerado,HONDA (conglomerado),,,,493053.0
2025,1º,"Demais Bancos, Financeiras e Instituições de Pagamento",Conglomerado,HS FINANCEIRA (conglomerado),,,,229460.0
2025,1º,"Demais Bancos, Financeiras e Instituições de Pagamento",Conglomerado,INDUSTRIAL DO BRASIL (conglomerado),,,,85245.0
2025,1º,"Top 15 - Bancos, Financeiras e Instituições de Pagamento",Conglomerado,INTER (conglomerado),62.14,,,36563772.0
2025,1º,"Top 15 - Bancos, Financeiras e Instituições de Pagamento",Conglomerado,ITAU (conglomerado),34.11,,,99186353.0
2025,1º,"Demais Bancos, Financeiras e Instituições de Pagamento",Conglomerado,IUGU IP (conglomerado),606.79,,,266202.0
2025,1º,"Demais Bancos, Financeiras e Instituições de Pagamento",Conglomerado,JBCRED S.A. SCFI (conglomerado),,,,55829.0
2025,1º,"Demais Bancos, Financeiras e Instituições de Pagamento",Conglomerado,JP MORGAN CHASE (conglomerado),,,,4325.0
2025,1º,"Demais Bancos, Financeiras e Instituições de Pagamento",Conglomerado,KANASTRA FINANCEIRA CFI (conglomerado),,,,21950.0
2025,1º,"Demais Bancos, Financeiras e Instituições de Pagamento",Conglomerado,KREDILIG S.A. - CFI (conglomerado),,,,426192.0
2025,1º,"Demais Bancos, Financeiras e Instituições de Pagamento",Banco/financeira,"LEBES FINANCEIRA S.A. - CRÉDITO, FINANCIAMENTO E INVESTIMENTO",,,,9.0
2025,1º,"Demais Bancos, Financeiras e Instituições de Pagamento",Conglomerado,MAGALUPAY IP (conglomerado),,,,3502205.0
2025,1º,"Demais Bancos, Financeiras e Instituições de Pagamento",Conglomerado,MERCADO BITCOIN IP (conglomerado),,,,22074.0
2025,1º,"Top 15 - Bancos, Financeiras e Instituições de Pagamento",Conglomerado,MERCADO PAGO IP (conglomerado),36.88,,,62606628.0
2025,1º,"Demais Bancos, Financeiras e Instituições de Pagamento",Conglomerado,MERCANTIL DO BRASIL (conglomerado),226.96,,,8022088.0
2025,1º,"Demais Bancos, Financeiras e Instituições de Pagamento",Conglomerado,MERCEDES-BENZ (conglomerado),,,,17523.0
2025,1º,"Demais Bancos, Financeiras e Instituições de Pagamento",Conglomerado,MIDWAY S.A. - SCFI (conglomerado),7.32,,,8904034.0
2025,1º,"Demais Bancos, Financeiras e Instituições de Pagamento",Banco/financeira,"NEGRESCO S.A. - CREDITO, FINANCIAMENTO E INVESTIMENTOS",,,,545457.0
2025,1º,"Top 15 - Bancos, Financeiras e Instituições de Pagamento",Conglomerado,NEON PAGAMENTOS IP (conglomerado),27.05,,,25977113.0
2025,1º,"Demais Bancos, Financeiras e Instituições de Pagamento",Conglomerado,NOVO BCO CONTINENTAL S.A. - BM (conglomerado),,,,22649.0
2025,1º,"Top 15 - Bancos, Financeiras e Instituições de Pagamento",Conglomerado,NU PAGAMENTOS (conglomerado),10.6,,,103734267.0
2025,1º,"Demais Bancos, Financeiras e Instituições de Pagamento",Conglomerado,NVIO BRASIL BITSO IP (conglomerado),,,,1303795.0
2025,1º,"Demais Bancos, Financeiras e Instituições de Pagamento",Conglomerado,OKTO IP (conglomerado),,,,8245.0
2025,1º,"Demais Bancos, Financeiras e Instituições de Pagamento",Conglomerado,OMNI (conglomerado),,,,156605.0
2025,1º,"Demais Bancos, Financeiras e Instituições de Pagamento",Conglomerado,ONEKEY PAYMENTS IP (conglomerado),,,,126.0
2025,1º,"Demais Bancos, Financeiras e Instituições de Pagamento",Conglomerado,ORIGINAL (conglomerado),56.66,,,1843521.0
2025,1º,"Demais Bancos, Financeiras e Instituições de Pagamento",Conglomerado,OURIBANK (conglomerado),,,,1410136.0
2025,1º,"Demais Bancos, Financeiras e Instituições de Pagamento",Conglomerado,PAGARE IP (conglomerado),,,,63.0
2025,1º,"Top 15 - Bancos, Financeiras e Instituições de Pagamento",Conglomerado,PAGSEGURO (conglomerado),58.84,,,32033840.0
2025,1º,"Demais Bancos, Financeiras e Instituições de Pagamento",Conglomerado,PAGUEVELOZ IP (conglomerado),11.51,,,3411977.0
2025,1º,"Demais Bancos, Financeiras e Instituições de Pagamento",Conglomerado,PARANÁ BANCO (conglomerado),157.68,,,1432625.0
2025,1º,"Demais Bancos, Financeiras e Instituições de Pagamento",Banco/financeira,PAY BROKERS IP INSTITUICAO DE PAGAMENTO LTDA.,,,,88.0
2025,1º,"Demais Bancos, Financeiras e Instituições de Pagamento",Conglomerado,PAY4FUN IP S.A. (conglomerado),670.07,,,110137.0
2025,1º,"Demais Bancos, Financeiras e Instituições de Pagamento",Conglomerado,PAYPAL DO BRASIL IP (conglomerado),,,,225488.0
2025,1º,"Top 15 - Bancos, Financeiras e Instituições de Pagamento",Conglomerado,PEFISA S.A. (conglomerado),25.39,,,12011106.0
2025,1º,"Top 15 - Bancos, Financeiras e Instituições de Pagamento",Conglomerado,PICPAY (conglomerado),36.42,,,62176160.0
2025,1º,"Demais Bancos, Financeiras e Instituições de Pagamento",Conglomerado,PINBANK BRASIL IP (conglomerado),,,,29219.0
2025,1º,"Demais Bancos, Financeiras e Instituições de Pagamento",Conglomerado,PINE (conglomerado),460.9,,,1437650.0
2025,1º,"Demais Bancos, Financeiras e Instituições de Pagamento",Conglomerado,PLUXEE IP (conglomerado),,,,1838467.0
2025,1º,"Demais Bancos, Financeiras e Instituições de Pagamento",Conglomerado,PORTO SEGURO (conglomerado),107.89,,,3273902.0
2025,1º,"Demais Bancos, Financeiras e Instituições de Pagamento",Conglomerado,QISTA S.A. CFI (conglomerado),,,,105006.0
2025,1º,"Demais Bancos, Financeiras e Instituições de Pagamento",Conglomerado,QUERO-QUERO VERDECARD IP (conglomerado),,,,587645.0
2025,1º,"Demais Bancos, Financeiras e Instituições de Pagamento",Conglomerado,REALIZE CFI (conglomerado),10.86,,,6445646.0
2025,1º,"Demais Bancos, Financeiras e Instituições de Pagamento",Conglomerado,RECARGAPAY IP (conglomerado),27.24,,,10515912.0
2025,1º,"Demais Bancos, Financeiras e Instituições de Pagamento",Conglomerado,RENDIMENTO (conglomerado),,,,322146.0
2025,1º,"Demais Bancos, Financeiras e Instituições de Pagamento",Conglomerado,RODOBENS (conglomerado),,,,29215.0
2025,1º,"Demais Bancos, Financeiras e Instituições de Pagamento",Banco/financeira,"RPW S/A SOCIEDADE DE CRÉDITO, FINANCIAMENTO E INVESTIMENTO",,,,22281.0
2025,1º,"Demais Bancos, Financeiras e Instituições de Pagamento",Conglomerado,SAFRA (conglomerado),106.4,,,4624319.0
2025,1º,"Top 15 - Bancos, Financeiras e Instituições de Pagamento",Conglomerado,SANTANDER (conglomerado),37.5,,,68151360.0
2025,1º,"Demais Bancos, Financeiras e Instituições de Pagamento",Conglomerado,SENFFNET IP (conglomerado),56.89,,,731060.0
2025,1º,"Demais Bancos, Financeiras e Instituições de Pagamento",Conglomerado,SF3 CFI (conglomerado),,,,3123.0
2025,1º,"Demais Bancos, Financeiras e Instituições de Pagamento",Conglomerado,SHPP BRASIL IP (conglomerado),19.15,,,4699361.0
2025,1º,"Demais Bancos, Financeiras e Instituições de Pagamento",Conglomerado,SIMPALA CFI (conglomerado),,,,36.0
2025,1º,"Demais Bancos, Financeiras e Instituições de Pagamento",Conglomerado,SOCIETE GENERALE (conglomerado),,,,642.0
2025,1º,"Demais Bancos, Financeiras e Instituições de Pagamento",Conglomerado,SOCINAL S.A. CFI (conglomerado),,,,3165.0
2025,1º,"Demais Bancos, Financeiras e Instituições de Pagamento",Conglomerado,SOFISA (conglomerado),180.25,,,1373915.0
2025,1º,"Demais Bancos, Financeiras e Instituições de Pagamento",Conglomerado,STARK SCD (conglomerado),,,,0.0
2025,1º,"Demais Bancos, Financeiras e Instituições de Pagamento",Conglomerado,STELLANTIS (conglomerado),,,,169053.0
2025,1º,"Demais Bancos, Financeiras e Instituições de Pagamento",Conglomerado,STONE IP (conglomerado),11.7,,,11778451.0
2025,1º,"Demais Bancos, Financeiras e Instituições de Pagamento",Banco/financeira,STRIPE BRASIL SOLUCOES DE PAGAMENTO INSTITUICAO DE PAGAMENTO LTDA,,,,82.0
2025,1º,"Demais Bancos, Financeiras e Instituições de Pagamento",Conglomerado,SUMUP IP (conglomerado),,,,741.0
2025,1º,"Demais Bancos, Financeiras e Instituições de Pagamento",Conglomerado,SUPERBID PAY IP (conglomerado),,,,464447.0
2025,1º,"Demais Bancos, Financeiras e Instituições de Pagamento",Conglomerado,SWAP IP (conglomerado),,,,2078809.0
2025,1º,"Demais Bancos, Financeiras e Instituições de Pagamento",Banco/financeira,"TODESCREDI S/A - CRÉDITO, FINANCIAMENTO E INVESTIMENTO",,,,42783.0
2025,1º,"Demais Bancos, Financeiras e Instituições de Pagamento",Conglomerado,TRANSFEERA IP (conglomerado),,,,1913.0
2025,1º,"Demais Bancos, Financeiras e Instituições de Pagamento",Conglomerado,TRANSFERO IP (conglomerado),,,,11.0
2025,1º,"Demais Bancos, Financeiras e Instituições de Pagamento",Conglomerado,VALOR CFI (conglomerado),,,,36409.0
2025,1º,"Demais Bancos, Financeiras e Instituições de Pagamento",Banco/financeira,"VIA CERTA FINANCIADORA S.A. - CRÉDITO, FINANCIAMENTO E INVESTIMENTOS",,,,248126.0
2025,1º,"Demais Bancos, Financeiras e Instituições de Pagamento",Conglomerado,VOLKSWAGEN (conglomerado),132.13,,,510839.0
2025,1º,"Demais Bancos, Financeiras e Instituições de Pagamento",Conglomerado,VOTORANTIM (conglomerado),30.73,,,11387063.0
2025,1º,"Demais Bancos, Financeiras e Instituições de Pagamento",Conglomerado,WESTERN UNION (conglomerado),,,,4.0
2025,1º,"Demais Bancos, Financeiras e Instituições de Pagamento",Conglomerado,WISE BRASIL CC (conglomerado),,,,0.0
2025,1º,"Demais Bancos, Financeiras e Instituições de Pagamento",Conglomerado,XP (conglomerado),35.26,,,6153199.0
2025,1º,"Demais Bancos, Financeiras e Instituições de Pagamento",Conglomerado,YAMAHA MOTOR (conglomerado),,,,243177.0
2025,1º,"Demais Bancos, Financeiras e Instituições de Pagamento",Conglomerado,ZEMA CFI (conglomerado),,,,41502.0
2025,1º,"Demais Bancos, Financeiras e Instituições de Pagamento",Conglomerado,ZOOP TECNOLOGIA IP (conglomerado),,,,527463.0
2025,2º,"Top 15 - Bancos, Financeiras e Instituições de Pagamento",Conglomerado,99PAY IP (conglomerado),22.74,,,23763397.0
2025,2º,"Demais Bancos, Financeiras e Instituições de Pagamento",Conglomerado,ABC-BRASIL (conglomerado),,,,47481.0
2025,2º,"Demais Bancos, Financeiras e Instituições de Pagamento",Conglomerado,ACG IP (conglomerado),,,,89043.0
2025,2º,"Demais Bancos, Financeiras e Instituições de Pagamento",Conglomerado,ADYEN DO BRASIL IP (conglomerado),,,,132.0
2025,2º,"Demais Bancos, Financeiras e Instituições de Pagamento",Conglomerado,AFINZ IP (conglomerado),73.54,,,659778.0
2025,2º,"Demais Bancos, Financeiras e Instituições de Pagamento",Conglomerado,AGIBANK (conglomerado),1030.58,,,4601527.0
2025,2º,"Demais Bancos, Financeiras e Instituições de Pagamento",Conglomerado,AGORACRED S/A SCFI (conglomerado),,,,688941.0
2025,2º,"Demais Bancos, Financeiras e Instituições de Pagamento",Conglomerado,ALELO IP (conglomerado),,,,5540664.0
2025,2º,"Demais Bancos, Financeiras e Instituições de Pagamento",Conglomerado,AME DIGITAL BRASIL IP (conglomerado),12283.31,,,12785.0
2025,2º,"Demais Bancos, Financeiras e Instituições de Pagamento",Conglomerado,ANDBANK (conglomerado),,,,101544.0
2025,2º,"Demais Bancos, Financeiras e Instituições de Pagamento",Conglomerado,ASAAS GESTAO FINANCEIRA IP (conglomerado),72.02,,,1083544.0
2025,2º,"Demais Bancos, Financeiras e Instituições de Pagamento",Conglomerado,BANCO BARI DE INVESTIMENTO E FINANCI. (conglomerado),,,,92037.0
2025,2º,"Demais Bancos, Financeiras e Instituições de Pagamento",Banco/financeira,BANCO BOCOM BBM S.A.,,,,9524.0
2025,2º,"Top 15 - Bancos, Financeiras e Instituições de Pagamento",Conglomerado,BANCO C6 (conglomerado),48.67,,,32084644.0
2025,2º,"Demais Bancos, Financeiras e Instituições de Pagamento",Banco/financeira,BANCO CNH INDUSTRIAL CAPITAL S.A.,,,,33143.0
2025,2º,"Demais Bancos, Financeiras e Instituições de Pagamento",Conglomerado,BANCO DIGIMAIS (conglomerado),887.62,,,132470.0
2025,2º,"Demais Bancos, Financeiras e Instituições de Pagamento",Banco/financeira,BANCO GUANABARA S.A.,,,,1845.0
2025,2º,"Demais Bancos, Financeiras e Instituições de Pagamento",Banco/financeira,BANCO HSBC S.A.,,,,6039.0
2025,2º,"Demais Bancos, Financeiras e Instituições de Pagamento",Banco/financeira,BANCO KDB DO BRASIL S.A.,,,,179.0
2025,2º,"Demais Bancos, Financeiras e Instituições de Pagamento",Conglomerado,BANCO MASTER (conglomerado),220.74,,,11012864.0
2025,2º,"Demais Bancos, Financeiras e Instituições de Pagamento",Conglomerado,BANCO PAULISTA (conglomerado),,,,98057.0
2025,2º,"Demais Bancos, Financeiras e Instituições de Pagamento",Banco/financeira,BANCO RABOBANK INTERNATIONAL BRASIL S.A.,,,,3880.0
2025,2º,"Demais Bancos, Financeiras e Instituições de Pagamento",Conglomerado,BANCO RIBEIRÃO PRETO (conglomerado),47187.78,,,5009.0
2025,2º,"Demais Bancos, Financeiras e Instituições de Pagamento",Conglomerado,BANCO SEMEAR (conglomerado),,,,157804.0
2025,2º,"Demais Bancos, Financeiras e Instituições de Pagamento",Conglomerado,BANCO SICOOB (conglomerado),,,,7041659.0
2025,2º,"Demais Bancos, Financeiras e Instituições de Pagamento",Conglomerado,BANCO TOPÁZIO S.A. (conglomerado),,,,11996.0
2025,2º,"Demais Bancos, Financeiras e Instituições de Pagamento",Banco/financeira,BANCO VOLVO BRASIL S.A.,,,,9377.0
2025,2º,"Demais Bancos, Financeiras e Instituições de Pagamento",Banco/financeira,BANCO VR S.A.,,,,25696.0
2025,2º,"Demais Bancos, Financeiras e Instituições de Pagamento",Conglomerado,BANESTES (conglomerado),37.69,,,1495741.0
2025,2º,"Demais Bancos, Financeiras e Instituições de Pagamento",Banco/financeira,BANK OF AMERICA MERRILL LYNCH BANCO MÚLTIPLO S.A.,,,,4301.0
2025,2º,"Demais Bancos, Financeiras e Instituições de Pagamento",Conglomerado,BANK OF CHINA (BRASIL) (conglomerado),,,,120302.0
2025,2º,"Demais Bancos, Financeiras e Instituições de Pagamento",Conglomerado,BANQI IP (conglomerado),,,,4698157.0
2025,2º,"Demais Bancos, Financeiras e Instituições de Pagamento",Conglomerado,BANRISUL (conglomerado),30.85,,,5670528.0
2025,2º,"Top 15 - Bancos, Financeiras e Instituições de Pagamento",Conglomerado,BB (conglomerado),22.2,,,79972615.0
2025,2º,"Demais Bancos, Financeiras e Instituições de Pagamento",Conglomerado,BBC S.A. (conglomerado),,,,19515.0
2025,2º,"Demais Bancos, Financeiras e Instituições de Pagamento",Conglomerado,BCO ABN AMRO CLEARING (conglomerado),,,,1.0
2025,2º,"Demais Bancos, Financeiras e Instituições de Pagamento",Conglomerado,BCO ARBI S.A. (conglomerado),,,,659145.0
2025,2º,"Demais Bancos, Financeiras e Instituições de Pagamento",Conglomerado,BCO COOPERATIVO SICREDI (conglomerado),,,,10141528.0
2025,2º,"Demais Bancos, Financeiras e Instituições de Pagamento",Conglomerado,BCO CSF S.A. (conglomerado),25.73,,,9679985.0
2025,2º,"Demais Bancos, Financeiras e Instituições de Pagamento",Conglomerado,BCO DA AMAZONIA S.A. (conglomerado),,,,693007.0
2025,2º,"Demais Bancos, Financeiras e Instituições de Pagamento",Conglomerado,BCO DAYCOVAL S.A (conglomerado),38.54,,,2400692.0
2025,2º,"Demais Bancos, Financeiras e Instituições de Pagamento",Conglomerado,BCO DO EST. DE SE S.A. (conglomerado),,,,867470.0
2025,2º,"Demais Bancos, Financeiras e Instituições de Pagamento",Conglomerado,BCO DO EST. DO PA S.A. (conglomerado),107.29,,,1096337.0
2025,2º,"Demais Bancos, Financeiras e Instituições de Pagamento",Conglomerado,BCO DO NORDESTE DO BRASIL S.A. (conglomerado),,,,10598492.0
2025,2º,"Demais Bancos, Financeiras e Instituições de Pagamento",Conglomerado,BCO FIBRA S.A. (conglomerado),,,,164719.0
2025,2º,"Demais Bancos, Financeiras e Instituições de Pagamento",Conglomerado,BCO INBURSA S.A. (conglomerado),500.03,,,756176.0
2025,2º,"Demais Bancos, Financeiras e Instituições de Pagamento",Conglomerado,BCO TOYOTA DO BRASIL S.A. (conglomerado),,,,161506.0
2025,2º,"Demais Bancos, Financeiras e Instituições de Pagamento",Conglomerado,BCO TRIANGULO S.A. (conglomerado),,,,1753368.0
2025,2º,"Demais Bancos, Financeiras e Instituições de Pagamento",Banco/financeira,"BECKER FINANCEIRA S.A. - CRÉDITO, FINANCIAMENTO E INVESTIMENTO",,,,213443.0
2025,2º,"Demais Bancos, Financeiras e Instituições de Pagamento",Conglomerado,BK IP (conglomerado),,,,729080.0
2025,2º,"Demais Bancos, Financeiras e Instituições de Pagamento",Conglomerado,BMG (conglomerado),79.44,,,10285659.0
2025,2º,"Demais Bancos, Financeiras e Instituições de Pagamento",Conglomerado,BNP PARIBAS (conglomerado),,,,467757.0
2025,2º,"Top 15 - Bancos, Financeiras e Instituições de Pagamento",Conglomerado,BRADESCO (conglomerado),60.58,,,110113531.0
2025,2º,"Demais Bancos, Financeiras e Instituições de Pagamento",Conglomerado,BRB (conglomerado),171.97,,,7957095.0
2025,2º,"Demais Bancos, Financeiras e Instituições de Pagamento",Conglomerado,BS2 (conglomerado),96.38,,,482290.0
2025,2º,"Top 15 - Bancos, Financeiras e Instituições de Pagamento",Conglomerado,BTG PACTUAL/BANCO PAN (conglomerado),36.89,,,26210956.0
2025,2º,"Demais Bancos, Financeiras e Instituições de Pagamento",Conglomerado,BULLLA IP (conglomerado),,,,558843.0
2025,2º,"Top 15 - Bancos, Financeiras e Instituições de Pagamento",Conglomerado,CAIXA ECONÔMICA FEDERAL (conglomerado),24.82,,,156878744.0
2025,2º,"Demais Bancos, Financeiras e Instituições de Pagamento",Conglomerado,CAIXA GERAL (conglomerado),,,,1024.0
2025,2º,"Demais Bancos, Financeiras e Instituições de Pagamento",Conglomerado,CALCARD IP (conglomerado),,,,862334.0
2025,2º,"Demais Bancos, Financeiras e Instituições de Pagamento",Banco/financeira,"CARUANA S.A. - SOCIEDADE DE CRÉDITO, FINANCIAMENTO E INVESTIMENTO",,,,59887.0
2025,2º,"Demais Bancos, Financeiras e Instituições de Pagamento",Conglomerado,CELCOIN IP (conglomerado),65.62,,,6805234.0
2025,2º,"Demais Bancos, Financeiras e Instituições de Pagamento",Conglomerado,CIELO IP (conglomerado),,,,1280737.0
2025,2º,"Demais Bancos, Financeiras e Instituições de Pagamento",Conglomerado,CITIBANK (conglomerado),,,,17468.0
2025,2º,"Demais Bancos, Financeiras e Instituições de Pagamento",Banco/financeira,CLARA INSTITUICAO DE PAGAMENTO LTDA.,,,,16460.0
2025,2º,"Demais Bancos, Financeiras e Instituições de Pagamento",Conglomerado,CLARO PAY IP (conglomerado),,,,1184992.0
2025,2º,"Demais Bancos, Financeiras e Instituições de Pagamento",Conglomerado,CLOUDWALK IP (conglomerado),8.32,,,11682195.0
2025,2º,"Demais Bancos, Financeiras e Instituições de Pagamento",Conglomerado,COBUCCIO SCFI (conglomerado),338.73,,,2651160.0
2025,2º,"Demais Bancos, Financeiras e Instituições de Pagamento",Banco/financeira,"COMPREV - CRÉDITO, FINANCIAMENTO E INVESTIMENTO S.A.",,,,387.0
2025,2º,"Demais Bancos, Financeiras e Instituições de Pagamento",Conglomerado,COOPER CARD IP (conglomerado),,,,305826.0
2025,2º,"Demais Bancos, Financeiras e Instituições de Pagamento",Conglomerado,CORA SCFI (conglomerado),20.77,,,2353394.0
2025,2º,"Demais Bancos, Financeiras e Instituições de Pagamento",Conglomerado,CREDI SHOP S.A. (conglomerado),,,,670343.0
2025,2º,"Demais Bancos, Financeiras e Instituições de Pagamento",Conglomerado,CREDIARE CFI (conglomerado),,,,271838.0
2025,2º,"Demais Bancos, Financeiras e Instituições de Pagamento",Conglomerado,CREDSYSTEM IP (conglomerado),24.66,,,3641884.0
2025,2º,"Demais Bancos, Financeiras e Instituições de Pagamento",Conglomerado,CREFISA S.A. CFI (conglomerado),122.53,,,6966985.0
2025,2º,"Demais Bancos, Financeiras e Instituições de Pagamento",Conglomerado,DLOCAL BRASIL INSTITUIÇÃO DE PAGAMENTO - PRUDENCIA (conglomerado),,,,84530.0
2025,2º,"Demais Bancos, Financeiras e Instituições de Pagamento",Conglomerado,DM FINANCEIRA CFI (conglomerado),98.99,,,2244128.0
2025,2º,"Demais Bancos, Financeiras e Instituições de Pagamento",Conglomerado,DOCK IP (conglomerado),19.19,,,3707349.0
2025,2º,"Demais Bancos, Financeiras e Instituições de Pagamento",Conglomerado,EAGLE SCD (conglomerado),,,,0.0
2025,2º,"Demais Bancos, Financeiras e Instituições de Pagamento",Conglomerado,EBANX IP (conglomerado),21.59,,,2953264.0
2025,2º,"Demais Bancos, Financeiras e Instituições de Pagamento",Conglomerado,EDENRED SOLUCOES E IP AHA (conglomerado),,,,810899.0
2025,2º,"Demais Bancos, Financeiras e Instituições de Pagamento",Conglomerado,EFI S.A. IP (conglomerado),102.81,,,613310.0
2025,2º,"Demais Bancos, Financeiras e Instituições de Pagamento",Banco/financeira,EMPRESA BRASILEIRA DE BENEFICIOS E PAGAMENTOS INSTITUICAO DE PAGAMENTO LTDA,,,,462862.0
2025,2º,"Demais Bancos, Financeiras e Instituições de Pagamento",Banco/financeira,EWALLY INSTITUIÇÃO DE PAGAMENTO S.A.,,,,83380.0
2025,2º,"Demais Bancos, Financeiras e Instituições de Pagamento",Banco/financeira,FACILITA INSTITUICAO DE PAGAMENTO S/A,,,,0.0
2025,2º,"Demais Bancos, Financeiras e Instituições de Pagamento",Conglomerado,FACTA S.A. CFI (conglomerado),1032.26,,,1469530.0
2025,2º,"Demais Bancos, Financeiras e Instituições de Pagamento",Banco/financeira,"FINAMAX S.A. - CREDITO, FINANCIAMENTO E INVESTIMENTO",,,,33443.0
2025,2º,"Demais Bancos, Financeiras e Instituições de Pagamento",Conglomerado,FISERV DO BRASIL IP (conglomerado),,,,5215.0
2025,2º,"Demais Bancos, Financeiras e Instituições de Pagamento",Conglomerado,FITBANK IP (conglomerado),,,,109546.0
2025,2º,"Demais Bancos, Financeiras e Instituições de Pagamento",Conglomerado,FLAGSHIP IP (conglomerado),,,,92146.0
2025,2º,"Demais Bancos, Financeiras e Instituições de Pagamento",Conglomerado,FORIS GFS BR IP (conglomerado),,,,332686.0
2025,2º,"Demais Bancos, Financeiras e Instituições de Pagamento",Conglomerado,GAZINCRED SCFI (conglomerado),,,,134785.0
2025,2º,"Demais Bancos, Financeiras e Instituições de Pagamento",Conglomerado,GENIAL (conglomerado),,,,2016271.0
2025,2º,"Demais Bancos, Financeiras e Instituições de Pagamento",Conglomerado,GM (conglomerado),,,,267525.0
2025,2º,"Demais Bancos, Financeiras e Instituições de Pagamento",Banco/financeira,"GRAZZIOTIN FINANCEIRA S/A - CRÉDITO, FINANCIAMENTO E INVESTIMENTOS",,,,132468.0
2025,2º,"Demais Bancos, Financeiras e Instituições de Pagamento",Conglomerado,HONDA (conglomerado),,,,526181.0
2025,2º,"Demais Bancos, Financeiras e Instituições de Pagamento",Conglomerado,HS FINANCEIRA (conglomerado),,,,230669.0
2025,2º,"Demais Bancos, Financeiras e Instituições de Pagamento",Conglomerado,INDUSTRIAL DO BRASIL (conglomerado),,,,4243.0
2025,2º,"Top 15 - Bancos, Financeiras e Instituições de Pagamento",Conglomerado,INTER (conglomerado),84.87,,,38166254.0
2025,2º,"Top 15 - Bancos, Financeiras e Instituições de Pagamento",Conglomerado,ITAU (conglomerado),39.35,,,99941644.0
2025,2º,"Demais Bancos, Financeiras e Instituições de Pagamento",Conglomerado,IUGU IP (conglomerado),225.04,,,266319.0
2025,2º,"Demais Bancos, Financeiras e Instituições de Pagamento",Conglomerado,JBCRED S.A. SCFI (conglomerado),,,,57511.0
2025,2º,"Demais Bancos, Financeiras e Instituições de Pagamento",Conglomerado,JP MORGAN CHASE (conglomerado),,,,0.0
2025,2º,"Demais Bancos, Financeiras e Instituições de Pagamento",Conglomerado,KANASTRA FINANCEIRA CFI (conglomerado),,,,682.0
2025,2º,"Demais Bancos, Financeiras e Instituições de Pagamento",Conglomerado,KREDILIG S.A. - CFI (conglomerado),,,,432168.0
2025,2º,"Demais Bancos, Financeiras e Instituições de Pagamento",Banco/financeira,"LEBES FINANCEIRA S.A. - CRÉDITO, FINANCIAMENTO E INVESTIMENTO",,,,362780.0
2025,2º,"Demais Bancos, Financeiras e Instituições de Pagamento",Conglomerado,LECCA (conglomerado),,,,32096.0
2025,2º,"Demais Bancos, Financeiras e Instituições de Pagamento",Conglomerado,MAGALUPAY IP (conglomerado),,,,3545994.0
2025,2º,"Demais Bancos, Financeiras e Instituições de Pagamento",Conglomerado,MERCADO BITCOIN IP (conglomerado),,,,22359.0
2025,2º,"Top 15 - Bancos, Financeiras e Instituições de Pagamento",Conglomerado,MERCADO PAGO IP (conglomerado),54.05,,,62824224.0
2025,2º,"Demais Bancos, Financeiras e Instituições de Pagamento",Conglomerado,MERCANTIL DO BRASIL (conglomerado),260.88,,,8015076.0
2025,2º,"Demais Bancos, Financeiras e Instituições de Pagamento",Conglomerado,MERCEDES-BENZ (conglomerado),,,,17763.0
2025,2º,"Demais Bancos, Financeiras e Instituições de Pagamento",Conglomerado,MIDWAY S.A. - SCFI (conglomerado),7.64,,,8850787.0
2025,2º,"Demais Bancos, Financeiras e Instituições de Pagamento",Banco/financeira,"NEGRESCO S.A. - CREDITO, FINANCIAMENTO E INVESTIMENTOS",,,,549806.0
2025,2º,"Top 15 - Bancos, Financeiras e Instituições de Pagamento",Conglomerado,NEON PAGAMENTOS IP (conglomerado),31.75,,,26356020.0
2025,2º,"Demais Bancos, Financeiras e Instituições de Pagamento",Conglomerado,NOVO BCO CONTINENTAL S.A. - BM (conglomerado),,,,21846.0
2025,2º,"Top 15 - Bancos, Financeiras e Instituições de Pagamento",Conglomerado,NU PAGAMENTOS (conglomerado),12.96,,,106495979.0
2025,2º,"Demais Bancos, Financeiras e Instituições de Pagamento",Conglomerado,NVIO BRASIL BITSO IP (conglomerado),,,,1310782.0
2025,2º,"Demais Bancos, Financeiras e Instituições de Pagamento",Conglomerado,OKTO IP (conglomerado),,,,23.0
2025,2º,"Demais Bancos, Financeiras e Instituições de Pagamento",Conglomerado,OMNI (conglomerado),18.97,,,2022834.0
2025,2º,"Demais Bancos, Financeiras e Instituições de Pagamento",Conglomerado,ONEKEY PAYMENTS IP (conglomerado),,,,132.0
2025,2º,"Demais Bancos, Financeiras e Instituições de Pagamento",Conglomerado,ORIGINAL (conglomerado),32.38,,,1830592.0
2025,2º,"Demais Bancos, Financeiras e Instituições de Pagamento",Conglomerado,OURIBANK (conglomerado),,,,1495774.0
2025,2º,"Demais Bancos, Financeiras e Instituições de Pagamento",Conglomerado,PAGARE IP (conglomerado),,,,65.0
2025,2º,"Demais Bancos, Financeiras e Instituições de Pagamento",Conglomerado,PAGCERTO IP (conglomerado),,,,75343.0
2025,2º,"Top 15 - Bancos, Financeiras e Instituições de Pagamento",Conglomerado,PAGSEGURO (conglomerado),48.47,,,33050761.0
2025,2º,"Demais Bancos, Financeiras e Instituições de Pagamento",Conglomerado,PAGUEVELOZ IP (conglomerado),,,,3955530.0
2025,2º,"Demais Bancos, Financeiras e Instituições de Pagamento",Conglomerado,PARANÁ BANCO (conglomerado),77.18,,,1766542.0
2025,2º,"Demais Bancos, Financeiras e Instituições de Pagamento",Banco/financeira,PAY BROKERS IP INSTITUICAO DE PAGAMENTO LTDA.,,,,76.0
2025,2º,"Top 15 - Bancos, Financeiras e Instituições de Pagamento",Banco/financeira,PAY2ALL INSTITUICAO DE PAGAMENTO LTDA,0.0,,,13.0
2025,2º,"Demais Bancos, Financeiras e Instituições de Pagamento",Conglomerado,PAY4FUN IP S.A. (conglomerado),,,,22.0
2025,2º,"Demais Bancos, Financeiras e Instituições de Pagamento",Conglomerado,PAYPAL DO BRASIL IP (conglomerado),,,,228087.0
2025,2º,"Demais Bancos, Financeiras e Instituições de Pagamento",Conglomerado,PEFISA S.A. (conglomerado),32.88,,,9176365.0
2025,2º,"Top 15 - Bancos, Financeiras e Instituições de Pagamento",Conglomerado,PICPAY (conglomerado),40.83,,,63907113.0
2025,2º,"Demais Bancos, Financeiras e Instituições de Pagamento",Conglomerado,PINBANK BRASIL IP (conglomerado),,,,27042.0
2025,2º,"Demais Bancos, Financeiras e Instituições de Pagamento",Conglomerado,PINE (conglomerado),584.63,,,2187801.0
2025,2º,"Demais Bancos, Financeiras e Instituições de Pagamento",Conglomerado,PLUXEE IP (conglomerado),,,,2068649.0
2025,2º,"Demais Bancos, Financeiras e Instituições de Pagamento",Conglomerado,PORTO SEGURO (conglomerado),138.22,,,3197291.0
2025,2º,"Demais Bancos, Financeiras e Instituições de Pagamento",Banco/financeira,PROVER PROMOCAO DE VENDAS INSTITUICAO DE PAGAMENTO LTDA,,,,152.0
2025,2º,"Demais Bancos, Financeiras e Instituições de Pagamento",Conglomerado,QISTA S.A. CFI (conglomerado),,,,113835.0
2025,2º,"Demais Bancos, Financeiras e Instituições de Pagamento",Conglomerado,QUERO-QUERO VERDECARD IP (conglomerado),,,,657449.0
2025,2º,"Demais Bancos, Financeiras e Instituições de Pagamento",Conglomerado,REALIZE CFI (conglomerado),18.14,,,6519025.0
2025,2º,"Demais Bancos, Financeiras e Instituições de Pagamento",Conglomerado,RECARGAPAY IP (conglomerado),31.02,,,11452187.0
2025,2º,"Demais Bancos, Financeiras e Instituições de Pagamento",Conglomerado,RENDIMENTO (conglomerado),,,,325064.0
2025,2º,"Demais Bancos, Financeiras e Instituições de Pagamento",Banco/financeira,ROADCARD INSTITUICAO DE PAGAMENTO INTEGRADO DA LOGISTICA S.A.,,,,2795.0
2025,2º,"Demais Bancos, Financeiras e Instituições de Pagamento",Conglomerado,RODOBENS (conglomerado),,,,29354.0
2025,2º,"Demais Bancos, Financeiras e Instituições de Pagamento",Banco/financeira,"RPW S/A SOCIEDADE DE CRÉDITO, FINANCIAMENTO E INVESTIMENTO",,,,7.0
2025,2º,"Demais Bancos, Financeiras e Instituições de Pagamento",Conglomerado,SAFRA (conglomerado),140.45,,,4438410.0
2025,2º,"Top 15 - Bancos, Financeiras e Instituições de Pagamento",Conglomerado,SANTANDER (conglomerado),29.96,,,68852132.0
2025,2º,"Demais Bancos, Financeiras e Instituições de Pagamento",Banco/financeira,"SANTINVEST S.A. - CREDITO, FINANCIAMENTO E INVESTIMENTOS",,,,11979.0
2025,2º,"Demais Bancos, Financeiras e Instituições de Pagamento",Conglomerado,SENFFNET IP (conglomerado),,,,748270.0
2025,2º,"Demais Bancos, Financeiras e Instituições de Pagamento",Conglomerado,SHPP BRASIL IP (conglomerado),12.9,,,5948666.0
2025,2º,"Demais Bancos, Financeiras e Instituições de Pagamento",Conglomerado,SIMPALA CFI (conglomerado),,,,12100.0
2025,2º,"Demais Bancos, Financeiras e Instituições de Pagamento",Conglomerado,SOCINAL S.A. CFI (conglomerado),,,,3276.0
2025,2º,"Demais Bancos, Financeiras e Instituições de Pagamento",Conglomerado,SOFISA (conglomerado),174.14,,,1429243.0
2025,2º,"Demais Bancos, Financeiras e Instituições de Pagamento",Conglomerado,STARK SCD (conglomerado),,,,0.0
2025,2º,"Demais Bancos, Financeiras e Instituições de Pagamento",Conglomerado,STELLANTIS (conglomerado),,,,201203.0
2025,2º,"Top 15 - Bancos, Financeiras e Instituições de Pagamento",Conglomerado,STONE IP (conglomerado),17.76,,,12527949.0
2025,2º,"Demais Bancos, Financeiras e Instituições de Pagamento",Banco/financeira,STRIPE BRASIL SOLUCOES DE PAGAMENTO INSTITUICAO DE PAGAMENTO LTDA,,,,85.0
2025,2º,"Demais Bancos, Financeiras e Instituições de Pagamento",Conglomerado,SUMUP IP (conglomerado),,,,130.0
2025,2º,"Demais Bancos, Financeiras e Instituições de Pagamento",Conglomerado,SUPERBID PAY IP (conglomerado),,,,490306.0
2025,2º,"Demais Bancos, Financeiras e Instituições de Pagamento",Conglomerado,SWAP IP (conglomerado),,,,2279494.0
2025,2º,"Demais Bancos, Financeiras e Instituições de Pagamento",Banco/financeira,"TODESCREDI S/A - CRÉDITO, FINANCIAMENTO E INVESTIMENTO",,,,44193.0
2025,2º,"Demais Bancos, Financeiras e Instituições de Pagamento",Conglomerado,TRANSFEERA IP (conglomerado),,,,3021.0
2025,2º,"Demais Bancos, Financeiras e Instituições de Pagamento",Conglomerado,TRANSFERO IP (conglomerado),,,,11.0
2025,2º,"Demais Bancos, Financeiras e Instituições de Pagamento",Conglomerado,VALOR CFI (conglomerado),,,,37171.0
2025,2º,"Demais Bancos, Financeiras e Instituições de Pagamento",Banco/financeira,"VIA CERTA FINANCIADORA S.A. - CRÉDITO, FINANCIAMENTO E INVESTIMENTOS",,,,252345.0
2025,2º,"Demais Bancos, Financeiras e Instituições de Pagamento",Conglomerado,VOLKSWAGEN (conglomerado),180.57,,,548361.0
2025,2º,"Demais Bancos, Financeiras e Instituições de Pagamento",Conglomerado,VOTORANTIM (conglomerado),38.39,,,10174971.0
2025,2º,"Demais Bancos, Financeiras e Instituições de Pagamento",Conglomerado,WESTERN UNION (conglomerado),,,,4.0
2025,2º,"Demais Bancos, Financeiras e Instituições de Pagamento",Conglomerado,WISE BRASIL CC (conglomerado),,,,0.0
2025,2º,"Demais Bancos, Financeiras e Instituições de Pagamento",Conglomerado,XP (conglomerado),38.2,,,6342313.0
2025,2º,"Demais Bancos, Financeiras e Instituições de Pagamento",Conglomerado,YAMAHA MOTOR (conglomerado),,,,250650.0
2025,2º,"Demais Bancos, Financeiras e Instituições de Pagamento",Banco/financeira,Z1 INSTITUIÇÃO DE PAGAMENTO LTDA.,,,,0.0
2025,2º,"Demais Bancos, Financeiras e Instituições de Pagamento",Conglomerado,ZEMA CFI (conglomerado),,,,342315.0
2025,2º,"Demais Bancos, Financeiras e Instituições de Pagamento",Conglomerado,ZERO IP (conglomerado),,,,22124.0
2025,2º,"Demais Bancos, Financeiras e Instituições de Pagamento",Conglomerado,ZOOP TECNOLOGIA IP (conglomerado),,,,721437.0
2025,3º,"Top 15 - Bancos, Financeiras e Instituições de Pagamento",Conglomerado,99PAY IP (conglomerado),18.21,,,24853840.0
2025,3º,"Demais Bancos, Financeiras e Instituições de Pagamento",Conglomerado,ABC-BRASIL (conglomerado),,,,46241.0
2025,3º,"Demais Bancos, Financeiras e Instituições de Pagamento",Conglomerado,ADYEN DO BRASIL IP (conglomerado),,,,129.0
2025,3º,"Demais Bancos, Financeiras e Instituições de Pagamento",Conglomerado,AGIBANK (conglomerado),614.12,,,6556525.0
2025,3º,"Demais Bancos, Financeiras e Instituições de Pagamento",Conglomerado,AGORACRED S/A SCFI (conglomerado),,,,692346.0
2025,3º,"Demais Bancos, Financeiras e Instituições de Pagamento",Conglomerado,AL5 S.A. SCFI (conglomerado),,,,20603.0
2025,3º,"Demais Bancos, Financeiras e Instituições de Pagamento",Conglomerado,ALELO IP (conglomerado),,,,1697659.0
2025,3º,"Demais Bancos, Financeiras e Instituições de Pagamento",Conglomerado,AME DIGITAL BRASIL IP (conglomerado),8305.63,,,33864.0
2025,3º,"Demais Bancos, Financeiras e Instituições de Pagamento",Conglomerado,ANDBANK (conglomerado),,,,112166.0
2025,3º,"Demais Bancos, Financeiras e Instituições de Pagamento",Conglomerado,ASAAS GESTAO FINANCEIRA IP (conglomerado),70.04,,,1149234.0
2025,3º,"Demais Bancos, Financeiras e Instituições de Pagamento",Conglomerado,ASTRO IP (conglomerado),1257.69,,,62449.0
2025,3º,"Demais Bancos, Financeiras e Instituições de Pagamento",Conglomerado,BANCO AFINZ BM (conglomerado),,,,694750.0
2025,3º,"Demais Bancos, Financeiras e Instituições de Pagamento",Conglomerado,BANCO B3 (conglomerado),,,,1171.0
2025,3º,"Demais Bancos, Financeiras e Instituições de Pagamento",Conglomerado,BANCO BARI DE INVESTIMENTO E FINANCI. (conglomerado),502.85,,,92588.0
2025,3º,"Top 15 - Bancos, Financeiras e Instituições de Pagamento",Conglomerado,BANCO C6 (conglomerado),53.03,,,32544127.0
2025,3º,"Demais Bancos, Financeiras e Instituições de Pagamento",Conglomerado,BANCO CNH INDUSTRIAL CAPITAL S.A (conglomerado),,,,33328.0
2025,3º,"Demais Bancos, Financeiras e Instituições de Pagamento",Conglomerado,BANCO DIGIMAIS (conglomerado),1552.43,,,177576.0
2025,3º,"Demais Bancos, Financeiras e Instituições de Pagamento",Banco/financeira,BANCO HSBC S.A.,,,,6181.0
2025,3º,"Demais Bancos, Financeiras e Instituições de Pagamento",Banco/financeira,BANCO KDB DO BRASIL S.A.,,,,180.0
2025,3º,"Demais Bancos, Financeiras e Instituições de Pagamento",Conglomerado,BANCO MASTER (conglomerado),232.86,,,12407607.0
2025,3º,"Demais Bancos, Financeiras e Instituições de Pagamento",Conglomerado,BANCO PAULISTA (conglomerado),,,,138043.0
2025,3º,"Demais Bancos, Financeiras e Instituições de Pagamento",Conglomerado,BANCO RIBEIRÃO PRETO (conglomerado),25308.57,,,4984.0
2025,3º,"Demais Bancos, Financeiras e Instituições de Pagamento",Conglomerado,BANCO RNX S.A. (conglomerado),,,,2422.0
2025,3º,"Demais Bancos, Financeiras e Instituições de Pagamento",Conglomerado,BANCO SEMEAR (conglomerado),,,,152915.0
2025,3º,"Demais Bancos, Financeiras e Instituições de Pagamento",Conglomerado,BANCO SICOOB (conglomerado),11.67,,,7103800.0
2025,3º,"Demais Bancos, Financeiras e Instituições de Pagamento",Conglomerado,BANCO TOPÁZIO S.A. (conglomerado),,,,12133.0
2025,3º,"Demais Bancos, Financeiras e Instituições de Pagamento",Conglomerado,BANCO TRATON BRASIL S.A. (conglomerado),,,,1019.0
2025,3º,"Demais Bancos, Financeiras e Instituições de Pagamento",Banco/financeira,BANCO TRAVELEX S.A.,,,,22142.0
2025,3º,"Demais Bancos, Financeiras e Instituições de Pagamento",Banco/financeira,BANCO VR S.A.,,,,43287.0
2025,3º,"Demais Bancos, Financeiras e Instituições de Pagamento",Conglomerado,BANESTES (conglomerado),51.33,,,1502524.0
2025,3º,"Demais Bancos, Financeiras e Instituições de Pagamento",Banco/financeira,BANK OF AMERICA MERRILL LYNCH BANCO MÚLTIPLO S.A.,,,,4164.0
2025,3º,"Demais Bancos, Financeiras e Instituições de Pagamento",Conglomerado,BANK OF CHINA (BRASIL) (conglomerado),,,,117880.0
2025,3º,"Demais Bancos, Financeiras e Instituições de Pagamento",Conglomerado,BANQI IP (conglomerado),,,,4859163.0
2025,3º,"Demais Bancos, Financeiras e Instituições de Pagamento",Conglomerado,BANRISUL (conglomerado),37.18,,,5757230.0
2025,3º,"Top 15 - Bancos, Financeiras e Instituições de Pagamento",Conglomerado,BB (conglomerado),25.85,,,80883474.0
2025,3º,"Demais Bancos, Financeiras e Instituições de Pagamento",Conglomerado,BBC S.A. (conglomerado),,,,21750.0
2025,3º,"Demais Bancos, Financeiras e Instituições de Pagamento",Banco/financeira,BBVA BRASIL BANCO DE INVESTIMENTO S.A.,,,,3.0
2025,3º,"Demais Bancos, Financeiras e Instituições de Pagamento",Conglomerado,BCO ABN AMRO CLEARING (conglomerado),,,,1.0
2025,3º,"Demais Bancos, Financeiras e Instituições de Pagamento",Conglomerado,BCO ARBI S.A. (conglomerado),45.99,,,695053.0
2025,3º,"Demais Bancos, Financeiras e Instituições de Pagamento",Conglomerado,BCO COOPERATIVO SICREDI (conglomerado),,,,10414504.0
2025,3º,"Demais Bancos, Financeiras e Instituições de Pagamento",Conglomerado,BCO CSF S.A. (conglomerado),30.22,,,9853411.0
2025,3º,"Demais Bancos, Financeiras e Instituições de Pagamento",Conglomerado,BCO DA AMAZONIA S.A. (conglomerado),,,,708729.0
2025,3º,"Demais Bancos, Financeiras e Instituições de Pagamento",Conglomerado,BCO DAYCOVAL S.A (conglomerado),39.19,,,2428902.0
2025,3º,"Demais Bancos, Financeiras e Instituições de Pagamento",Conglomerado,BCO DE LAGE LANDEN BRASIL S.A. (conglomerado),,,,39938.0
2025,3º,"Demais Bancos, Financeiras e Instituições de Pagamento",Conglomerado,BCO DO EST. DE SE S.A. (conglomerado),57.66,,,1056491.0
2025,3º,"Demais Bancos, Financeiras e Instituições de Pagamento",Conglomerado,BCO DO EST. DO PA S.A. (conglomerado),124.4,,,1114172.0
2025,3º,"Demais Bancos, Financeiras e Instituições de Pagamento",Conglomerado,BCO DO NORDESTE DO BRASIL S.A. (conglomerado),,,,10903524.0
2025,3º,"Demais Bancos, Financeiras e Instituições de Pagamento",Conglomerado,BCO FIBRA S.A. (conglomerado),,,,162635.0
2025,3º,"Demais Bancos, Financeiras e Instituições de Pagamento",Conglomerado,BCO INBURSA S.A. (conglomerado),276.34,,,778084.0
2025,3º,"Demais Bancos, Financeiras e Instituições de Pagamento",Conglomerado,BCO TOYOTA DO BRASIL S.A. (conglomerado),,,,158275.0
2025,3º,"Demais Bancos, Financeiras e Instituições de Pagamento",Conglomerado,BCO TRIANGULO S.A. (conglomerado),,,,1677817.0
2025,3º,"Demais Bancos, Financeiras e Instituições de Pagamento",Conglomerado,BECKER FINANCEIRA S.A. - CFI (conglomerado),,,,218931.0
2025,3º,"Demais Bancos, Financeiras e Instituições de Pagamento",Conglomerado,BEES IP (conglomerado),,,,152.0
2025,3º,"Demais Bancos, Financeiras e Instituições de Pagamento",Conglomerado,BK IP (conglomerado),,,,363404.0
2025,3º,"Demais Bancos, Financeiras e Instituições de Pagamento",Conglomerado,BMG (conglomerado),122.91,,,9206496.0
2025,3º,"Demais Bancos, Financeiras e Instituições de Pagamento",Conglomerado,BMW (conglomerado),,,,58852.0
2025,3º,"Demais Bancos, Financeiras e Instituições de Pagamento",Conglomerado,BNP PARIBAS (conglomerado),,,,459239.0
2025,3º,"Top 15 - Bancos, Financeiras e Instituições de Pagamento",Conglomerado,BRADESCO (conglomerado),51.74,,,110494968.0
2025,3º,"Demais Bancos, Financeiras e Instituições de Pagamento",Conglomerado,BRB (conglomerado),136.73,,,9804440.0
2025,3º,"Demais Bancos, Financeiras e Instituições de Pagamento",Conglomerado,BS2 (conglomerado),,,,392150.0
2025,3º,"Top 15 - Bancos, Financeiras e Instituições de Pagamento",Conglomerado,BTG PACTUAL/BANCO PAN (conglomerado),32.23,,,26578046.0
2025,3º,"Demais Bancos, Financeiras e Instituições de Pagamento",Conglomerado,BULLLA IP (conglomerado),,,,620493.0
2025,3º,"Top 15 - Bancos, Financeiras e Instituições de Pagamento",Conglomerado,CAIXA ECONÔMICA FEDERAL (conglomerado),25.87,,,157475727.0
2025,3º,"Demais Bancos, Financeiras e Instituições de Pagamento",Conglomerado,CAIXA GERAL (conglomerado),,,,1081.0
2025,3º,"Demais Bancos, Financeiras e Instituições de Pagamento",Conglomerado,CALCARD IP (conglomerado),,,,914664.0
2025,3º,"Demais Bancos, Financeiras e Instituições de Pagamento",Banco/financeira,"CARUANA S.A. - SOCIEDADE DE CRÉDITO, FINANCIAMENTO E INVESTIMENTO",,,,62289.0
2025,3º,"Demais Bancos, Financeiras e Instituições de Pagamento",Conglomerado,CELCOIN IP (conglomerado),34.9,,,7985634.0
2025,3º,"Demais Bancos, Financeiras e Instituições de Pagamento",Conglomerado,CIELO IP (conglomerado),,,,1448360.0
2025,3º,"Demais Bancos, Financeiras e Instituições de Pagamento",Conglomerado,CITIBANK (conglomerado),,,,17970.0
2025,3º,"Demais Bancos, Financeiras e Instituições de Pagamento",Conglomerado,CLARA IP (conglomerado),,,,19354.0
2025,3º,"Demais Bancos, Financeiras e Instituições de Pagamento",Conglomerado,CLARO PAY IP (conglomerado),43.3,,,1145410.0
2025,3º,"Top 15 - Bancos, Financeiras e Instituições de Pagamento",Conglomerado,CLOUDWALK IP (conglomerado),9.55,,,14095675.0
2025,3º,"Demais Bancos, Financeiras e Instituições de Pagamento",Conglomerado,COBUCCIO SCFI (conglomerado),359.31,,,3010229.0
2025,3º,"Demais Bancos, Financeiras e Instituições de Pagamento",Banco/financeira,"COMPREV - CRÉDITO, FINANCIAMENTO E INVESTIMENTO S.A.",,,,464.0
2025,3º,"Demais Bancos, Financeiras e Instituições de Pagamento",Conglomerado,COOPER CARD IP (conglomerado),,,,309397.0
2025,3º,"Demais Bancos, Financeiras e Instituições de Pagamento",Conglomerado,CORA SCFI (conglomerado),,,,2429529.0
2025,3º,"Demais Bancos, Financeiras e Instituições de Pagamento",Conglomerado,CREDI SHOP S.A. (conglomerado),,,,668183.0
2025,3º,"Demais Bancos, Financeiras e Instituições de Pagamento",Conglomerado,CREDIARE CFI (conglomerado),,,,272305.0
2025,3º,"Demais Bancos, Financeiras e Instituições de Pagamento",Conglomerado,CREDSYSTEM IP (conglomerado),25.19,,,3616865.0
2025,3º,"Demais Bancos, Financeiras e Instituições de Pagamento",Conglomerado,CREFISA S.A. CFI (conglomerado),115.68,,,7883544.0
2025,3º,"Demais Bancos, Financeiras e Instituições de Pagamento",Conglomerado,DLOCAL BRASIL INSTITUIÇÃO DE PAGAMENTO - PRUDENCIA (conglomerado),,,,105144.0
2025,3º,"Demais Bancos, Financeiras e Instituições de Pagamento",Conglomerado,DM FINANCEIRA CFI (conglomerado),135.21,,,2250494.0
2025,3º,"Demais Bancos, Financeiras e Instituições de Pagamento",Conglomerado,DOCK IP (conglomerado),12.19,,,3888248.0
2025,3º,"Demais Bancos, Financeiras e Instituições de Pagamento",Conglomerado,EAGLE SCD (conglomerado),,,,0.0
2025,3º,"Demais Bancos, Financeiras e Instituições de Pagamento",Conglomerado,EBANX IP (conglomerado),29.75,,,2564728.0
2025,3º,"Demais Bancos, Financeiras e Instituições de Pagamento",Conglomerado,EDENRED SOLUCOES E IP AHA (conglomerado),,,,868865.0
2025,3º,"Demais Bancos, Financeiras e Instituições de Pagamento",Conglomerado,EFI S.A. IP (conglomerado),135.76,,,658008.0
2025,3º,"Demais Bancos, Financeiras e Instituições de Pagamento",Conglomerado,EMPRESA BRASILEIRA DE BENEFICIOS E PAGAMENTOS IP - (conglomerado),,,,662892.0
2025,3º,"Demais Bancos, Financeiras e Instituições de Pagamento",Conglomerado,EWALLY IP (conglomerado),,,,2331.0
2025,3º,"Demais Bancos, Financeiras e Instituições de Pagamento",Conglomerado,FACTA S.A. CFI (conglomerado),2660.2,,,1349798.0
2025,3º,"Demais Bancos, Financeiras e Instituições de Pagamento",Conglomerado,FINAMAX S.A. CFI (conglomerado),,,,32612.0
2025,3º,"Demais Bancos, Financeiras e Instituições de Pagamento",Conglomerado,FISERV DO BRASIL IP (conglomerado),,,,8527.0
2025,3º,"Demais Bancos, Financeiras e Instituições de Pagamento",Conglomerado,FITBANK IP (conglomerado),235.69,,,142132.0
2025,3º,"Demais Bancos, Financeiras e Instituições de Pagamento",Conglomerado,FLAGSHIP IP (conglomerado),,,,102351.0
2025,3º,"Demais Bancos, Financeiras e Instituições de Pagamento",Conglomerado,FLASH TECNOLOGIA IP (conglomerado),,,,433215.0
2025,3º,"Demais Bancos, Financeiras e Instituições de Pagamento",Conglomerado,FORIS GFS BR IP (conglomerado),,,,332529.0
2025,3º,"Demais Bancos, Financeiras e Instituições de Pagamento",Conglomerado,GAZINCRED SCFI (conglomerado),,,,141205.0
2025,3º,"Demais Bancos, Financeiras e Instituições de Pagamento",Conglomerado,GENIAL (conglomerado),,,,2170867.0
2025,3º,"Demais Bancos, Financeiras e Instituições de Pagamento",Conglomerado,GM (conglomerado),,,,506.0
2025,3º,"Demais Bancos, Financeiras e Instituições de Pagamento",Conglomerado,GOOGLE PAY BRASIL IP (conglomerado),,,,0.0
2025,3º,"Demais Bancos, Financeiras e Instituições de Pagamento",Conglomerado,GRAZZIOTIN FINANCEIRA (conglomerado),,,,158083.0
2025,3º,"Demais Bancos, Financeiras e Instituições de Pagamento",Conglomerado,HONDA (conglomerado),,,,558706.0
2025,3º,"Demais Bancos, Financeiras e Instituições de Pagamento",Conglomerado,HS FINANCEIRA (conglomerado),,,,231558.0
2025,3º,"Demais Bancos, Financeiras e Instituições de Pagamento",Conglomerado,INDUSTRIAL DO BRASIL (conglomerado),,,,89639.0
2025,3º,"Top 15 - Bancos, Financeiras e Instituições de Pagamento",Conglomerado,INTER (conglomerado),96.37,,,40066015.0
2025,3º,"Top 15 - Bancos, Financeiras e Instituições de Pagamento",Conglomerado,ITAU (conglomerado),45.13,,,100248541.0
2025,3º,"Demais Bancos, Financeiras e Instituições de Pagamento",Conglomerado,IUGU IP (conglomerado),171.45,,,259469.0
2025,3º,"Demais Bancos, Financeiras e Instituições de Pagamento",Conglomerado,JBCRED S.A. SCFI (conglomerado),,,,59913.0
2025,3º,"Demais Bancos, Financeiras e Instituições de Pagamento",Conglomerado,JP MORGAN CHASE (conglomerado),,,,4378.0
2025,3º,"Demais Bancos, Financeiras e Instituições de Pagamento",Banco/financeira,"KANASTRA FINANCEIRA S.A, CREDITO, FINANCIAMENTO E INVESTIMENTO",,,,708.0
2025,3º,"Demais Bancos, Financeiras e Instituições de Pagamento",Conglomerado,KIWIFY IP (conglomerado),,,,0.0
2025,3º,"Demais Bancos, Financeiras e Instituições de Pagamento",Conglomerado,KREDILIG S.A. - CFI (conglomerado),,,,427725.0
2025,3º,"Demais Bancos, Financeiras e Instituições de Pagamento",Conglomerado,LEBES FINANCEIRA S.A. - CFI (conglomerado),,,,366865.0
2025,3º,"Demais Bancos, Financeiras e Instituições de Pagamento",Conglomerado,LECCA (conglomerado),2146.64,,,28107.0
2025,3º,"Demais Bancos, Financeiras e Instituições de Pagamento",Conglomerado,MAGALUPAY IP (conglomerado),9.03,,,3681087.0
2025,3º,"Demais Bancos, Financeiras e Instituições de Pagamento",Conglomerado,MERCADO BITCOIN IP (conglomerado),,,,24329.0
2025,3º,"Top 15 - Bancos, Financeiras e Instituições de Pagamento",Conglomerado,MERCADO PAGO IP (conglomerado),51.58,,,66179957.0
2025,3º,"Demais Bancos, Financeiras e Instituições de Pagamento",Conglomerado,MERCANTIL DO BRASIL (conglomerado),306.6,,,8287086.0
2025,3º,"Demais Bancos, Financeiras e Instituições de Pagamento",Conglomerado,MERCEDES-BENZ (conglomerado),,,,17900.0
2025,3º,"Demais Bancos, Financeiras e Instituições de Pagamento",Conglomerado,MÊNTORE IP (conglomerado),238.44,,,1060623.0
2025,3º,"Demais Bancos, Financeiras e Instituições de Pagamento",Conglomerado,MIDWAY S.A. - SCFI (conglomerado),,,,9019524.0
2025,3º,"Demais Bancos, Financeiras e Instituições de Pagamento",Conglomerado,NEGRESCO S.A. - CFI (conglomerado),,,,556112.0
2025,3º,"Top 15 - Bancos, Financeiras e Instituições de Pagamento",Conglomerado,NEON PAGAMENTOS IP (conglomerado),34.58,,,26111285.0
2025,3º,"Demais Bancos, Financeiras e Instituições de Pagamento",Conglomerado,NG CASH IP (conglomerado),12.43,,,3067165.0
2025,3º,"Demais Bancos, Financeiras e Instituições de Pagamento",Conglomerado,NOVO BCO CONTINENTAL S.A. - BM (conglomerado),,,,21355.0
2025,3º,"Top 15 - Bancos, Financeiras e Instituições de Pagamento",Conglomerado,NU PAGAMENTOS (conglomerado),12.67,,,109315016.0
2025,3º,"Demais Bancos, Financeiras e Instituições de Pagamento",Conglomerado,NVIO BRASIL BITSO IP (conglomerado),,,,1317405.0
2025,3º,"Demais Bancos, Financeiras e Instituições de Pagamento",Conglomerado,OKTO IP (conglomerado),,,,29.0
2025,3º,"Demais Bancos, Financeiras e Instituições de Pagamento",Conglomerado,OMNI (conglomerado),23.08,,,1891766.0
2025,3º,"Demais Bancos, Financeiras e Instituições de Pagamento",Conglomerado,ONEKEY PAYMENTS IP (conglomerado),,,,144.0
2025,3º,"Demais Bancos, Financeiras e Instituições de Pagamento",Conglomerado,ORIGINAL (conglomerado),74.0,,,1423341.0
2025,3º,"Demais Bancos, Financeiras e Instituições de Pagamento",Conglomerado,OURIBANK (conglomerado),,,,1507836.0
2025,3º,"Demais Bancos, Financeiras e Instituições de Pagamento",Conglomerado,PAGARE IP (conglomerado),,,,71.0
2025,3º,"Demais Bancos, Financeiras e Instituições de Pagamento",Conglomerado,PAGBRASIL IP (conglomerado),,,,0.0
2025,3º,"Demais Bancos, Financeiras e Instituições de Pagamento",Conglomerado,PAGCERTO IP (conglomerado),,,,79796.0
2025,3º,"Top 15 - Bancos, Financeiras e Instituições de Pagamento",Conglomerado,PAGSEGURO (conglomerado),47.31,,,33715297.0
2025,3º,"Demais Bancos, Financeiras e Instituições de Pagamento",Conglomerado,PAGUEVELOZ IP (conglomerado),,,,4370148.0
2025,3º,"Demais Bancos, Financeiras e Instituições de Pagamento",Conglomerado,PARANÁ BANCO (conglomerado),72.43,,,2084607.0
2025,3º,"Demais Bancos, Financeiras e Instituições de Pagamento",Conglomerado,PAY4FUN IP S.A. (conglomerado),,,,23.0
2025,3º,"Demais Bancos, Financeiras e Instituições de Pagamento",Conglomerado,PAYPAL DO BRASIL IP (conglomerado),,,,231175.0
2025,3º,"Demais Bancos, Financeiras e Instituições de Pagamento",Conglomerado,PEFISA S.A. (conglomerado),88.9,,,4700407.0
2025,3º,"Top 15 - Bancos, Financeiras e Instituições de Pagamento",Conglomerado,PICPAY (conglomerado),50.06,,,65633305.0
2025,3º,"Demais Bancos, Financeiras e Instituições de Pagamento",Conglomerado,PINBANK BRASIL IP (conglomerado),,,,26979.0
2025,3º,"Demais Bancos, Financeiras e Instituições de Pagamento",Conglomerado,PINE (conglomerado),943.01,,,2303733.0
2025,3º,"Demais Bancos, Financeiras e Instituições de Pagamento",Conglomerado,PLUXEE IP (conglomerado),,,,2080793.0
2025,3º,"Demais Bancos, Financeiras e Instituições de Pagamento",Conglomerado,PORTO SEGURO (conglomerado),108.22,,,3282524.0
2025,3º,"Demais Bancos, Financeiras e Instituições de Pagamento",Conglomerado,PROVER PROMOCAO DE VENDAS IP (conglomerado),,,,169.0
2025,3º,"Demais Bancos, Financeiras e Instituições de Pagamento",Conglomerado,QISTA S.A. CFI (conglomerado),,,,122430.0
2025,3º,"Demais Bancos, Financeiras e Instituições de Pagamento",Conglomerado,QUERO-QUERO VERDECARD IP (conglomerado),,,,693665.0
2025,3º,"Demais Bancos, Financeiras e Instituições de Pagamento",Conglomerado,REALIZE SCFI (conglomerado),14.95,,,6598394.0
2025,3º,"Demais Bancos, Financeiras e Instituições de Pagamento",Conglomerado,RECARGAPAY IP (conglomerado),27.92,,,12354211.0
2025,3º,"Demais Bancos, Financeiras e Instituições de Pagamento",Conglomerado,RENDIMENTO (conglomerado),,,,326502.0
2025,3º,"Demais Bancos, Financeiras e Instituições de Pagamento",Banco/financeira,ROADCARD INSTITUICAO DE PAGAMENTO INTEGRADO DA LOGISTICA S.A.,,,,3039.0
2025,3º,"Demais Bancos, Financeiras e Instituições de Pagamento",Conglomerado,RODOBENS (conglomerado),,,,28976.0
2025,3º,"Demais Bancos, Financeiras e Instituições de Pagamento",Conglomerado,RPW S/A SCFI (conglomerado),,,,7.0
2025,3º,"Demais Bancos, Financeiras e Instituições de Pagamento",Conglomerado,SAFRA (conglomerado),137.54,,,4418712.0
2025,3º,"Top 15 - Bancos, Financeiras e Instituições de Pagamento",Conglomerado,SANTANDER (conglomerado),29.25,,,69660783.0
2025,3º,"Demais Bancos, Financeiras e Instituições de Pagamento",Conglomerado,SANTINVEST (conglomerado),,,,11875.0
2025,3º,"Demais Bancos, Financeiras e Instituições de Pagamento",Conglomerado,SEM PARAR IP (conglomerado),,,,305755.0
2025,3º,"Demais Bancos, Financeiras e Instituições de Pagamento",Conglomerado,SENFFNET IP (conglomerado),87.56,,,773332.0
2025,3º,"Demais Bancos, Financeiras e Instituições de Pagamento",Conglomerado,SERVNET IP (conglomerado),,,,32200.0
2025,3º,"Demais Bancos, Financeiras e Instituições de Pagamento",Conglomerado,SHPP BRASIL IP (conglomerado),13.04,,,6958833.0
2025,3º,"Demais Bancos, Financeiras e Instituições de Pagamento",Conglomerado,SIMPALA CFI (conglomerado),,,,17794.0
2025,3º,"Demais Bancos, Financeiras e Instituições de Pagamento",Conglomerado,SOCINAL S.A. CFI (conglomerado),,,,3407.0
2025,3º,"Demais Bancos, Financeiras e Instituições de Pagamento",Conglomerado,SOFISA (conglomerado),198.2,,,1452450.0
2025,3º,"Demais Bancos, Financeiras e Instituições de Pagamento",Banco/financeira,"SOLFÁCIL SOCIEDADE DE CRÉDITO, FINANCIAMENTO E INVESTIMENTO S.A.",,,,136.0
2025,3º,"Demais Bancos, Financeiras e Instituições de Pagamento",Conglomerado,STARK SCD (conglomerado),,,,1611.0
2025,3º,"Demais Bancos, Financeiras e Instituições de Pagamento",Conglomerado,STELLANTIS (conglomerado),,,,224935.0
2025,3º,"Demais Bancos, Financeiras e Instituições de Pagamento",Conglomerado,STONE IP (conglomerado),13.03,,,13301438.0
2025,3º,"Demais Bancos, Financeiras e Instituições de Pagamento",Conglomerado,STRIPE BRASIL IP PRUDENCIAL (conglomerado),,,,88.0
2025,3º,"Demais Bancos, Financeiras e Instituições de Pagamento",Conglomerado,SUMUP IP (conglomerado),,,,127.0
2025,3º,"Demais Bancos, Financeiras e Instituições de Pagamento",Conglomerado,SUPERBID PAY IP (conglomerado),,,,502092.0
2025,3º,"Demais Bancos, Financeiras e Instituições de Pagamento",Conglomerado,SWAP IP (conglomerado),,,,2549921.0
2025,3º,"Demais Bancos, Financeiras e Instituições de Pagamento",Conglomerado,SWILE IP (conglomerado),,,,24.0
2025,3º,"Demais Bancos, Financeiras e Instituições de Pagamento",Conglomerado,TODESCREDI S/A - CFI (conglomerado),,,,47195.0
2025,3º,"Demais Bancos, Financeiras e Instituições de Pagamento",Conglomerado,TRANSFEERA IP (conglomerado),,,,2919.0
2025,3º,"Demais Bancos, Financeiras e Instituições de Pagamento",Banco/financeira,TRIO INSTITUICAO DE PAGAMENTO LTDA.,,,,165.0
2025,3º,"Demais Bancos, Financeiras e Instituições de Pagamento",Banco/financeira,UNLIMIT BRASIL INSTITUICAO DE PAGAMENTO LTDA,,,,1.0
2025,3º,"Demais Bancos, Financeiras e Instituições de Pagamento",Conglomerado,V3 IP (conglomerado),,,,39203.0
2025,3º,"Demais Bancos, Financeiras e Instituições de Pagamento",Conglomerado,VALOR CFI (conglomerado),,,,37904.0
2025,3º,"Demais Bancos, Financeiras e Instituições de Pagamento",Conglomerado,VIA CERTA CFI (conglomerado),,,,251546.0
2025,3º,"Demais Bancos, Financeiras e Instituições de Pagamento",Banco/financeira,VIATECH BANK PROCESSADORA DE PAGAMENTO LTDA,,,,54.0
2025,3º,"Demais Bancos, Financeiras e Instituições de Pagamento",Conglomerado,VOLKSWAGEN (conglomerado),197.55,,,590017.0
2025,3º,"Demais Bancos, Financeiras e Instituições de Pagamento",Conglomerado,VOLVO (conglomerado),,,,9080.0
2025,3º,"Demais Bancos, Financeiras e Instituições de Pagamento",Conglomerado,VOTORANTIM (conglomerado),53.95,,,9938442.0
2025,3º,"Demais Bancos, Financeiras e Instituições de Pagamento",Conglomerado,WE PAY OUT IP (conglomerado),,,,441.0
2025,3º,"Demais Bancos, Financeiras e Instituições de Pagamento",Conglomerado,WESTERN UNION (conglomerado),,,,4.0
2025,3º,"Demais Bancos, Financeiras e Instituições de Pagamento",Conglomerado,WISE BRASIL CC (conglomerado),10.92,,,4233530.0
2025,3º,"Demais Bancos, Financeiras e Instituições de Pagamento",Conglomerado,WOOVI IP (conglomerado),,,,1832.0
2025,3º,"Demais Bancos, Financeiras e Instituições de Pagamento",Conglomerado,XP (conglomerado),27.83,,,6646687.0
2025,3º,"Demais Bancos, Financeiras e Instituições de Pagamento",Conglomerado,YAMAHA MOTOR (conglomerado),,,,262421.0
2025,3º,"Demais Bancos, Financeiras e Instituições de Pagamento",Conglomerado,Z1 INSTITUIÇÃO DE PAGAMENTO (conglomerado),,,,0.0
2025,3º,"Demais Bancos, Financeiras e Instituições de Pagamento",Conglomerado,ZEMA CFI (conglomerado),135.07,,,337151.0
2025,3º,"Demais Bancos, Financeiras e Instituições de Pagamento",Conglomerado,ZERO IP (conglomerado),,,,40825.0
2025,3º,"Demais Bancos, Financeiras e Instituições de Pagamento",Conglomerado,ZOOP TECNOLOGIA IP (conglomerado),,,,998447.0
2025,4º,"Top 15 - Bancos, Financeiras e Instituições de Pagamento",Conglomerado,99PAY IP (conglomerado),16.0,,,26108586.0
2025,4º,"Demais Bancos, Financeiras e Instituições de Pagamento",Conglomerado,ABC-BRASIL (conglomerado),,,,47365.0
2025,4º,"Demais Bancos, Financeiras e Instituições de Pagamento",Conglomerado,ACG IP (conglomerado),,,,101311.0
2025,4º,"Demais Bancos, Financeiras e Instituições de Pagamento",Conglomerado,ADYEN DO BRASIL IP (conglomerado),,,,154.0
2025,4º,"Demais Bancos, Financeiras e Instituições de Pagamento",Conglomerado,AGIBANK (conglomerado),362.43,,,7191175.0
2025,4º,"Demais Bancos, Financeiras e Instituições de Pagamento",Conglomerado,AGORACRED S/A SCFI (conglomerado),,,,698179.0
2025,4º,"Demais Bancos, Financeiras e Instituições de Pagamento",Conglomerado,AL5 S.A. SCFI (conglomerado),,,,20865.0
2025,4º,"Demais Bancos, Financeiras e Instituições de Pagamento",Conglomerado,ANDBANK (conglomerado),,,,199612.0
2025,4º,"Demais Bancos, Financeiras e Instituições de Pagamento",Conglomerado,ASAAS GESTAO FINANCEIRA IP (conglomerado),60.73,,,1207772.0
2025,4º,"Demais Bancos, Financeiras e Instituições de Pagamento",Conglomerado,ASTRO IP (conglomerado),953.71,,,62449.0
2025,4º,"Demais Bancos, Financeiras e Instituições de Pagamento",Conglomerado,BANCO AFINZ BM (conglomerado),213.39,,,785596.0
2025,4º,"Demais Bancos, Financeiras e Instituições de Pagamento",Conglomerado,BANCO B3 (conglomerado),,,,1212.0
2025,4º,"Demais Bancos, Financeiras e Instituições de Pagamento",Conglomerado,BANCO BARI DE INVESTIMENTO E FINANCI. (conglomerado),902.77,,,73300.0
2025,4º,"Top 15 - Bancos, Financeiras e Instituições de Pagamento",Conglomerado,BANCO C6 (conglomerado),51.92,,,33467101.0
2025,4º,"Demais Bancos, Financeiras e Instituições de Pagamento",Conglomerado,BANCO CNH INDUSTRIAL CAPITAL S.A (conglomerado),,,,33624.0
2025,4º,"Demais Bancos, Financeiras e Instituições de Pagamento",Conglomerado,BANCO DIGIMAIS (conglomerado),1464.12,,,199026.0
2025,4º,"Demais Bancos, Financeiras e Instituições de Pagamento",Conglomerado,BANCO HSBC (conglomerado),,,,6203.0
2025,4º,"Demais Bancos, Financeiras e Instituições de Pagamento",Conglomerado,BANCO PAULISTA (conglomerado),,,,171889.0
2025,4º,"Demais Bancos, Financeiras e Instituições de Pagamento",Conglomerado,BANCO PLENO (conglomerado),,,,1201.0
2025,4º,"Demais Bancos, Financeiras e Instituições de Pagamento",Conglomerado,BANCO PORTO REAL DE INVEST.S.A (conglomerado),,,,15.0
2025,4º,"Demais Bancos, Financeiras e Instituições de Pagamento",Conglomerado,BANCO RIBEIRÃO PRETO (conglomerado),33146.6,,,4966.0
2025,4º,"Demais Bancos, Financeiras e Instituições de Pagamento",Conglomerado,BANCO SEMEAR (conglomerado),,,,149334.0
2025,4º,"Demais Bancos, Financeiras e Instituições de Pagamento",Conglomerado,BANCO SICOOB (conglomerado),,,,7160712.0
2025,4º,"Demais Bancos, Financeiras e Instituições de Pagamento",Conglomerado,BANCO TOPÁZIO S.A. (conglomerado),,,,11528.0
2025,4º,"Demais Bancos, Financeiras e Instituições de Pagamento",Banco/financeira,BANCO XCMG BRASIL S.A.,,,,434.0
2025,4º,"Demais Bancos, Financeiras e Instituições de Pagamento",Conglomerado,BANESTES (conglomerado),61.26,,,1514890.0
2025,4º,"Demais Bancos, Financeiras e Instituições de Pagamento",Banco/financeira,BANK OF AMERICA MERRILL LYNCH BANCO MÚLTIPLO S.A.,,,,4824.0
2025,4º,"Demais Bancos, Financeiras e Instituições de Pagamento",Conglomerado,BANK OF CHINA (BRASIL) (conglomerado),,,,115766.0
2025,4º,"Demais Bancos, Financeiras e Instituições de Pagamento",Conglomerado,BANQI IP (conglomerado),,,,4781423.0
2025,4º,"Demais Bancos, Financeiras e Instituições de Pagamento",Conglomerado,BANRISUL (conglomerado),33.35,,,5814177.0
2025,4º,"Top 15 - Bancos, Financeiras e Instituições de Pagamento",Conglomerado,BB (conglomerado),16.22,,,81983236.0
2025,4º,"Demais Bancos, Financeiras e Instituições de Pagamento",Conglomerado,BBC S.A. (conglomerado),,,,0.0
2025,4º,"Demais Bancos, Financeiras e Instituições de Pagamento",Conglomerado,BCO ABN AMRO CLEARING (conglomerado),,,,1.0
2025,4º,"Demais Bancos, Financeiras e Instituições de Pagamento",Conglomerado,BCO ARBI S.A. (conglomerado),,,,729270.0
2025,4º,"Demais Bancos, Financeiras e Instituições de Pagamento",Conglomerado,BCO CEDULA S.A. (conglomerado),,,,17904.0
2025,4º,"Demais Bancos, Financeiras e Instituições de Pagamento",Conglomerado,BCO COOPERATIVO SICREDI (conglomerado),,,,10671660.0
2025,4º,"Demais Bancos, Financeiras e Instituições de Pagamento",Conglomerado,BCO CSF S.A. (conglomerado),24.51,,,9630191.0
2025,4º,"Demais Bancos, Financeiras e Instituições de Pagamento",Conglomerado,BCO DA AMAZONIA S.A. (conglomerado),,,,727167.0
2025,4º,"Demais Bancos, Financeiras e Instituições de Pagamento",Conglomerado,BCO DAYCOVAL S.A (conglomerado),41.35,,,2467294.0
2025,4º,"Demais Bancos, Financeiras e Instituições de Pagamento",Conglomerado,BCO DO EST. DE SE S.A. (conglomerado),90.01,,,998260.0
2025,4º,"Demais Bancos, Financeiras e Instituições de Pagamento",Conglomerado,BCO DO EST. DO PA S.A. (conglomerado),143.15,,,1135284.0
2025,4º,"Demais Bancos, Financeiras e Instituições de Pagamento",Conglomerado,BCO DO NORDESTE DO BRASIL S.A. (conglomerado),,,,11076936.0
2025,4º,"Demais Bancos, Financeiras e Instituições de Pagamento",Conglomerado,BCO FIBRA S.A. (conglomerado),,,,161255.0
2025,4º,"Demais Bancos, Financeiras e Instituições de Pagamento",Conglomerado,BCO INBURSA S.A. (conglomerado),187.54,,,791445.0
2025,4º,"Demais Bancos, Financeiras e Instituições de Pagamento",Conglomerado,BCO KDB BRASIL S.A. (conglomerado),,,,182.0
2025,4º,"Demais Bancos, Financeiras e Instituições de Pagamento",Conglomerado,BCO TOYOTA DO BRASIL S.A. (conglomerado),,,,153997.0
2025,4º,"Demais Bancos, Financeiras e Instituições de Pagamento",Conglomerado,BCO TRIANGULO S.A. (conglomerado),,,,1532808.0
2025,4º,"Demais Bancos, Financeiras e Instituições de Pagamento",Conglomerado,BK IP (conglomerado),,,,192443.0
2025,4º,"Demais Bancos, Financeiras e Instituições de Pagamento",Conglomerado,BMG (conglomerado),83.18,,,9347503.0
2025,4º,"Demais Bancos, Financeiras e Instituições de Pagamento",Conglomerado,BMW (conglomerado),,,,60735.0
2025,4º,"Demais Bancos, Financeiras e Instituições de Pagamento",Conglomerado,BNP PARIBAS (conglomerado),,,,450403.0
2025,4º,"Top 15 - Bancos, Financeiras e Instituições de Pagamento",Conglomerado,BRADESCO (conglomerado),43.89,,,110474071.0
2025,4º,"Demais Bancos, Financeiras e Instituições de Pagamento",Conglomerado,BRB (conglomerado),190.49,,,9202174.0
2025,4º,"Demais Bancos, Financeiras e Instituições de Pagamento",Conglomerado,BS2 (conglomerado),137.29,,,359192.0
2025,4º,"Top 15 - Bancos, Financeiras e Instituições de Pagamento",Conglomerado,BTG PACTUAL/BANCO PAN (conglomerado),33.67,,,26750691.0
2025,4º,"Demais Bancos, Financeiras e Instituições de Pagamento",Conglomerado,BULLLA IP (conglomerado),109.36,,,698334.0
2025,4º,"Top 15 - Bancos, Financeiras e Instituições de Pagamento",Conglomerado,CAIXA ECONÔMICA FEDERAL (conglomerado),17.23,,,158055739.0
2025,4º,"Demais Bancos, Financeiras e Instituições de Pagamento",Conglomerado,CAIXA GERAL (conglomerado),,,,1102.0
2025,4º,"Demais Bancos, Financeiras e Instituições de Pagamento",Conglomerado,CALCARD IP (conglomerado),,,,966566.0
2025,4º,"Demais Bancos, Financeiras e Instituições de Pagamento",Conglomerado,CELCOIN IP (conglomerado),19.23,,,9477305.0
2025,4º,"Demais Bancos, Financeiras e Instituições de Pagamento",Conglomerado,CIELO IP (conglomerado),,,,1621604.0
2025,4º,"Demais Bancos, Financeiras e Instituições de Pagamento",Conglomerado,CITIBANK (conglomerado),,,,17428.0
2025,4º,"Demais Bancos, Financeiras e Instituições de Pagamento",Conglomerado,CLARA IP (conglomerado),,,,21406.0
2025,4º,"Demais Bancos, Financeiras e Instituições de Pagamento",Conglomerado,CLARO PAY IP (conglomerado),,,,1177423.0
2025,4º,"Top 15 - Bancos, Financeiras e Instituições de Pagamento",Conglomerado,CLOUDWALK IP (conglomerado),6.43,,,15824756.0
2025,4º,"Demais Bancos, Financeiras e Instituições de Pagamento",Conglomerado,COBUCCIO SCFI (conglomerado),288.14,,,3678041.0
2025,4º,"Demais Bancos, Financeiras e Instituições de Pagamento",Conglomerado,CONTAAZUL IP (conglomerado),,,,27624.0
2025,4º,"Demais Bancos, Financeiras e Instituições de Pagamento",Conglomerado,COOPER CARD IP (conglomerado),,,,521691.0
2025,4º,"Demais Bancos, Financeiras e Instituições de Pagamento",Conglomerado,CORA SCFI (conglomerado),,,,2535607.0
2025,4º,"Demais Bancos, Financeiras e Instituições de Pagamento",Conglomerado,CREDI SHOP S.A. (conglomerado),,,,668960.0
2025,4º,"Demais Bancos, Financeiras e Instituições de Pagamento",Conglomerado,CREDIARE CFI (conglomerado),,,,233964.0
2025,4º,"Demais Bancos, Financeiras e Instituições de Pagamento",Conglomerado,CREDSYSTEM IP (conglomerado),33.76,,,3688691.0
2025,4º,"Demais Bancos, Financeiras e Instituições de Pagamento",Conglomerado,CREFISA S.A. CFI (conglomerado),111.48,,,8056619.0
2025,4º,"Demais Bancos, Financeiras e Instituições de Pagamento",Conglomerado,DLOCAL BRASIL INSTITUIÇÃO DE PAGAMENTO - PRUDENCIA (conglomerado),,,,192067.0
2025,4º,"Demais Bancos, Financeiras e Instituições de Pagamento",Conglomerado,DM SCFI (conglomerado),87.39,,,4078625.0
2025,4º,"Demais Bancos, Financeiras e Instituições de Pagamento",Conglomerado,DOCK IP (conglomerado),11.5,,,4316135.0
2025,4º,"Demais Bancos, Financeiras e Instituições de Pagamento",Conglomerado,EAGLE SCD (conglomerado),,,,1881.0
2025,4º,"Demais Bancos, Financeiras e Instituições de Pagamento",Conglomerado,EBANX IP (conglomerado),24.31,,,2631803.0
2025,4º,"Demais Bancos, Financeiras e Instituições de Pagamento",Conglomerado,EDENRED SOLUCOES E IP AHA (conglomerado),,,,798379.0
2025,4º,"Demais Bancos, Financeiras e Instituições de Pagamento",Conglomerado,EFI S.A. IP (conglomerado),107.87,,,677733.0
2025,4º,"Demais Bancos, Financeiras e Instituições de Pagamento",Conglomerado,EMPRESA BRASILEIRA DE BENEFICIOS E PAGAMENTOS IP - (conglomerado),,,,955129.0
2025,4º,"Demais Bancos, Financeiras e Instituições de Pagamento",Conglomerado,FACTA S.A. CFI (conglomerado),2167.37,,,1429116.0
2025,4º,"Demais Bancos, Financeiras e Instituições de Pagamento",Conglomerado,FINAMAX S.A. CFI (conglomerado),,,,31770.0
2025,4º,"Demais Bancos, Financeiras e Instituições de Pagamento",Conglomerado,FITBANK IP (conglomerado),,,,212999.0
2025,4º,"Demais Bancos, Financeiras e Instituições de Pagamento",Conglomerado,FLAGSHIP IP (conglomerado),,,,105911.0
2025,4º,"Demais Bancos, Financeiras e Instituições de Pagamento",Conglomerado,FLASH TECNOLOGIA IP (conglomerado),,,,447365.0
2025,4º,"Demais Bancos, Financeiras e Instituições de Pagamento",Conglomerado,FORIS GFS BR IP (conglomerado),,,,335759.0
2025,4º,"Demais Bancos, Financeiras e Instituições de Pagamento",Conglomerado,GAZINCRED SCFI (conglomerado),,,,146370.0
2025,4º,"Demais Bancos, Financeiras e Instituições de Pagamento",Conglomerado,GENIAL (conglomerado),20.21,,,2302063.0
2025,4º,"Demais Bancos, Financeiras e Instituições de Pagamento",Conglomerado,GM (conglomerado),,,,276064.0
2025,4º,"Demais Bancos, Financeiras e Instituições de Pagamento",Conglomerado,GOLCRED (conglomerado),,,,42851.0
2025,4º,"Demais Bancos, Financeiras e Instituições de Pagamento",Conglomerado,GOOGLE PAY BRASIL IP (conglomerado),,,,0.0
2025,4º,"Demais Bancos, Financeiras e Instituições de Pagamento",Conglomerado,HONDA (conglomerado),,,,126.0
2025,4º,"Demais Bancos, Financeiras e Instituições de Pagamento",Conglomerado,HS FINANCEIRA (conglomerado),,,,231754.0
2025,4º,"Demais Bancos, Financeiras e Instituições de Pagamento",Conglomerado,IFOOD PAGO IP (conglomerado),,,,933218.0
2025,4º,"Demais Bancos, Financeiras e Instituições de Pagamento",Conglomerado,INDUSTRIAL DO BRASIL (conglomerado),,,,90800.0
2025,4º,"Demais Bancos, Financeiras e Instituições de Pagamento",Conglomerado,INOVANTI IP (conglomerado),,,,2668.0
2025,4º,"Top 15 - Bancos, Financeiras e Instituições de Pagamento",Conglomerado,INTER (conglomerado),39.23,,,41962921.0
2025,4º,"Top 15 - Bancos, Financeiras e Instituições de Pagamento",Conglomerado,ITAU (conglomerado),36.24,,,100321592.0
2025,4º,"Demais Bancos, Financeiras e Instituições de Pagamento",Conglomerado,IUGU IP (conglomerado),,,,286862.0
2025,4º,"Demais Bancos, Financeiras e Instituições de Pagamento",Conglomerado,JBCRED S.A. SCFI (conglomerado),,,,61672.0
2025,4º,"Demais Bancos, Financeiras e Instituições de Pagamento",Conglomerado,JP MORGAN CHASE (conglomerado),,,,0.0
2025,4º,"Demais Bancos, Financeiras e Instituições de Pagamento",Banco/financeira,"KANASTRA FINANCEIRA S.A, CREDITO, FINANCIAMENTO E INVESTIMENTO",,,,222.0
2025,4º,"Demais Bancos, Financeiras e Instituições de Pagamento",Conglomerado,KREDILIG S.A. - CFI (conglomerado),,,,429823.0
2025,4º,"Demais Bancos, Financeiras e Instituições de Pagamento",Conglomerado,LEBES FINANCEIRA SCFI (conglomerado),,,,398621.0
2025,4º,"Demais Bancos, Financeiras e Instituições de Pagamento",Conglomerado,LECCA (conglomerado),,,,29282.0
2025,4º,"Demais Bancos, Financeiras e Instituições de Pagamento",Conglomerado,MAGALUPAY IP (conglomerado),,,,3581665.0
2025,4º,"Demais Bancos, Financeiras e Instituições de Pagamento",Conglomerado,MAX IP (conglomerado),,,,0.0
2025,4º,"Demais Bancos, Financeiras e Instituições de Pagamento",Conglomerado,MERCADO BITCOIN IP (conglomerado),,,,31933.0
2025,4º,"Top 15 - Bancos, Financeiras e Instituições de Pagamento",Conglomerado,MERCADO PAGO IP (conglomerado),38.66,,,68819314.0
2025,4º,"Demais Bancos, Financeiras e Instituições de Pagamento",Conglomerado,MERCANTIL DO BRASIL (conglomerado),221.12,,,8724867.0
2025,4º,"Demais Bancos, Financeiras e Instituições de Pagamento",Conglomerado,MÊNTORE IP (conglomerado),211.75,,,1182044.0
2025,4º,"Demais Bancos, Financeiras e Instituições de Pagamento",Conglomerado,MIDWAY S.A. - SCFI (conglomerado),,,,9265581.0
2025,4º,"Demais Bancos, Financeiras e Instituições de Pagamento",Banco/financeira,MT INSTITUICAO DE PAGAMENTO SA,,,,60.0
2025,4º,"Demais Bancos, Financeiras e Instituições de Pagamento",Conglomerado,NAIP IP (conglomerado),,,,1902214.0
2025,4º,"Demais Bancos, Financeiras e Instituições de Pagamento",Conglomerado,NEGRESCO S.A. - CFI (conglomerado),,,,562066.0
2025,4º,"Top 15 - Bancos, Financeiras e Instituições de Pagamento",Conglomerado,NEON PAGAMENTOS IP (conglomerado),39.59,,,26033974.0
2025,4º,"Demais Bancos, Financeiras e Instituições de Pagamento",Conglomerado,NG CASH IP (conglomerado),15.63,,,3550291.0
2025,4º,"Demais Bancos, Financeiras e Instituições de Pagamento",Conglomerado,NOVO BCO CONTINENTAL S.A. - BM (conglomerado),54.3,,,1176822.0
2025,4º,"Top 15 - Bancos, Financeiras e Instituições de Pagamento",Conglomerado,NU PAGAMENTOS (conglomerado),12.04,,,112017464.0
2025,4º,"Demais Bancos, Financeiras e Instituições de Pagamento",Conglomerado,NVIO BRASIL BITSO IP (conglomerado),,,,1322339.0
2025,4º,"Demais Bancos, Financeiras e Instituições de Pagamento",Conglomerado,OKTO IP (conglomerado),,,,36.0
2025,4º,"Demais Bancos, Financeiras e Instituições de Pagamento",Conglomerado,OMNI (conglomerado),,,,1972972.0
2025,4º,"Demais Bancos, Financeiras e Instituições de Pagamento",Conglomerado,ONEKEY PAYMENTS IP (conglomerado),,,,147.0
2025,4º,"Demais Bancos, Financeiras e Instituições de Pagamento",Conglomerado,ORIGINAL (conglomerado),71.72,,,1303116.0
2025,4º,"Demais Bancos, Financeiras e Instituições de Pagamento",Conglomerado,OURIBANK (conglomerado),,,,1516255.0
2025,4º,"Demais Bancos, Financeiras e Instituições de Pagamento",Conglomerado,PAGBRASIL TECNOLOGIA IP (conglomerado),,,,1.0
2025,4º,"Demais Bancos, Financeiras e Instituições de Pagamento",Conglomerado,PAGCERTO IP (conglomerado),,,,84618.0
2025,4º,"Demais Bancos, Financeiras e Instituições de Pagamento",Banco/financeira,PAGHIPER INSTITUIÇAO DE PAGAMENTO LTDA.,,,,5.0
2025,4º,"Demais Bancos, Financeiras e Instituições de Pagamento",Banco/financeira,PAGME INSTITUIÇÃO DE PAGAMENTO LTDA.,,,,8891.0
2025,4º,"Top 15 - Bancos, Financeiras e Instituições de Pagamento",Conglomerado,PAGSEGURO (conglomerado),32.09,,,33963849.0
2025,4º,"Demais Bancos, Financeiras e Instituições de Pagamento",Conglomerado,PAGSMILE IP (conglomerado),,,,0.0
2025,4º,"Demais Bancos, Financeiras e Instituições de Pagamento",Conglomerado,PAGUEVELOZ IP (conglomerado),,,,4733108.0
2025,4º,"Demais Bancos, Financeiras e Instituições de Pagamento",Conglomerado,PARANÁ BANCO (conglomerado),41.78,,,2404948.0
2025,4º,"Demais Bancos, Financeiras e Instituições de Pagamento",Conglomerado,PARATI CFI (conglomerado),44470.72,,,10235.0
2025,4º,"Demais Bancos, Financeiras e Instituições de Pagamento",Conglomerado,PAY2ALL IP (conglomerado),,,,13.0
2025,4º,"Demais Bancos, Financeiras e Instituições de Pagamento",Conglomerado,PAY4FUN IP S.A. (conglomerado),,,,30.0
2025,4º,"Demais Bancos, Financeiras e Instituições de Pagamento",Conglomerado,PAYPAL DO BRASIL IP (conglomerado),,,,234730.0
2025,4º,"Demais Bancos, Financeiras e Instituições de Pagamento",Conglomerado,PEFISA S.A. (conglomerado),75.47,,,4948548.0
2025,4º,"Top 15 - Bancos, Financeiras e Instituições de Pagamento",Conglomerado,PICPAY (conglomerado),55.52,,,66970524.0
2025,4º,"Demais Bancos, Financeiras e Instituições de Pagamento",Conglomerado,PINBANK BRASIL IP (conglomerado),,,,27561.0
2025,4º,"Demais Bancos, Financeiras e Instituições de Pagamento",Conglomerado,PINE (conglomerado),491.47,,,2520038.0
2025,4º,"Demais Bancos, Financeiras e Instituições de Pagamento",Conglomerado,PLUXEE IP (conglomerado),,,,1215161.0
2025,4º,"Demais Bancos, Financeiras e Instituições de Pagamento",Conglomerado,PORTO SEGURO (conglomerado),139.2,,,3393757.0
2025,4º,"Demais Bancos, Financeiras e Instituições de Pagamento",Conglomerado,PROTOTYPE IP (conglomerado),176253.14,,,720.0
2025,4º,"Demais Bancos, Financeiras e Instituições de Pagamento",Conglomerado,PROVER PROMOCAO DE VENDAS IP (conglomerado),,,,180.0
2025,4º,"Demais Bancos, Financeiras e Instituições de Pagamento",Conglomerado,QISTA S.A. CFI (conglomerado),,,,115237.0
2025,4º,"Demais Bancos, Financeiras e Instituições de Pagamento",Conglomerado,QUERO-QUERO VERDECARD IP (conglomerado),,,,706218.0
2025,4º,"Demais Bancos, Financeiras e Instituições de Pagamento",Conglomerado,RANDON (conglomerado),,,,10073.0
2025,4º,"Demais Bancos, Financeiras e Instituições de Pagamento",Conglomerado,REALIZE SCFI (conglomerado),13.23,,,6637188.0
2025,4º,"Demais Bancos, Financeiras e Instituições de Pagamento",Conglomerado,RECARGAPAY IP (conglomerado),17.55,,,13274725.0
2025,4º,"Demais Bancos, Financeiras e Instituições de Pagamento",Conglomerado,RENDIMENTO (conglomerado),,,,331145.0
2025,4º,"Demais Bancos, Financeiras e Instituições de Pagamento",Conglomerado,RODOBENS (conglomerado),,,,27893.0
2025,4º,"Demais Bancos, Financeiras e Instituições de Pagamento",Conglomerado,RPW S/A SCFI (conglomerado),,,,7.0
2025,4º,"Demais Bancos, Financeiras e Instituições de Pagamento",Conglomerado,SAFRA (conglomerado),132.05,,,4285588.0
2025,4º,"Top 15 - Bancos, Financeiras e Instituições de Pagamento",Conglomerado,SANTANDER (conglomerado),27.29,,,70689072.0
2025,4º,"Demais Bancos, Financeiras e Instituições de Pagamento",Conglomerado,SANTINVEST (conglomerado),,,,11733.0
2025,4º,"Demais Bancos, Financeiras e Instituições de Pagamento",Conglomerado,SEM PARAR IP (conglomerado),,,,1976659.0
2025,4º,"Demais Bancos, Financeiras e Instituições de Pagamento",Conglomerado,SENFFNET IP (conglomerado),144.89,,,796028.0
2025,4º,"Demais Bancos, Financeiras e Instituições de Pagamento",Conglomerado,SHPP BRASIL IP (conglomerado),10.09,,,8591219.0
2025,4º,"Demais Bancos, Financeiras e Instituições de Pagamento",Conglomerado,SIMPALA CFI (conglomerado),,,,51.0
2025,4º,"Demais Bancos, Financeiras e Instituições de Pagamento",Conglomerado,SOCINAL S.A. CFI (conglomerado),,,,3598.0
2025,4º,"Demais Bancos, Financeiras e Instituições de Pagamento",Conglomerado,SOFISA (conglomerado),153.41,,,1473747.0
2025,4º,"Demais Bancos, Financeiras e Instituições de Pagamento",Banco/financeira,"SOLFÁCIL SOCIEDADE DE CRÉDITO, FINANCIAMENTO E INVESTIMENTO S.A.",,,,149.0
2025,4º,"Demais Bancos, Financeiras e Instituições de Pagamento",Conglomerado,STARK SCD (conglomerado),,,,1885.0
2025,4º,"Demais Bancos, Financeiras e Instituições de Pagamento",Conglomerado,STELLANTIS (conglomerado),,,,273301.0
2025,4º,"Demais Bancos, Financeiras e Instituições de Pagamento",Conglomerado,STONE IP (conglomerado),19.06,,,14153075.0
2025,4º,"Demais Bancos, Financeiras e Instituições de Pagamento",Conglomerado,SUMUP IP (conglomerado),,,,130.0
2025,4º,"Demais Bancos, Financeiras e Instituições de Pagamento",Conglomerado,SUPERBID PAY IP (conglomerado),,,,440002.0
2025,4º,"Demais Bancos, Financeiras e Instituições de Pagamento",Conglomerado,SWAP IP (conglomerado),,,,2800523.0
2025,4º,"Demais Bancos, Financeiras e Instituições de Pagamento",Conglomerado,SWILE IP (conglomerado),,,,1624.0
2025,4º,"Demais Bancos, Financeiras e Instituições de Pagamento",Conglomerado,TODESCREDI S/A - CFI (conglomerado),,,,48196.0
2025,4º,"Demais Bancos, Financeiras e Instituições de Pagamento",Conglomerado,TRANSFEERA IP (conglomerado),,,,2664.0
2025,4º,"Demais Bancos, Financeiras e Instituições de Pagamento",Conglomerado,TRANSFERO IP (conglomerado),,,,11.0
2025,4º,"Demais Bancos, Financeiras e Instituições de Pagamento",Conglomerado,TRIO IP (conglomerado),,,,236.0
2025,4º,"Demais Bancos, Financeiras e Instituições de Pagamento",Conglomerado,TYCOON TECHNOLOGY IP (conglomerado),,,,2266.0
2025,4º,"Demais Bancos, Financeiras e Instituições de Pagamento",Conglomerado,UBS (BRASIL) (conglomerado),,,,4801.0
2025,4º,"Demais Bancos, Financeiras e Instituições de Pagamento",Conglomerado,V3 IP (conglomerado),,,,43672.0
2025,4º,"Demais Bancos, Financeiras e Instituições de Pagamento",Conglomerado,VALOR CFI (conglomerado),,,,39566.0
2025,4º,"Demais Bancos, Financeiras e Instituições de Pagamento",Conglomerado,VIA CERTA CFI (conglomerado),,,,266039.0
2025,4º,"Demais Bancos, Financeiras e Instituições de Pagamento",Conglomerado,VISA CONECTA IP (conglomerado),,,,0.0
2025,4º,"Demais Bancos, Financeiras e Instituições de Pagamento",Conglomerado,VOLKSWAGEN (conglomerado),212.63,,,626072.0
2025,4º,"Demais Bancos, Financeiras e Instituições de Pagamento",Conglomerado,VOLVO (conglomerado),,,,9318.0
2025,4º,"Demais Bancos, Financeiras e Instituições de Pagamento",Conglomerado,VOTORANTIM (conglomerado),59.55,,,9466914.0
2025,4º,"Demais Bancos, Financeiras e Instituições de Pagamento",Conglomerado,VOX IP (conglomerado),,,,357966.0
2025,4º,"Demais Bancos, Financeiras e Instituições de Pagamento",Conglomerado,VR (conglomerado),,,,39027.0
2025,4º,"Demais Bancos, Financeiras e Instituições de Pagamento",Banco/financeira,"WILL FINANCEIRA S.A. CRÉDITO, FINANCIAMENTO E INVESTIMENTO",111.77,,,13097594.0
2025,4º,"Demais Bancos, Financeiras e Instituições de Pagamento",Conglomerado,WISE BRASIL CC (conglomerado),,,,4544271.0
2025,4º,"Demais Bancos, Financeiras e Instituições de Pagamento",Conglomerado,WOOVI IP (conglomerado),,,,2851.0
2025,4º,"Demais Bancos, Financeiras e Instituições de Pagamento",Conglomerado,XP (conglomerado),33.89,,,6963052.0
2025,4º,"Demais Bancos, Financeiras e Instituições de Pagamento",Conglomerado,YAMAHA MOTOR (conglomerado),,,,268428.0
2025,4º,"Demais Bancos, Financeiras e Instituições de Pagamento",Conglomerado,Z1 INSTITUIÇÃO DE PAGAMENTO (conglomerado),,,,8.0
2025,4º,"Demais Bancos, Financeiras e Instituições de Pagamento",Conglomerado,ZEMA CFI (conglomerado),,,,334814.0
2025,4º,"Demais Bancos, Financeiras e Instituições de Pagamento",Conglomerado,ZERO IP (conglomerado),,,,60240.0
